2026/03/11 01:59:51 - mmengine - INFO - 
------------------------------------------------------------
System environment:
    sys.platform: win32
    Python: 3.10.0 (tags/v3.10.0:b494f59, Oct  4 2021, 19:00:18) [MSC v.1929 64 bit (AMD64)]
    CUDA available: True
    MUSA available: False
    numpy_random_seed: 1808947508
    GPU 0: NVIDIA GeForce RTX 3060 Ti
    CUDA_HOME: None
    MSVC: Microsoft (R) C/C++ Optimizing Compiler Version 19.44.35219 for x64
    GCC: n/a
    PyTorch: 2.0.0+cu118
    PyTorch compiling details: PyTorch built with:
  - C++ Version: 199711
  - MSVC 193431937
  - Intel(R) Math Kernel Library Version 2020.0.2 Product Build 20200624 for Intel(R) 64 architecture applications
  - Intel(R) MKL-DNN v2.7.3 (Git Hash 6dbeffbae1f23cbbeae17adb7b5b13f1f37c080e)
  - OpenMP 2019
  - LAPACK is enabled (usually provided by MKL)
  - CPU capability usage: AVX2
  - CUDA Runtime 11.8
  - NVCC architecture flags: -gencode;arch=compute_37,code=sm_37;-gencode;arch=compute_50,code=sm_50;-gencode;arch=compute_60,code=sm_60;-gencode;arch=compute_61,code=sm_61;-gencode;arch=compute_70,code=sm_70;-gencode;arch=compute_75,code=sm_75;-gencode;arch=compute_80,code=sm_80;-gencode;arch=compute_86,code=sm_86;-gencode;arch=compute_90,code=sm_90;-gencode;arch=compute_37,code=compute_37
  - CuDNN 8.7
  - Magma 2.5.4
  - Build settings: BLAS_INFO=mkl, BUILD_TYPE=Release, CUDA_VERSION=11.8, CUDNN_VERSION=8.7.0, CXX_COMPILER=C:/actions-runner/_work/pytorch/pytorch/builder/windows/tmp_bin/sccache-cl.exe, CXX_FLAGS=/DWIN32 /D_WINDOWS /GR /EHsc /w /bigobj /FS -DUSE_PTHREADPOOL -DNDEBUG -DUSE_KINETO -DLIBKINETO_NOCUPTI -DLIBKINETO_NOROCTRACER -DUSE_FBGEMM -DUSE_XNNPACK -DSYMBOLICATE_MOBILE_DEBUG_HANDLE, LAPACK_INFO=mkl, PERF_WITH_AVX=1, PERF_WITH_AVX2=1, PERF_WITH_AVX512=1, TORCH_DISABLE_GPU_ASSERTS=OFF, TORCH_VERSION=2.0.0, USE_CUDA=ON, USE_CUDNN=ON, USE_EXCEPTION_PTR=1, USE_GFLAGS=OFF, USE_GLOG=OFF, USE_MKL=ON, USE_MKLDNN=ON, USE_MPI=OFF, USE_NCCL=OFF, USE_NNPACK=OFF, USE_OPENMP=ON, USE_ROCM=OFF, 

    TorchVision: 0.15.1+cu118
    OpenCV: 4.13.0
    MMEngine: 0.10.7

Runtime environment:
    cudnn_benchmark: False
    mp_cfg: {'mp_start_method': 'fork', 'opencv_num_threads': 0}
    dist_cfg: {'backend': 'nccl'}
    seed: 1808947508
    Distributed launcher: none
    Distributed training: False
    GPU number: 1
------------------------------------------------------------

2026/03/11 01:59:51 - mmengine - INFO - Config:
auto_scale_lr = dict(base_batch_size=16, enable=False)
backend_args = None
classes = (
    'bee',
    'chicken',
    'cow',
    'creeper',
    'enderman',
    'fox',
    'frog',
    'ghast',
    'goat',
    'llama',
    'pig',
    'sheep',
    'skeleton',
    'spider',
    'turtle',
    'wolf',
    'zombie',
)
data_root = 'datasets/minecraft/'
dataset_type = 'CocoDataset'
default_hooks = dict(
    checkpoint=dict(interval=1, type='CheckpointHook'),
    logger=dict(interval=50, type='LoggerHook'),
    param_scheduler=dict(type='ParamSchedulerHook'),
    sampler_seed=dict(type='DistSamplerSeedHook'),
    timer=dict(type='IterTimerHook'),
    visualization=dict(type='DetVisualizationHook'))
default_scope = 'mmdet'
env_cfg = dict(
    cudnn_benchmark=False,
    dist_cfg=dict(backend='nccl'),
    mp_cfg=dict(mp_start_method='fork', opencv_num_threads=0))
launcher = 'none'
load_from = 'https://download.openmmlab.com/mmdetection/v2.0/fcos/fcos_r50_caffe_fpn_gn-head_1x_coco/fcos_r50_caffe_fpn_gn-head_1x_coco-821213aa.pth'
log_level = 'INFO'
log_processor = dict(by_epoch=True, type='LogProcessor', window_size=50)
model = dict(
    backbone=dict(
        depth=50,
        frozen_stages=1,
        init_cfg=dict(
            checkpoint='open-mmlab://detectron/resnet50_caffe',
            type='Pretrained'),
        norm_cfg=dict(requires_grad=False, type='BN'),
        norm_eval=True,
        num_stages=4,
        out_indices=(
            0,
            1,
            2,
            3,
        ),
        style='caffe',
        type='ResNet'),
    bbox_head=dict(
        feat_channels=256,
        in_channels=256,
        loss_bbox=dict(loss_weight=1.0, type='IoULoss'),
        loss_centerness=dict(
            loss_weight=1.0, type='CrossEntropyLoss', use_sigmoid=True),
        loss_cls=dict(
            alpha=0.25,
            gamma=2.0,
            loss_weight=1.0,
            type='FocalLoss',
            use_sigmoid=True),
        num_classes=17,
        stacked_convs=4,
        strides=[
            8,
            16,
            32,
            64,
            128,
        ],
        type='FCOSHead'),
    data_preprocessor=dict(
        bgr_to_rgb=False,
        mean=[
            102.9801,
            115.9465,
            122.7717,
        ],
        pad_size_divisor=32,
        std=[
            1.0,
            1.0,
            1.0,
        ],
        type='DetDataPreprocessor'),
    neck=dict(
        add_extra_convs='on_output',
        in_channels=[
            256,
            512,
            1024,
            2048,
        ],
        num_outs=5,
        out_channels=256,
        relu_before_extra_convs=True,
        start_level=1,
        type='FPN'),
    test_cfg=dict(
        max_per_img=100,
        min_bbox_size=0,
        nms=dict(iou_threshold=0.5, type='nms'),
        nms_pre=1000,
        score_thr=0.05),
    type='FCOS')
optim_wrapper = dict(
    clip_grad=dict(max_norm=35, norm_type=2),
    optimizer=dict(lr=0.00125, momentum=0.9, type='SGD', weight_decay=0.0001),
    paramwise_cfg=dict(bias_decay_mult=0.0, bias_lr_mult=2.0),
    type='OptimWrapper')
param_scheduler = [
    dict(
        begin=0, by_epoch=False, end=500, start_factor=0.001, type='LinearLR'),
    dict(
        begin=0,
        by_epoch=True,
        end=100,
        gamma=0.1,
        milestones=[
            70,
            90,
        ],
        type='MultiStepLR'),
]
resume = False
test_cfg = dict(type='TestLoop')
test_dataloader = dict(
    batch_size=1,
    dataset=dict(
        ann_file='valid/annotations.json',
        backend_args=None,
        data_prefix=dict(img='valid/'),
        data_root='datasets/minecraft/',
        metainfo=dict(
            classes=(
                'bee',
                'chicken',
                'cow',
                'creeper',
                'enderman',
                'fox',
                'frog',
                'ghast',
                'goat',
                'llama',
                'pig',
                'sheep',
                'skeleton',
                'spider',
                'turtle',
                'wolf',
                'zombie',
            )),
        pipeline=[
            dict(type='LoadImageFromFile'),
            dict(keep_ratio=True, scale=(
                512,
                512,
            ), type='Resize'),
            dict(type='LoadAnnotations', with_bbox=True),
            dict(
                meta_keys=(
                    'img_id',
                    'img_path',
                    'ori_shape',
                    'img_shape',
                    'scale_factor',
                ),
                type='PackDetInputs'),
        ],
        test_mode=True,
        type='CocoDataset'),
    drop_last=False,
    num_workers=2,
    persistent_workers=True,
    sampler=dict(shuffle=False, type='DefaultSampler'))
test_evaluator = dict(
    ann_file='datasets/minecraft/valid/annotations.json',
    backend_args=None,
    format_only=False,
    metric='bbox',
    type='CocoMetric')
test_pipeline = [
    dict(backend_args=None, type='LoadImageFromFile'),
    dict(keep_ratio=True, scale=(
        1333,
        800,
    ), type='Resize'),
    dict(type='LoadAnnotations', with_bbox=True),
    dict(
        meta_keys=(
            'img_id',
            'img_path',
            'ori_shape',
            'img_shape',
            'scale_factor',
        ),
        type='PackDetInputs'),
]
train_cfg = dict(max_epochs=100, type='EpochBasedTrainLoop', val_interval=1)
train_dataloader = dict(
    batch_sampler=dict(type='AspectRatioBatchSampler'),
    batch_size=2,
    dataset=dict(
        ann_file='train/annotations.json',
        backend_args=None,
        data_prefix=dict(img='train/'),
        data_root='datasets/minecraft/',
        filter_cfg=dict(filter_empty_gt=True, min_size=32),
        metainfo=dict(
            classes=(
                'bee',
                'chicken',
                'cow',
                'creeper',
                'enderman',
                'fox',
                'frog',
                'ghast',
                'goat',
                'llama',
                'pig',
                'sheep',
                'skeleton',
                'spider',
                'turtle',
                'wolf',
                'zombie',
            )),
        pipeline=[
            dict(type='LoadImageFromFile'),
            dict(type='LoadAnnotations', with_bbox=True),
            dict(keep_ratio=True, scale=(
                512,
                512,
            ), type='Resize'),
            dict(prob=0.5, type='RandomFlip'),
            dict(type='PackDetInputs'),
        ],
        type='CocoDataset'),
    num_workers=2,
    persistent_workers=True,
    sampler=dict(shuffle=True, type='DefaultSampler'))
train_pipeline = [
    dict(type='LoadImageFromFile'),
    dict(type='LoadAnnotations', with_bbox=True),
    dict(keep_ratio=True, scale=(
        512,
        512,
    ), type='Resize'),
    dict(prob=0.5, type='RandomFlip'),
    dict(type='PackDetInputs'),
]
val_cfg = dict(type='ValLoop')
val_dataloader = dict(
    batch_size=1,
    dataset=dict(
        ann_file='valid/annotations.json',
        backend_args=None,
        data_prefix=dict(img='valid/'),
        data_root='datasets/minecraft/',
        metainfo=dict(
            classes=(
                'bee',
                'chicken',
                'cow',
                'creeper',
                'enderman',
                'fox',
                'frog',
                'ghast',
                'goat',
                'llama',
                'pig',
                'sheep',
                'skeleton',
                'spider',
                'turtle',
                'wolf',
                'zombie',
            )),
        pipeline=[
            dict(type='LoadImageFromFile'),
            dict(keep_ratio=True, scale=(
                512,
                512,
            ), type='Resize'),
            dict(type='LoadAnnotations', with_bbox=True),
            dict(
                meta_keys=(
                    'img_id',
                    'img_path',
                    'ori_shape',
                    'img_shape',
                    'scale_factor',
                ),
                type='PackDetInputs'),
        ],
        test_mode=True,
        type='CocoDataset'),
    drop_last=False,
    num_workers=2,
    persistent_workers=True,
    sampler=dict(shuffle=False, type='DefaultSampler'))
val_evaluator = dict(
    ann_file='datasets/minecraft/valid/annotations.json',
    backend_args=None,
    format_only=False,
    metric='bbox',
    type='CocoMetric')
vis_backends = [
    dict(type='LocalVisBackend'),
]
visualizer = dict(
    name='visualizer',
    type='DetLocalVisualizer',
    vis_backends=[
        dict(type='LocalVisBackend'),
    ])
work_dir = 'artifacts/fcos'

2026/03/11 01:59:52 - mmengine - INFO - Distributed training is not used, all SyncBatchNorm (SyncBN) layers in the model will be automatically reverted to BatchNormXd layers if they are used.
2026/03/11 01:59:52 - mmengine - INFO - Hooks will be executed in the following order:
before_run:
(VERY_HIGH   ) RuntimeInfoHook                    
(BELOW_NORMAL) LoggerHook                         
 -------------------- 
before_train:
(VERY_HIGH   ) RuntimeInfoHook                    
(NORMAL      ) IterTimerHook                      
(VERY_LOW    ) CheckpointHook                     
 -------------------- 
before_train_epoch:
(VERY_HIGH   ) RuntimeInfoHook                    
(NORMAL      ) IterTimerHook                      
(NORMAL      ) DistSamplerSeedHook                
 -------------------- 
before_train_iter:
(VERY_HIGH   ) RuntimeInfoHook                    
(NORMAL      ) IterTimerHook                      
 -------------------- 
after_train_iter:
(VERY_HIGH   ) RuntimeInfoHook                    
(NORMAL      ) IterTimerHook                      
(BELOW_NORMAL) LoggerHook                         
(LOW         ) ParamSchedulerHook                 
(VERY_LOW    ) CheckpointHook                     
 -------------------- 
after_train_epoch:
(NORMAL      ) IterTimerHook                      
(LOW         ) ParamSchedulerHook                 
(VERY_LOW    ) CheckpointHook                     
 -------------------- 
before_val:
(VERY_HIGH   ) RuntimeInfoHook                    
 -------------------- 
before_val_epoch:
(NORMAL      ) IterTimerHook                      
 -------------------- 
before_val_iter:
(NORMAL      ) IterTimerHook                      
 -------------------- 
after_val_iter:
(NORMAL      ) IterTimerHook                      
(NORMAL      ) DetVisualizationHook               
(BELOW_NORMAL) LoggerHook                         
 -------------------- 
after_val_epoch:
(VERY_HIGH   ) RuntimeInfoHook                    
(NORMAL      ) IterTimerHook                      
(BELOW_NORMAL) LoggerHook                         
(LOW         ) ParamSchedulerHook                 
(VERY_LOW    ) CheckpointHook                     
 -------------------- 
after_val:
(VERY_HIGH   ) RuntimeInfoHook                    
 -------------------- 
after_train:
(VERY_HIGH   ) RuntimeInfoHook                    
(VERY_LOW    ) CheckpointHook                     
 -------------------- 
before_test:
(VERY_HIGH   ) RuntimeInfoHook                    
 -------------------- 
before_test_epoch:
(NORMAL      ) IterTimerHook                      
 -------------------- 
before_test_iter:
(NORMAL      ) IterTimerHook                      
 -------------------- 
after_test_iter:
(NORMAL      ) IterTimerHook                      
(NORMAL      ) DetVisualizationHook               
(BELOW_NORMAL) LoggerHook                         
 -------------------- 
after_test_epoch:
(VERY_HIGH   ) RuntimeInfoHook                    
(NORMAL      ) IterTimerHook                      
(BELOW_NORMAL) LoggerHook                         
 -------------------- 
after_test:
(VERY_HIGH   ) RuntimeInfoHook                    
 -------------------- 
after_run:
(BELOW_NORMAL) LoggerHook                         
 -------------------- 
2026/03/11 01:59:53 - mmengine - WARNING - backbone.conv1.weight is skipped since its requires_grad=False
2026/03/11 01:59:53 - mmengine - WARNING - backbone.bn1.weight is skipped since its requires_grad=False
2026/03/11 01:59:53 - mmengine - WARNING - backbone.bn1.bias is skipped since its requires_grad=False
2026/03/11 01:59:53 - mmengine - WARNING - backbone.layer1.0.conv1.weight is skipped since its requires_grad=False
2026/03/11 01:59:53 - mmengine - WARNING - backbone.layer1.0.bn1.weight is skipped since its requires_grad=False
2026/03/11 01:59:53 - mmengine - WARNING - backbone.layer1.0.bn1.bias is skipped since its requires_grad=False
2026/03/11 01:59:53 - mmengine - WARNING - backbone.layer1.0.conv2.weight is skipped since its requires_grad=False
2026/03/11 01:59:53 - mmengine - WARNING - backbone.layer1.0.bn2.weight is skipped since its requires_grad=False
2026/03/11 01:59:53 - mmengine - WARNING - backbone.layer1.0.bn2.bias is skipped since its requires_grad=False
2026/03/11 01:59:53 - mmengine - WARNING - backbone.layer1.0.conv3.weight is skipped since its requires_grad=False
2026/03/11 01:59:53 - mmengine - WARNING - backbone.layer1.0.bn3.weight is skipped since its requires_grad=False
2026/03/11 01:59:53 - mmengine - WARNING - backbone.layer1.0.bn3.bias is skipped since its requires_grad=False
2026/03/11 01:59:53 - mmengine - WARNING - backbone.layer1.0.downsample.0.weight is skipped since its requires_grad=False
2026/03/11 01:59:53 - mmengine - WARNING - backbone.layer1.0.downsample.1.weight is skipped since its requires_grad=False
2026/03/11 01:59:53 - mmengine - WARNING - backbone.layer1.0.downsample.1.bias is skipped since its requires_grad=False
2026/03/11 01:59:53 - mmengine - WARNING - backbone.layer1.1.conv1.weight is skipped since its requires_grad=False
2026/03/11 01:59:53 - mmengine - WARNING - backbone.layer1.1.bn1.weight is skipped since its requires_grad=False
2026/03/11 01:59:53 - mmengine - WARNING - backbone.layer1.1.bn1.bias is skipped since its requires_grad=False
2026/03/11 01:59:53 - mmengine - WARNING - backbone.layer1.1.conv2.weight is skipped since its requires_grad=False
2026/03/11 01:59:53 - mmengine - WARNING - backbone.layer1.1.bn2.weight is skipped since its requires_grad=False
2026/03/11 01:59:53 - mmengine - WARNING - backbone.layer1.1.bn2.bias is skipped since its requires_grad=False
2026/03/11 01:59:53 - mmengine - WARNING - backbone.layer1.1.conv3.weight is skipped since its requires_grad=False
2026/03/11 01:59:53 - mmengine - WARNING - backbone.layer1.1.bn3.weight is skipped since its requires_grad=False
2026/03/11 01:59:53 - mmengine - WARNING - backbone.layer1.1.bn3.bias is skipped since its requires_grad=False
2026/03/11 01:59:53 - mmengine - WARNING - backbone.layer1.2.conv1.weight is skipped since its requires_grad=False
2026/03/11 01:59:53 - mmengine - WARNING - backbone.layer1.2.bn1.weight is skipped since its requires_grad=False
2026/03/11 01:59:53 - mmengine - WARNING - backbone.layer1.2.bn1.bias is skipped since its requires_grad=False
2026/03/11 01:59:53 - mmengine - WARNING - backbone.layer1.2.conv2.weight is skipped since its requires_grad=False
2026/03/11 01:59:53 - mmengine - WARNING - backbone.layer1.2.bn2.weight is skipped since its requires_grad=False
2026/03/11 01:59:53 - mmengine - WARNING - backbone.layer1.2.bn2.bias is skipped since its requires_grad=False
2026/03/11 01:59:53 - mmengine - WARNING - backbone.layer1.2.conv3.weight is skipped since its requires_grad=False
2026/03/11 01:59:53 - mmengine - WARNING - backbone.layer1.2.bn3.weight is skipped since its requires_grad=False
2026/03/11 01:59:53 - mmengine - WARNING - backbone.layer1.2.bn3.bias is skipped since its requires_grad=False
2026/03/11 01:59:53 - mmengine - WARNING - backbone.layer2.0.bn1.weight is skipped since its requires_grad=False
2026/03/11 01:59:53 - mmengine - WARNING - backbone.layer2.0.bn1.bias is skipped since its requires_grad=False
2026/03/11 01:59:53 - mmengine - WARNING - backbone.layer2.0.bn2.weight is skipped since its requires_grad=False
2026/03/11 01:59:53 - mmengine - WARNING - backbone.layer2.0.bn2.bias is skipped since its requires_grad=False
2026/03/11 01:59:53 - mmengine - WARNING - backbone.layer2.0.bn3.weight is skipped since its requires_grad=False
2026/03/11 01:59:53 - mmengine - WARNING - backbone.layer2.0.bn3.bias is skipped since its requires_grad=False
2026/03/11 01:59:53 - mmengine - WARNING - backbone.layer2.0.downsample.1.weight is skipped since its requires_grad=False
2026/03/11 01:59:53 - mmengine - WARNING - backbone.layer2.0.downsample.1.bias is skipped since its requires_grad=False
2026/03/11 01:59:53 - mmengine - WARNING - backbone.layer2.1.bn1.weight is skipped since its requires_grad=False
2026/03/11 01:59:53 - mmengine - WARNING - backbone.layer2.1.bn1.bias is skipped since its requires_grad=False
2026/03/11 01:59:53 - mmengine - WARNING - backbone.layer2.1.bn2.weight is skipped since its requires_grad=False
2026/03/11 01:59:53 - mmengine - WARNING - backbone.layer2.1.bn2.bias is skipped since its requires_grad=False
2026/03/11 01:59:53 - mmengine - WARNING - backbone.layer2.1.bn3.weight is skipped since its requires_grad=False
2026/03/11 01:59:53 - mmengine - WARNING - backbone.layer2.1.bn3.bias is skipped since its requires_grad=False
2026/03/11 01:59:53 - mmengine - WARNING - backbone.layer2.2.bn1.weight is skipped since its requires_grad=False
2026/03/11 01:59:53 - mmengine - WARNING - backbone.layer2.2.bn1.bias is skipped since its requires_grad=False
2026/03/11 01:59:53 - mmengine - WARNING - backbone.layer2.2.bn2.weight is skipped since its requires_grad=False
2026/03/11 01:59:53 - mmengine - WARNING - backbone.layer2.2.bn2.bias is skipped since its requires_grad=False
2026/03/11 01:59:53 - mmengine - WARNING - backbone.layer2.2.bn3.weight is skipped since its requires_grad=False
2026/03/11 01:59:53 - mmengine - WARNING - backbone.layer2.2.bn3.bias is skipped since its requires_grad=False
2026/03/11 01:59:53 - mmengine - WARNING - backbone.layer2.3.bn1.weight is skipped since its requires_grad=False
2026/03/11 01:59:53 - mmengine - WARNING - backbone.layer2.3.bn1.bias is skipped since its requires_grad=False
2026/03/11 01:59:53 - mmengine - WARNING - backbone.layer2.3.bn2.weight is skipped since its requires_grad=False
2026/03/11 01:59:53 - mmengine - WARNING - backbone.layer2.3.bn2.bias is skipped since its requires_grad=False
2026/03/11 01:59:53 - mmengine - WARNING - backbone.layer2.3.bn3.weight is skipped since its requires_grad=False
2026/03/11 01:59:53 - mmengine - WARNING - backbone.layer2.3.bn3.bias is skipped since its requires_grad=False
2026/03/11 01:59:53 - mmengine - WARNING - backbone.layer3.0.bn1.weight is skipped since its requires_grad=False
2026/03/11 01:59:53 - mmengine - WARNING - backbone.layer3.0.bn1.bias is skipped since its requires_grad=False
2026/03/11 01:59:53 - mmengine - WARNING - backbone.layer3.0.bn2.weight is skipped since its requires_grad=False
2026/03/11 01:59:53 - mmengine - WARNING - backbone.layer3.0.bn2.bias is skipped since its requires_grad=False
2026/03/11 01:59:53 - mmengine - WARNING - backbone.layer3.0.bn3.weight is skipped since its requires_grad=False
2026/03/11 01:59:53 - mmengine - WARNING - backbone.layer3.0.bn3.bias is skipped since its requires_grad=False
2026/03/11 01:59:53 - mmengine - WARNING - backbone.layer3.0.downsample.1.weight is skipped since its requires_grad=False
2026/03/11 01:59:53 - mmengine - WARNING - backbone.layer3.0.downsample.1.bias is skipped since its requires_grad=False
2026/03/11 01:59:53 - mmengine - WARNING - backbone.layer3.1.bn1.weight is skipped since its requires_grad=False
2026/03/11 01:59:53 - mmengine - WARNING - backbone.layer3.1.bn1.bias is skipped since its requires_grad=False
2026/03/11 01:59:53 - mmengine - WARNING - backbone.layer3.1.bn2.weight is skipped since its requires_grad=False
2026/03/11 01:59:53 - mmengine - WARNING - backbone.layer3.1.bn2.bias is skipped since its requires_grad=False
2026/03/11 01:59:53 - mmengine - WARNING - backbone.layer3.1.bn3.weight is skipped since its requires_grad=False
2026/03/11 01:59:53 - mmengine - WARNING - backbone.layer3.1.bn3.bias is skipped since its requires_grad=False
2026/03/11 01:59:53 - mmengine - WARNING - backbone.layer3.2.bn1.weight is skipped since its requires_grad=False
2026/03/11 01:59:53 - mmengine - WARNING - backbone.layer3.2.bn1.bias is skipped since its requires_grad=False
2026/03/11 01:59:53 - mmengine - WARNING - backbone.layer3.2.bn2.weight is skipped since its requires_grad=False
2026/03/11 01:59:53 - mmengine - WARNING - backbone.layer3.2.bn2.bias is skipped since its requires_grad=False
2026/03/11 01:59:53 - mmengine - WARNING - backbone.layer3.2.bn3.weight is skipped since its requires_grad=False
2026/03/11 01:59:53 - mmengine - WARNING - backbone.layer3.2.bn3.bias is skipped since its requires_grad=False
2026/03/11 01:59:53 - mmengine - WARNING - backbone.layer3.3.bn1.weight is skipped since its requires_grad=False
2026/03/11 01:59:53 - mmengine - WARNING - backbone.layer3.3.bn1.bias is skipped since its requires_grad=False
2026/03/11 01:59:53 - mmengine - WARNING - backbone.layer3.3.bn2.weight is skipped since its requires_grad=False
2026/03/11 01:59:53 - mmengine - WARNING - backbone.layer3.3.bn2.bias is skipped since its requires_grad=False
2026/03/11 01:59:53 - mmengine - WARNING - backbone.layer3.3.bn3.weight is skipped since its requires_grad=False
2026/03/11 01:59:53 - mmengine - WARNING - backbone.layer3.3.bn3.bias is skipped since its requires_grad=False
2026/03/11 01:59:53 - mmengine - WARNING - backbone.layer3.4.bn1.weight is skipped since its requires_grad=False
2026/03/11 01:59:53 - mmengine - WARNING - backbone.layer3.4.bn1.bias is skipped since its requires_grad=False
2026/03/11 01:59:53 - mmengine - WARNING - backbone.layer3.4.bn2.weight is skipped since its requires_grad=False
2026/03/11 01:59:53 - mmengine - WARNING - backbone.layer3.4.bn2.bias is skipped since its requires_grad=False
2026/03/11 01:59:53 - mmengine - WARNING - backbone.layer3.4.bn3.weight is skipped since its requires_grad=False
2026/03/11 01:59:53 - mmengine - WARNING - backbone.layer3.4.bn3.bias is skipped since its requires_grad=False
2026/03/11 01:59:53 - mmengine - WARNING - backbone.layer3.5.bn1.weight is skipped since its requires_grad=False
2026/03/11 01:59:53 - mmengine - WARNING - backbone.layer3.5.bn1.bias is skipped since its requires_grad=False
2026/03/11 01:59:53 - mmengine - WARNING - backbone.layer3.5.bn2.weight is skipped since its requires_grad=False
2026/03/11 01:59:53 - mmengine - WARNING - backbone.layer3.5.bn2.bias is skipped since its requires_grad=False
2026/03/11 01:59:53 - mmengine - WARNING - backbone.layer3.5.bn3.weight is skipped since its requires_grad=False
2026/03/11 01:59:53 - mmengine - WARNING - backbone.layer3.5.bn3.bias is skipped since its requires_grad=False
2026/03/11 01:59:53 - mmengine - WARNING - backbone.layer4.0.bn1.weight is skipped since its requires_grad=False
2026/03/11 01:59:53 - mmengine - WARNING - backbone.layer4.0.bn1.bias is skipped since its requires_grad=False
2026/03/11 01:59:53 - mmengine - WARNING - backbone.layer4.0.bn2.weight is skipped since its requires_grad=False
2026/03/11 01:59:53 - mmengine - WARNING - backbone.layer4.0.bn2.bias is skipped since its requires_grad=False
2026/03/11 01:59:53 - mmengine - WARNING - backbone.layer4.0.bn3.weight is skipped since its requires_grad=False
2026/03/11 01:59:53 - mmengine - WARNING - backbone.layer4.0.bn3.bias is skipped since its requires_grad=False
2026/03/11 01:59:53 - mmengine - WARNING - backbone.layer4.0.downsample.1.weight is skipped since its requires_grad=False
2026/03/11 01:59:53 - mmengine - WARNING - backbone.layer4.0.downsample.1.bias is skipped since its requires_grad=False
2026/03/11 01:59:53 - mmengine - WARNING - backbone.layer4.1.bn1.weight is skipped since its requires_grad=False
2026/03/11 01:59:53 - mmengine - WARNING - backbone.layer4.1.bn1.bias is skipped since its requires_grad=False
2026/03/11 01:59:53 - mmengine - WARNING - backbone.layer4.1.bn2.weight is skipped since its requires_grad=False
2026/03/11 01:59:53 - mmengine - WARNING - backbone.layer4.1.bn2.bias is skipped since its requires_grad=False
2026/03/11 01:59:53 - mmengine - WARNING - backbone.layer4.1.bn3.weight is skipped since its requires_grad=False
2026/03/11 01:59:53 - mmengine - WARNING - backbone.layer4.1.bn3.bias is skipped since its requires_grad=False
2026/03/11 01:59:53 - mmengine - WARNING - backbone.layer4.2.bn1.weight is skipped since its requires_grad=False
2026/03/11 01:59:53 - mmengine - WARNING - backbone.layer4.2.bn1.bias is skipped since its requires_grad=False
2026/03/11 01:59:53 - mmengine - WARNING - backbone.layer4.2.bn2.weight is skipped since its requires_grad=False
2026/03/11 01:59:53 - mmengine - WARNING - backbone.layer4.2.bn2.bias is skipped since its requires_grad=False
2026/03/11 01:59:53 - mmengine - WARNING - backbone.layer4.2.bn3.weight is skipped since its requires_grad=False
2026/03/11 01:59:53 - mmengine - WARNING - backbone.layer4.2.bn3.bias is skipped since its requires_grad=False
2026/03/11 01:59:53 - mmengine - INFO - paramwise_options -- neck.lateral_convs.0.conv.bias:lr=0.0025
2026/03/11 01:59:53 - mmengine - INFO - paramwise_options -- neck.lateral_convs.0.conv.bias:weight_decay=0.0
2026/03/11 01:59:53 - mmengine - INFO - paramwise_options -- neck.lateral_convs.1.conv.bias:lr=0.0025
2026/03/11 01:59:53 - mmengine - INFO - paramwise_options -- neck.lateral_convs.1.conv.bias:weight_decay=0.0
2026/03/11 01:59:53 - mmengine - INFO - paramwise_options -- neck.lateral_convs.2.conv.bias:lr=0.0025
2026/03/11 01:59:53 - mmengine - INFO - paramwise_options -- neck.lateral_convs.2.conv.bias:weight_decay=0.0
2026/03/11 01:59:53 - mmengine - INFO - paramwise_options -- neck.fpn_convs.0.conv.bias:lr=0.0025
2026/03/11 01:59:53 - mmengine - INFO - paramwise_options -- neck.fpn_convs.0.conv.bias:weight_decay=0.0
2026/03/11 01:59:53 - mmengine - INFO - paramwise_options -- neck.fpn_convs.1.conv.bias:lr=0.0025
2026/03/11 01:59:53 - mmengine - INFO - paramwise_options -- neck.fpn_convs.1.conv.bias:weight_decay=0.0
2026/03/11 01:59:53 - mmengine - INFO - paramwise_options -- neck.fpn_convs.2.conv.bias:lr=0.0025
2026/03/11 01:59:53 - mmengine - INFO - paramwise_options -- neck.fpn_convs.2.conv.bias:weight_decay=0.0
2026/03/11 01:59:53 - mmengine - INFO - paramwise_options -- neck.fpn_convs.3.conv.bias:lr=0.0025
2026/03/11 01:59:53 - mmengine - INFO - paramwise_options -- neck.fpn_convs.3.conv.bias:weight_decay=0.0
2026/03/11 01:59:53 - mmengine - INFO - paramwise_options -- neck.fpn_convs.4.conv.bias:lr=0.0025
2026/03/11 01:59:53 - mmengine - INFO - paramwise_options -- neck.fpn_convs.4.conv.bias:weight_decay=0.0
2026/03/11 01:59:53 - mmengine - INFO - paramwise_options -- bbox_head.cls_convs.0.gn.bias:weight_decay=0.0
2026/03/11 01:59:53 - mmengine - INFO - paramwise_options -- bbox_head.cls_convs.1.gn.bias:weight_decay=0.0
2026/03/11 01:59:53 - mmengine - INFO - paramwise_options -- bbox_head.cls_convs.2.gn.bias:weight_decay=0.0
2026/03/11 01:59:53 - mmengine - INFO - paramwise_options -- bbox_head.cls_convs.3.gn.bias:weight_decay=0.0
2026/03/11 01:59:53 - mmengine - INFO - paramwise_options -- bbox_head.reg_convs.0.gn.bias:weight_decay=0.0
2026/03/11 01:59:53 - mmengine - INFO - paramwise_options -- bbox_head.reg_convs.1.gn.bias:weight_decay=0.0
2026/03/11 01:59:53 - mmengine - INFO - paramwise_options -- bbox_head.reg_convs.2.gn.bias:weight_decay=0.0
2026/03/11 01:59:53 - mmengine - INFO - paramwise_options -- bbox_head.reg_convs.3.gn.bias:weight_decay=0.0
2026/03/11 01:59:53 - mmengine - INFO - paramwise_options -- bbox_head.conv_cls.bias:lr=0.0025
2026/03/11 01:59:53 - mmengine - INFO - paramwise_options -- bbox_head.conv_cls.bias:weight_decay=0.0
2026/03/11 01:59:53 - mmengine - INFO - paramwise_options -- bbox_head.conv_reg.bias:lr=0.0025
2026/03/11 01:59:53 - mmengine - INFO - paramwise_options -- bbox_head.conv_reg.bias:weight_decay=0.0
2026/03/11 01:59:53 - mmengine - INFO - paramwise_options -- bbox_head.conv_centerness.bias:lr=0.0025
2026/03/11 01:59:53 - mmengine - INFO - paramwise_options -- bbox_head.conv_centerness.bias:weight_decay=0.0
2026/03/11 01:59:53 - mmengine - INFO - load model from: open-mmlab://detectron/resnet50_caffe
2026/03/11 01:59:53 - mmengine - INFO - Loads checkpoint by openmmlab backend from path: open-mmlab://detectron/resnet50_caffe
2026/03/11 01:59:54 - mmengine - WARNING - The model and loaded state dict do not match exactly

unexpected key in source state_dict: conv1.bias, layer1.0.conv1.bias, layer1.0.conv2.bias, layer1.0.conv3.bias, layer1.0.downsample.0.bias, layer1.1.conv1.bias, layer1.1.conv2.bias, layer1.1.conv3.bias, layer1.2.conv1.bias, layer1.2.conv2.bias, layer1.2.conv3.bias, layer2.0.conv1.bias, layer2.0.conv2.bias, layer2.0.conv3.bias, layer2.0.downsample.0.bias, layer2.1.conv1.bias, layer2.1.conv2.bias, layer2.1.conv3.bias, layer2.2.conv1.bias, layer2.2.conv2.bias, layer2.2.conv3.bias, layer2.3.conv1.bias, layer2.3.conv2.bias, layer2.3.conv3.bias, layer3.0.conv1.bias, layer3.0.conv2.bias, layer3.0.conv3.bias, layer3.0.downsample.0.bias, layer3.1.conv1.bias, layer3.1.conv2.bias, layer3.1.conv3.bias, layer3.2.conv1.bias, layer3.2.conv2.bias, layer3.2.conv3.bias, layer3.3.conv1.bias, layer3.3.conv2.bias, layer3.3.conv3.bias, layer3.4.conv1.bias, layer3.4.conv2.bias, layer3.4.conv3.bias, layer3.5.conv1.bias, layer3.5.conv2.bias, layer3.5.conv3.bias, layer4.0.conv1.bias, layer4.0.conv2.bias, layer4.0.conv3.bias, layer4.0.downsample.0.bias, layer4.1.conv1.bias, layer4.1.conv2.bias, layer4.1.conv3.bias, layer4.2.conv1.bias, layer4.2.conv2.bias, layer4.2.conv3.bias

Name of parameter - Initialization information

backbone.conv1.weight - torch.Size([64, 3, 7, 7]): 
PretrainedInit: load from open-mmlab://detectron/resnet50_caffe 

backbone.bn1.weight - torch.Size([64]): 
PretrainedInit: load from open-mmlab://detectron/resnet50_caffe 

backbone.bn1.bias - torch.Size([64]): 
PretrainedInit: load from open-mmlab://detectron/resnet50_caffe 

backbone.layer1.0.conv1.weight - torch.Size([64, 64, 1, 1]): 
PretrainedInit: load from open-mmlab://detectron/resnet50_caffe 

backbone.layer1.0.bn1.weight - torch.Size([64]): 
PretrainedInit: load from open-mmlab://detectron/resnet50_caffe 

backbone.layer1.0.bn1.bias - torch.Size([64]): 
PretrainedInit: load from open-mmlab://detectron/resnet50_caffe 

backbone.layer1.0.conv2.weight - torch.Size([64, 64, 3, 3]): 
PretrainedInit: load from open-mmlab://detectron/resnet50_caffe 

backbone.layer1.0.bn2.weight - torch.Size([64]): 
PretrainedInit: load from open-mmlab://detectron/resnet50_caffe 

backbone.layer1.0.bn2.bias - torch.Size([64]): 
PretrainedInit: load from open-mmlab://detectron/resnet50_caffe 

backbone.layer1.0.conv3.weight - torch.Size([256, 64, 1, 1]): 
PretrainedInit: load from open-mmlab://detectron/resnet50_caffe 

backbone.layer1.0.bn3.weight - torch.Size([256]): 
PretrainedInit: load from open-mmlab://detectron/resnet50_caffe 

backbone.layer1.0.bn3.bias - torch.Size([256]): 
PretrainedInit: load from open-mmlab://detectron/resnet50_caffe 

backbone.layer1.0.downsample.0.weight - torch.Size([256, 64, 1, 1]): 
PretrainedInit: load from open-mmlab://detectron/resnet50_caffe 

backbone.layer1.0.downsample.1.weight - torch.Size([256]): 
PretrainedInit: load from open-mmlab://detectron/resnet50_caffe 

backbone.layer1.0.downsample.1.bias - torch.Size([256]): 
PretrainedInit: load from open-mmlab://detectron/resnet50_caffe 

backbone.layer1.1.conv1.weight - torch.Size([64, 256, 1, 1]): 
PretrainedInit: load from open-mmlab://detectron/resnet50_caffe 

backbone.layer1.1.bn1.weight - torch.Size([64]): 
PretrainedInit: load from open-mmlab://detectron/resnet50_caffe 

backbone.layer1.1.bn1.bias - torch.Size([64]): 
PretrainedInit: load from open-mmlab://detectron/resnet50_caffe 

backbone.layer1.1.conv2.weight - torch.Size([64, 64, 3, 3]): 
PretrainedInit: load from open-mmlab://detectron/resnet50_caffe 

backbone.layer1.1.bn2.weight - torch.Size([64]): 
PretrainedInit: load from open-mmlab://detectron/resnet50_caffe 

backbone.layer1.1.bn2.bias - torch.Size([64]): 
PretrainedInit: load from open-mmlab://detectron/resnet50_caffe 

backbone.layer1.1.conv3.weight - torch.Size([256, 64, 1, 1]): 
PretrainedInit: load from open-mmlab://detectron/resnet50_caffe 

backbone.layer1.1.bn3.weight - torch.Size([256]): 
PretrainedInit: load from open-mmlab://detectron/resnet50_caffe 

backbone.layer1.1.bn3.bias - torch.Size([256]): 
PretrainedInit: load from open-mmlab://detectron/resnet50_caffe 

backbone.layer1.2.conv1.weight - torch.Size([64, 256, 1, 1]): 
PretrainedInit: load from open-mmlab://detectron/resnet50_caffe 

backbone.layer1.2.bn1.weight - torch.Size([64]): 
PretrainedInit: load from open-mmlab://detectron/resnet50_caffe 

backbone.layer1.2.bn1.bias - torch.Size([64]): 
PretrainedInit: load from open-mmlab://detectron/resnet50_caffe 

backbone.layer1.2.conv2.weight - torch.Size([64, 64, 3, 3]): 
PretrainedInit: load from open-mmlab://detectron/resnet50_caffe 

backbone.layer1.2.bn2.weight - torch.Size([64]): 
PretrainedInit: load from open-mmlab://detectron/resnet50_caffe 

backbone.layer1.2.bn2.bias - torch.Size([64]): 
PretrainedInit: load from open-mmlab://detectron/resnet50_caffe 

backbone.layer1.2.conv3.weight - torch.Size([256, 64, 1, 1]): 
PretrainedInit: load from open-mmlab://detectron/resnet50_caffe 

backbone.layer1.2.bn3.weight - torch.Size([256]): 
PretrainedInit: load from open-mmlab://detectron/resnet50_caffe 

backbone.layer1.2.bn3.bias - torch.Size([256]): 
PretrainedInit: load from open-mmlab://detectron/resnet50_caffe 

backbone.layer2.0.conv1.weight - torch.Size([128, 256, 1, 1]): 
PretrainedInit: load from open-mmlab://detectron/resnet50_caffe 

backbone.layer2.0.bn1.weight - torch.Size([128]): 
PretrainedInit: load from open-mmlab://detectron/resnet50_caffe 

backbone.layer2.0.bn1.bias - torch.Size([128]): 
PretrainedInit: load from open-mmlab://detectron/resnet50_caffe 

backbone.layer2.0.conv2.weight - torch.Size([128, 128, 3, 3]): 
PretrainedInit: load from open-mmlab://detectron/resnet50_caffe 

backbone.layer2.0.bn2.weight - torch.Size([128]): 
PretrainedInit: load from open-mmlab://detectron/resnet50_caffe 

backbone.layer2.0.bn2.bias - torch.Size([128]): 
PretrainedInit: load from open-mmlab://detectron/resnet50_caffe 

backbone.layer2.0.conv3.weight - torch.Size([512, 128, 1, 1]): 
PretrainedInit: load from open-mmlab://detectron/resnet50_caffe 

backbone.layer2.0.bn3.weight - torch.Size([512]): 
PretrainedInit: load from open-mmlab://detectron/resnet50_caffe 

backbone.layer2.0.bn3.bias - torch.Size([512]): 
PretrainedInit: load from open-mmlab://detectron/resnet50_caffe 

backbone.layer2.0.downsample.0.weight - torch.Size([512, 256, 1, 1]): 
PretrainedInit: load from open-mmlab://detectron/resnet50_caffe 

backbone.layer2.0.downsample.1.weight - torch.Size([512]): 
PretrainedInit: load from open-mmlab://detectron/resnet50_caffe 

backbone.layer2.0.downsample.1.bias - torch.Size([512]): 
PretrainedInit: load from open-mmlab://detectron/resnet50_caffe 

backbone.layer2.1.conv1.weight - torch.Size([128, 512, 1, 1]): 
PretrainedInit: load from open-mmlab://detectron/resnet50_caffe 

backbone.layer2.1.bn1.weight - torch.Size([128]): 
PretrainedInit: load from open-mmlab://detectron/resnet50_caffe 

backbone.layer2.1.bn1.bias - torch.Size([128]): 
PretrainedInit: load from open-mmlab://detectron/resnet50_caffe 

backbone.layer2.1.conv2.weight - torch.Size([128, 128, 3, 3]): 
PretrainedInit: load from open-mmlab://detectron/resnet50_caffe 

backbone.layer2.1.bn2.weight - torch.Size([128]): 
PretrainedInit: load from open-mmlab://detectron/resnet50_caffe 

backbone.layer2.1.bn2.bias - torch.Size([128]): 
PretrainedInit: load from open-mmlab://detectron/resnet50_caffe 

backbone.layer2.1.conv3.weight - torch.Size([512, 128, 1, 1]): 
PretrainedInit: load from open-mmlab://detectron/resnet50_caffe 

backbone.layer2.1.bn3.weight - torch.Size([512]): 
PretrainedInit: load from open-mmlab://detectron/resnet50_caffe 

backbone.layer2.1.bn3.bias - torch.Size([512]): 
PretrainedInit: load from open-mmlab://detectron/resnet50_caffe 

backbone.layer2.2.conv1.weight - torch.Size([128, 512, 1, 1]): 
PretrainedInit: load from open-mmlab://detectron/resnet50_caffe 

backbone.layer2.2.bn1.weight - torch.Size([128]): 
PretrainedInit: load from open-mmlab://detectron/resnet50_caffe 

backbone.layer2.2.bn1.bias - torch.Size([128]): 
PretrainedInit: load from open-mmlab://detectron/resnet50_caffe 

backbone.layer2.2.conv2.weight - torch.Size([128, 128, 3, 3]): 
PretrainedInit: load from open-mmlab://detectron/resnet50_caffe 

backbone.layer2.2.bn2.weight - torch.Size([128]): 
PretrainedInit: load from open-mmlab://detectron/resnet50_caffe 

backbone.layer2.2.bn2.bias - torch.Size([128]): 
PretrainedInit: load from open-mmlab://detectron/resnet50_caffe 

backbone.layer2.2.conv3.weight - torch.Size([512, 128, 1, 1]): 
PretrainedInit: load from open-mmlab://detectron/resnet50_caffe 

backbone.layer2.2.bn3.weight - torch.Size([512]): 
PretrainedInit: load from open-mmlab://detectron/resnet50_caffe 

backbone.layer2.2.bn3.bias - torch.Size([512]): 
PretrainedInit: load from open-mmlab://detectron/resnet50_caffe 

backbone.layer2.3.conv1.weight - torch.Size([128, 512, 1, 1]): 
PretrainedInit: load from open-mmlab://detectron/resnet50_caffe 

backbone.layer2.3.bn1.weight - torch.Size([128]): 
PretrainedInit: load from open-mmlab://detectron/resnet50_caffe 

backbone.layer2.3.bn1.bias - torch.Size([128]): 
PretrainedInit: load from open-mmlab://detectron/resnet50_caffe 

backbone.layer2.3.conv2.weight - torch.Size([128, 128, 3, 3]): 
PretrainedInit: load from open-mmlab://detectron/resnet50_caffe 

backbone.layer2.3.bn2.weight - torch.Size([128]): 
PretrainedInit: load from open-mmlab://detectron/resnet50_caffe 

backbone.layer2.3.bn2.bias - torch.Size([128]): 
PretrainedInit: load from open-mmlab://detectron/resnet50_caffe 

backbone.layer2.3.conv3.weight - torch.Size([512, 128, 1, 1]): 
PretrainedInit: load from open-mmlab://detectron/resnet50_caffe 

backbone.layer2.3.bn3.weight - torch.Size([512]): 
PretrainedInit: load from open-mmlab://detectron/resnet50_caffe 

backbone.layer2.3.bn3.bias - torch.Size([512]): 
PretrainedInit: load from open-mmlab://detectron/resnet50_caffe 

backbone.layer3.0.conv1.weight - torch.Size([256, 512, 1, 1]): 
PretrainedInit: load from open-mmlab://detectron/resnet50_caffe 

backbone.layer3.0.bn1.weight - torch.Size([256]): 
PretrainedInit: load from open-mmlab://detectron/resnet50_caffe 

backbone.layer3.0.bn1.bias - torch.Size([256]): 
PretrainedInit: load from open-mmlab://detectron/resnet50_caffe 

backbone.layer3.0.conv2.weight - torch.Size([256, 256, 3, 3]): 
PretrainedInit: load from open-mmlab://detectron/resnet50_caffe 

backbone.layer3.0.bn2.weight - torch.Size([256]): 
PretrainedInit: load from open-mmlab://detectron/resnet50_caffe 

backbone.layer3.0.bn2.bias - torch.Size([256]): 
PretrainedInit: load from open-mmlab://detectron/resnet50_caffe 

backbone.layer3.0.conv3.weight - torch.Size([1024, 256, 1, 1]): 
PretrainedInit: load from open-mmlab://detectron/resnet50_caffe 

backbone.layer3.0.bn3.weight - torch.Size([1024]): 
PretrainedInit: load from open-mmlab://detectron/resnet50_caffe 

backbone.layer3.0.bn3.bias - torch.Size([1024]): 
PretrainedInit: load from open-mmlab://detectron/resnet50_caffe 

backbone.layer3.0.downsample.0.weight - torch.Size([1024, 512, 1, 1]): 
PretrainedInit: load from open-mmlab://detectron/resnet50_caffe 

backbone.layer3.0.downsample.1.weight - torch.Size([1024]): 
PretrainedInit: load from open-mmlab://detectron/resnet50_caffe 

backbone.layer3.0.downsample.1.bias - torch.Size([1024]): 
PretrainedInit: load from open-mmlab://detectron/resnet50_caffe 

backbone.layer3.1.conv1.weight - torch.Size([256, 1024, 1, 1]): 
PretrainedInit: load from open-mmlab://detectron/resnet50_caffe 

backbone.layer3.1.bn1.weight - torch.Size([256]): 
PretrainedInit: load from open-mmlab://detectron/resnet50_caffe 

backbone.layer3.1.bn1.bias - torch.Size([256]): 
PretrainedInit: load from open-mmlab://detectron/resnet50_caffe 

backbone.layer3.1.conv2.weight - torch.Size([256, 256, 3, 3]): 
PretrainedInit: load from open-mmlab://detectron/resnet50_caffe 

backbone.layer3.1.bn2.weight - torch.Size([256]): 
PretrainedInit: load from open-mmlab://detectron/resnet50_caffe 

backbone.layer3.1.bn2.bias - torch.Size([256]): 
PretrainedInit: load from open-mmlab://detectron/resnet50_caffe 

backbone.layer3.1.conv3.weight - torch.Size([1024, 256, 1, 1]): 
PretrainedInit: load from open-mmlab://detectron/resnet50_caffe 

backbone.layer3.1.bn3.weight - torch.Size([1024]): 
PretrainedInit: load from open-mmlab://detectron/resnet50_caffe 

backbone.layer3.1.bn3.bias - torch.Size([1024]): 
PretrainedInit: load from open-mmlab://detectron/resnet50_caffe 

backbone.layer3.2.conv1.weight - torch.Size([256, 1024, 1, 1]): 
PretrainedInit: load from open-mmlab://detectron/resnet50_caffe 

backbone.layer3.2.bn1.weight - torch.Size([256]): 
PretrainedInit: load from open-mmlab://detectron/resnet50_caffe 

backbone.layer3.2.bn1.bias - torch.Size([256]): 
PretrainedInit: load from open-mmlab://detectron/resnet50_caffe 

backbone.layer3.2.conv2.weight - torch.Size([256, 256, 3, 3]): 
PretrainedInit: load from open-mmlab://detectron/resnet50_caffe 

backbone.layer3.2.bn2.weight - torch.Size([256]): 
PretrainedInit: load from open-mmlab://detectron/resnet50_caffe 

backbone.layer3.2.bn2.bias - torch.Size([256]): 
PretrainedInit: load from open-mmlab://detectron/resnet50_caffe 

backbone.layer3.2.conv3.weight - torch.Size([1024, 256, 1, 1]): 
PretrainedInit: load from open-mmlab://detectron/resnet50_caffe 

backbone.layer3.2.bn3.weight - torch.Size([1024]): 
PretrainedInit: load from open-mmlab://detectron/resnet50_caffe 

backbone.layer3.2.bn3.bias - torch.Size([1024]): 
PretrainedInit: load from open-mmlab://detectron/resnet50_caffe 

backbone.layer3.3.conv1.weight - torch.Size([256, 1024, 1, 1]): 
PretrainedInit: load from open-mmlab://detectron/resnet50_caffe 

backbone.layer3.3.bn1.weight - torch.Size([256]): 
PretrainedInit: load from open-mmlab://detectron/resnet50_caffe 

backbone.layer3.3.bn1.bias - torch.Size([256]): 
PretrainedInit: load from open-mmlab://detectron/resnet50_caffe 

backbone.layer3.3.conv2.weight - torch.Size([256, 256, 3, 3]): 
PretrainedInit: load from open-mmlab://detectron/resnet50_caffe 

backbone.layer3.3.bn2.weight - torch.Size([256]): 
PretrainedInit: load from open-mmlab://detectron/resnet50_caffe 

backbone.layer3.3.bn2.bias - torch.Size([256]): 
PretrainedInit: load from open-mmlab://detectron/resnet50_caffe 

backbone.layer3.3.conv3.weight - torch.Size([1024, 256, 1, 1]): 
PretrainedInit: load from open-mmlab://detectron/resnet50_caffe 

backbone.layer3.3.bn3.weight - torch.Size([1024]): 
PretrainedInit: load from open-mmlab://detectron/resnet50_caffe 

backbone.layer3.3.bn3.bias - torch.Size([1024]): 
PretrainedInit: load from open-mmlab://detectron/resnet50_caffe 

backbone.layer3.4.conv1.weight - torch.Size([256, 1024, 1, 1]): 
PretrainedInit: load from open-mmlab://detectron/resnet50_caffe 

backbone.layer3.4.bn1.weight - torch.Size([256]): 
PretrainedInit: load from open-mmlab://detectron/resnet50_caffe 

backbone.layer3.4.bn1.bias - torch.Size([256]): 
PretrainedInit: load from open-mmlab://detectron/resnet50_caffe 

backbone.layer3.4.conv2.weight - torch.Size([256, 256, 3, 3]): 
PretrainedInit: load from open-mmlab://detectron/resnet50_caffe 

backbone.layer3.4.bn2.weight - torch.Size([256]): 
PretrainedInit: load from open-mmlab://detectron/resnet50_caffe 

backbone.layer3.4.bn2.bias - torch.Size([256]): 
PretrainedInit: load from open-mmlab://detectron/resnet50_caffe 

backbone.layer3.4.conv3.weight - torch.Size([1024, 256, 1, 1]): 
PretrainedInit: load from open-mmlab://detectron/resnet50_caffe 

backbone.layer3.4.bn3.weight - torch.Size([1024]): 
PretrainedInit: load from open-mmlab://detectron/resnet50_caffe 

backbone.layer3.4.bn3.bias - torch.Size([1024]): 
PretrainedInit: load from open-mmlab://detectron/resnet50_caffe 

backbone.layer3.5.conv1.weight - torch.Size([256, 1024, 1, 1]): 
PretrainedInit: load from open-mmlab://detectron/resnet50_caffe 

backbone.layer3.5.bn1.weight - torch.Size([256]): 
PretrainedInit: load from open-mmlab://detectron/resnet50_caffe 

backbone.layer3.5.bn1.bias - torch.Size([256]): 
PretrainedInit: load from open-mmlab://detectron/resnet50_caffe 

backbone.layer3.5.conv2.weight - torch.Size([256, 256, 3, 3]): 
PretrainedInit: load from open-mmlab://detectron/resnet50_caffe 

backbone.layer3.5.bn2.weight - torch.Size([256]): 
PretrainedInit: load from open-mmlab://detectron/resnet50_caffe 

backbone.layer3.5.bn2.bias - torch.Size([256]): 
PretrainedInit: load from open-mmlab://detectron/resnet50_caffe 

backbone.layer3.5.conv3.weight - torch.Size([1024, 256, 1, 1]): 
PretrainedInit: load from open-mmlab://detectron/resnet50_caffe 

backbone.layer3.5.bn3.weight - torch.Size([1024]): 
PretrainedInit: load from open-mmlab://detectron/resnet50_caffe 

backbone.layer3.5.bn3.bias - torch.Size([1024]): 
PretrainedInit: load from open-mmlab://detectron/resnet50_caffe 

backbone.layer4.0.conv1.weight - torch.Size([512, 1024, 1, 1]): 
PretrainedInit: load from open-mmlab://detectron/resnet50_caffe 

backbone.layer4.0.bn1.weight - torch.Size([512]): 
PretrainedInit: load from open-mmlab://detectron/resnet50_caffe 

backbone.layer4.0.bn1.bias - torch.Size([512]): 
PretrainedInit: load from open-mmlab://detectron/resnet50_caffe 

backbone.layer4.0.conv2.weight - torch.Size([512, 512, 3, 3]): 
PretrainedInit: load from open-mmlab://detectron/resnet50_caffe 

backbone.layer4.0.bn2.weight - torch.Size([512]): 
PretrainedInit: load from open-mmlab://detectron/resnet50_caffe 

backbone.layer4.0.bn2.bias - torch.Size([512]): 
PretrainedInit: load from open-mmlab://detectron/resnet50_caffe 

backbone.layer4.0.conv3.weight - torch.Size([2048, 512, 1, 1]): 
PretrainedInit: load from open-mmlab://detectron/resnet50_caffe 

backbone.layer4.0.bn3.weight - torch.Size([2048]): 
PretrainedInit: load from open-mmlab://detectron/resnet50_caffe 

backbone.layer4.0.bn3.bias - torch.Size([2048]): 
PretrainedInit: load from open-mmlab://detectron/resnet50_caffe 

backbone.layer4.0.downsample.0.weight - torch.Size([2048, 1024, 1, 1]): 
PretrainedInit: load from open-mmlab://detectron/resnet50_caffe 

backbone.layer4.0.downsample.1.weight - torch.Size([2048]): 
PretrainedInit: load from open-mmlab://detectron/resnet50_caffe 

backbone.layer4.0.downsample.1.bias - torch.Size([2048]): 
PretrainedInit: load from open-mmlab://detectron/resnet50_caffe 

backbone.layer4.1.conv1.weight - torch.Size([512, 2048, 1, 1]): 
PretrainedInit: load from open-mmlab://detectron/resnet50_caffe 

backbone.layer4.1.bn1.weight - torch.Size([512]): 
PretrainedInit: load from open-mmlab://detectron/resnet50_caffe 

backbone.layer4.1.bn1.bias - torch.Size([512]): 
PretrainedInit: load from open-mmlab://detectron/resnet50_caffe 

backbone.layer4.1.conv2.weight - torch.Size([512, 512, 3, 3]): 
PretrainedInit: load from open-mmlab://detectron/resnet50_caffe 

backbone.layer4.1.bn2.weight - torch.Size([512]): 
PretrainedInit: load from open-mmlab://detectron/resnet50_caffe 

backbone.layer4.1.bn2.bias - torch.Size([512]): 
PretrainedInit: load from open-mmlab://detectron/resnet50_caffe 

backbone.layer4.1.conv3.weight - torch.Size([2048, 512, 1, 1]): 
PretrainedInit: load from open-mmlab://detectron/resnet50_caffe 

backbone.layer4.1.bn3.weight - torch.Size([2048]): 
PretrainedInit: load from open-mmlab://detectron/resnet50_caffe 

backbone.layer4.1.bn3.bias - torch.Size([2048]): 
PretrainedInit: load from open-mmlab://detectron/resnet50_caffe 

backbone.layer4.2.conv1.weight - torch.Size([512, 2048, 1, 1]): 
PretrainedInit: load from open-mmlab://detectron/resnet50_caffe 

backbone.layer4.2.bn1.weight - torch.Size([512]): 
PretrainedInit: load from open-mmlab://detectron/resnet50_caffe 

backbone.layer4.2.bn1.bias - torch.Size([512]): 
PretrainedInit: load from open-mmlab://detectron/resnet50_caffe 

backbone.layer4.2.conv2.weight - torch.Size([512, 512, 3, 3]): 
PretrainedInit: load from open-mmlab://detectron/resnet50_caffe 

backbone.layer4.2.bn2.weight - torch.Size([512]): 
PretrainedInit: load from open-mmlab://detectron/resnet50_caffe 

backbone.layer4.2.bn2.bias - torch.Size([512]): 
PretrainedInit: load from open-mmlab://detectron/resnet50_caffe 

backbone.layer4.2.conv3.weight - torch.Size([2048, 512, 1, 1]): 
PretrainedInit: load from open-mmlab://detectron/resnet50_caffe 

backbone.layer4.2.bn3.weight - torch.Size([2048]): 
PretrainedInit: load from open-mmlab://detectron/resnet50_caffe 

backbone.layer4.2.bn3.bias - torch.Size([2048]): 
PretrainedInit: load from open-mmlab://detectron/resnet50_caffe 

neck.lateral_convs.0.conv.weight - torch.Size([256, 512, 1, 1]): 
XavierInit: gain=1, distribution=uniform, bias=0 

neck.lateral_convs.0.conv.bias - torch.Size([256]): 
The value is the same before and after calling `init_weights` of FCOS  

neck.lateral_convs.1.conv.weight - torch.Size([256, 1024, 1, 1]): 
XavierInit: gain=1, distribution=uniform, bias=0 

neck.lateral_convs.1.conv.bias - torch.Size([256]): 
The value is the same before and after calling `init_weights` of FCOS  

neck.lateral_convs.2.conv.weight - torch.Size([256, 2048, 1, 1]): 
XavierInit: gain=1, distribution=uniform, bias=0 

neck.lateral_convs.2.conv.bias - torch.Size([256]): 
The value is the same before and after calling `init_weights` of FCOS  

neck.fpn_convs.0.conv.weight - torch.Size([256, 256, 3, 3]): 
XavierInit: gain=1, distribution=uniform, bias=0 

neck.fpn_convs.0.conv.bias - torch.Size([256]): 
The value is the same before and after calling `init_weights` of FCOS  

neck.fpn_convs.1.conv.weight - torch.Size([256, 256, 3, 3]): 
XavierInit: gain=1, distribution=uniform, bias=0 

neck.fpn_convs.1.conv.bias - torch.Size([256]): 
The value is the same before and after calling `init_weights` of FCOS  

neck.fpn_convs.2.conv.weight - torch.Size([256, 256, 3, 3]): 
XavierInit: gain=1, distribution=uniform, bias=0 

neck.fpn_convs.2.conv.bias - torch.Size([256]): 
The value is the same before and after calling `init_weights` of FCOS  

neck.fpn_convs.3.conv.weight - torch.Size([256, 256, 3, 3]): 
XavierInit: gain=1, distribution=uniform, bias=0 

neck.fpn_convs.3.conv.bias - torch.Size([256]): 
The value is the same before and after calling `init_weights` of FCOS  

neck.fpn_convs.4.conv.weight - torch.Size([256, 256, 3, 3]): 
XavierInit: gain=1, distribution=uniform, bias=0 

neck.fpn_convs.4.conv.bias - torch.Size([256]): 
The value is the same before and after calling `init_weights` of FCOS  

bbox_head.cls_convs.0.conv.weight - torch.Size([256, 256, 3, 3]): 
NormalInit: mean=0, std=0.01, bias=0 

bbox_head.cls_convs.0.gn.weight - torch.Size([256]): 
The value is the same before and after calling `init_weights` of FCOS  

bbox_head.cls_convs.0.gn.bias - torch.Size([256]): 
The value is the same before and after calling `init_weights` of FCOS  

bbox_head.cls_convs.1.conv.weight - torch.Size([256, 256, 3, 3]): 
NormalInit: mean=0, std=0.01, bias=0 

bbox_head.cls_convs.1.gn.weight - torch.Size([256]): 
The value is the same before and after calling `init_weights` of FCOS  

bbox_head.cls_convs.1.gn.bias - torch.Size([256]): 
The value is the same before and after calling `init_weights` of FCOS  

bbox_head.cls_convs.2.conv.weight - torch.Size([256, 256, 3, 3]): 
NormalInit: mean=0, std=0.01, bias=0 

bbox_head.cls_convs.2.gn.weight - torch.Size([256]): 
The value is the same before and after calling `init_weights` of FCOS  

bbox_head.cls_convs.2.gn.bias - torch.Size([256]): 
The value is the same before and after calling `init_weights` of FCOS  

bbox_head.cls_convs.3.conv.weight - torch.Size([256, 256, 3, 3]): 
NormalInit: mean=0, std=0.01, bias=0 

bbox_head.cls_convs.3.gn.weight - torch.Size([256]): 
The value is the same before and after calling `init_weights` of FCOS  

bbox_head.cls_convs.3.gn.bias - torch.Size([256]): 
The value is the same before and after calling `init_weights` of FCOS  

bbox_head.reg_convs.0.conv.weight - torch.Size([256, 256, 3, 3]): 
NormalInit: mean=0, std=0.01, bias=0 

bbox_head.reg_convs.0.gn.weight - torch.Size([256]): 
The value is the same before and after calling `init_weights` of FCOS  

bbox_head.reg_convs.0.gn.bias - torch.Size([256]): 
The value is the same before and after calling `init_weights` of FCOS  

bbox_head.reg_convs.1.conv.weight - torch.Size([256, 256, 3, 3]): 
NormalInit: mean=0, std=0.01, bias=0 

bbox_head.reg_convs.1.gn.weight - torch.Size([256]): 
The value is the same before and after calling `init_weights` of FCOS  

bbox_head.reg_convs.1.gn.bias - torch.Size([256]): 
The value is the same before and after calling `init_weights` of FCOS  

bbox_head.reg_convs.2.conv.weight - torch.Size([256, 256, 3, 3]): 
NormalInit: mean=0, std=0.01, bias=0 

bbox_head.reg_convs.2.gn.weight - torch.Size([256]): 
The value is the same before and after calling `init_weights` of FCOS  

bbox_head.reg_convs.2.gn.bias - torch.Size([256]): 
The value is the same before and after calling `init_weights` of FCOS  

bbox_head.reg_convs.3.conv.weight - torch.Size([256, 256, 3, 3]): 
NormalInit: mean=0, std=0.01, bias=0 

bbox_head.reg_convs.3.gn.weight - torch.Size([256]): 
The value is the same before and after calling `init_weights` of FCOS  

bbox_head.reg_convs.3.gn.bias - torch.Size([256]): 
The value is the same before and after calling `init_weights` of FCOS  

bbox_head.conv_cls.weight - torch.Size([17, 256, 3, 3]): 
NormalInit: mean=0, std=0.01, bias=-4.59511985013459 

bbox_head.conv_cls.bias - torch.Size([17]): 
NormalInit: mean=0, std=0.01, bias=-4.59511985013459 

bbox_head.conv_reg.weight - torch.Size([4, 256, 3, 3]): 
NormalInit: mean=0, std=0.01, bias=0 

bbox_head.conv_reg.bias - torch.Size([4]): 
NormalInit: mean=0, std=0.01, bias=0 

bbox_head.conv_centerness.weight - torch.Size([1, 256, 3, 3]): 
NormalInit: mean=0, std=0.01, bias=0 

bbox_head.conv_centerness.bias - torch.Size([1]): 
NormalInit: mean=0, std=0.01, bias=0 

bbox_head.scales.0.scale - torch.Size([]): 
The value is the same before and after calling `init_weights` of FCOS  

bbox_head.scales.1.scale - torch.Size([]): 
The value is the same before and after calling `init_weights` of FCOS  

bbox_head.scales.2.scale - torch.Size([]): 
The value is the same before and after calling `init_weights` of FCOS  

bbox_head.scales.3.scale - torch.Size([]): 
The value is the same before and after calling `init_weights` of FCOS  

bbox_head.scales.4.scale - torch.Size([]): 
The value is the same before and after calling `init_weights` of FCOS  
2026/03/11 02:00:11 - mmengine - INFO - Load checkpoint from https://download.openmmlab.com/mmdetection/v2.0/fcos/fcos_r50_caffe_fpn_gn-head_1x_coco/fcos_r50_caffe_fpn_gn-head_1x_coco-821213aa.pth
2026/03/11 02:00:11 - mmengine - WARNING - "FileClient" will be deprecated in future. Please use io functions in https://mmengine.readthedocs.io/en/latest/api/fileio.html#file-io
2026/03/11 02:00:11 - mmengine - WARNING - "HardDiskBackend" is the alias of "LocalBackend" and the former will be deprecated in future.
2026/03/11 02:00:11 - mmengine - INFO - Checkpoints will be saved to c:\Users\igors\Projects\Computer-Vision\mmdetection\artifacts\fcos.
2026/03/11 02:00:27 - mmengine - INFO - Epoch(train)   [1][  50/1154]  base_lr: 1.2387e-04 lr: 1.2387e-04  eta: 10:34:38  time: 0.3301  data_time: 0.1206  memory: 708  grad_norm: 17.9359  loss: 2.1096  loss_cls: 1.1178  loss_bbox: 0.4016  loss_centerness: 0.5902
2026/03/11 02:00:36 - mmengine - INFO - Epoch(train)   [1][ 100/1154]  base_lr: 2.4900e-04 lr: 2.4900e-04  eta: 8:12:36  time: 0.1826  data_time: 0.0018  memory: 708  grad_norm: 14.4167  loss: 2.0008  loss_cls: 1.0446  loss_bbox: 0.3725  loss_centerness: 0.5837
2026/03/11 02:00:45 - mmengine - INFO - Epoch(train)   [1][ 150/1154]  base_lr: 3.7412e-04 lr: 3.7412e-04  eta: 7:14:36  time: 0.1661  data_time: 0.0017  memory: 708  grad_norm: 14.2216  loss: 1.6725  loss_cls: 0.7522  loss_bbox: 0.3351  loss_centerness: 0.5852
2026/03/11 02:00:53 - mmengine - INFO - Epoch(train)   [1][ 200/1154]  base_lr: 4.9925e-04 lr: 4.9925e-04  eta: 6:46:44  time: 0.1686  data_time: 0.0020  memory: 708  grad_norm: 15.1775  loss: 1.4670  loss_cls: 0.5718  loss_bbox: 0.3107  loss_centerness: 0.5845
2026/03/11 02:01:01 - mmengine - INFO - Epoch(train)   [1][ 250/1154]  base_lr: 6.2437e-04 lr: 6.2437e-04  eta: 6:24:54  time: 0.1554  data_time: 0.0017  memory: 708  grad_norm: 12.9091  loss: 1.3748  loss_cls: 0.4823  loss_bbox: 0.3110  loss_centerness: 0.5815
2026/03/11 02:01:07 - mmengine - INFO - Epoch(train)   [1][ 300/1154]  base_lr: 7.4950e-04 lr: 7.4950e-04  eta: 6:01:00  time: 0.1263  data_time: 0.0021  memory: 708  grad_norm: 13.7573  loss: 1.3347  loss_cls: 0.4423  loss_bbox: 0.3127  loss_centerness: 0.5797
2026/03/11 02:01:15 - mmengine - INFO - Epoch(train)   [1][ 350/1154]  base_lr: 8.7462e-04 lr: 8.7462e-04  eta: 5:53:13  time: 0.1604  data_time: 0.0016  memory: 708  grad_norm: 14.2798  loss: 1.3629  loss_cls: 0.4276  loss_bbox: 0.3504  loss_centerness: 0.5849
2026/03/11 02:01:23 - mmengine - INFO - Epoch(train)   [1][ 400/1154]  base_lr: 9.9975e-04 lr: 9.9975e-04  eta: 5:46:06  time: 0.1551  data_time: 0.0016  memory: 708  grad_norm: 13.9934  loss: 1.3926  loss_cls: 0.4373  loss_bbox: 0.3645  loss_centerness: 0.5909
2026/03/11 02:01:31 - mmengine - INFO - Epoch(train)   [1][ 450/1154]  base_lr: 1.1249e-03 lr: 1.1249e-03  eta: 5:43:08  time: 0.1673  data_time: 0.0017  memory: 708  grad_norm: 13.1148  loss: 1.3090  loss_cls: 0.3772  loss_bbox: 0.3491  loss_centerness: 0.5827
2026/03/11 02:01:40 - mmengine - INFO - Epoch(train)   [1][ 500/1154]  base_lr: 1.2500e-03 lr: 1.2500e-03  eta: 5:42:17  time: 0.1755  data_time: 0.0014  memory: 708  grad_norm: 10.0723  loss: 1.1670  loss_cls: 0.3057  loss_bbox: 0.2824  loss_centerness: 0.5788
2026/03/11 02:01:49 - mmengine - INFO - Epoch(train)   [1][ 550/1154]  base_lr: 1.2500e-03 lr: 1.2500e-03  eta: 5:41:41  time: 0.1762  data_time: 0.0019  memory: 708  grad_norm: 11.2519  loss: 1.3143  loss_cls: 0.3704  loss_bbox: 0.3599  loss_centerness: 0.5841
2026/03/11 02:01:58 - mmengine - INFO - Epoch(train)   [1][ 600/1154]  base_lr: 1.2500e-03 lr: 1.2500e-03  eta: 5:41:27  time: 0.1779  data_time: 0.0015  memory: 708  grad_norm: 10.4852  loss: 1.2209  loss_cls: 0.3654  loss_bbox: 0.2794  loss_centerness: 0.5761
2026/03/11 02:02:07 - mmengine - INFO - Epoch(train)   [1][ 650/1154]  base_lr: 1.2500e-03 lr: 1.2500e-03  eta: 5:41:52  time: 0.1824  data_time: 0.0014  memory: 708  grad_norm: 10.3376  loss: 1.2861  loss_cls: 0.3388  loss_bbox: 0.3644  loss_centerness: 0.5829
2026/03/11 02:02:16 - mmengine - INFO - Epoch(train)   [1][ 700/1154]  base_lr: 1.2500e-03 lr: 1.2500e-03  eta: 5:41:37  time: 0.1780  data_time: 0.0011  memory: 708  grad_norm: 8.3501  loss: 1.0945  loss_cls: 0.2467  loss_bbox: 0.2773  loss_centerness: 0.5704
2026/03/11 02:02:25 - mmengine - INFO - Epoch(train)   [1][ 750/1154]  base_lr: 1.2500e-03 lr: 1.2500e-03  eta: 5:41:16  time: 0.1770  data_time: 0.0015  memory: 708  grad_norm: 8.6951  loss: 1.1641  loss_cls: 0.2695  loss_bbox: 0.3159  loss_centerness: 0.5788
2026/03/11 02:02:34 - mmengine - INFO - Epoch(train)   [1][ 800/1154]  base_lr: 1.2500e-03 lr: 1.2500e-03  eta: 5:41:20  time: 0.1805  data_time: 0.0014  memory: 708  grad_norm: 8.6746  loss: 1.1088  loss_cls: 0.2594  loss_bbox: 0.2749  loss_centerness: 0.5745
2026/03/11 02:02:42 - mmengine - INFO - Epoch(train)   [1][ 850/1154]  base_lr: 1.2500e-03 lr: 1.2500e-03  eta: 5:40:50  time: 0.1755  data_time: 0.0015  memory: 708  grad_norm: 7.5986  loss: 1.0773  loss_cls: 0.2332  loss_bbox: 0.2737  loss_centerness: 0.5704
2026/03/11 02:02:51 - mmengine - INFO - Epoch(train)   [1][ 900/1154]  base_lr: 1.2500e-03 lr: 1.2500e-03  eta: 5:40:30  time: 0.1768  data_time: 0.0015  memory: 708  grad_norm: 8.5583  loss: 1.0935  loss_cls: 0.2565  loss_bbox: 0.2632  loss_centerness: 0.5738
2026/03/11 02:03:00 - mmengine - INFO - Epoch(train)   [1][ 950/1154]  base_lr: 1.2500e-03 lr: 1.2500e-03  eta: 5:40:17  time: 0.1778  data_time: 0.0014  memory: 708  grad_norm: 7.6528  loss: 1.0233  loss_cls: 0.2084  loss_bbox: 0.2464  loss_centerness: 0.5685
2026/03/11 02:03:09 - mmengine - INFO - Exp name: fcos_minecraft_20260311_015948
2026/03/11 02:03:09 - mmengine - INFO - Epoch(train)   [1][1000/1154]  base_lr: 1.2500e-03 lr: 1.2500e-03  eta: 5:39:48  time: 0.1749  data_time: 0.0010  memory: 708  grad_norm: 11.4681  loss: 1.2785  loss_cls: 0.3348  loss_bbox: 0.3651  loss_centerness: 0.5787
2026/03/11 02:03:18 - mmengine - INFO - Epoch(train)   [1][1050/1154]  base_lr: 1.2500e-03 lr: 1.2500e-03  eta: 5:39:35  time: 0.1774  data_time: 0.0015  memory: 708  grad_norm: 8.6559  loss: 1.1373  loss_cls: 0.2612  loss_bbox: 0.2992  loss_centerness: 0.5769
2026/03/11 02:03:27 - mmengine - INFO - Epoch(train)   [1][1100/1154]  base_lr: 1.2500e-03 lr: 1.2500e-03  eta: 5:39:20  time: 0.1772  data_time: 0.0013  memory: 708  grad_norm: 8.5050  loss: 1.1513  loss_cls: 0.2297  loss_bbox: 0.3437  loss_centerness: 0.5778
2026/03/11 02:03:35 - mmengine - INFO - Epoch(train)   [1][1150/1154]  base_lr: 1.2500e-03 lr: 1.2500e-03  eta: 5:38:58  time: 0.1754  data_time: 0.0014  memory: 708  grad_norm: 8.0810  loss: 1.0849  loss_cls: 0.2161  loss_bbox: 0.2850  loss_centerness: 0.5838
2026/03/11 02:03:36 - mmengine - INFO - Exp name: fcos_minecraft_20260311_015948
2026/03/11 02:03:36 - mmengine - INFO - Saving checkpoint at 1 epochs
2026/03/11 02:03:45 - mmengine - INFO - Epoch(val)   [1][ 50/422]    eta: 0:01:00  time: 0.1621  data_time: 0.1092  memory: 708  
2026/03/11 02:03:48 - mmengine - INFO - Epoch(val)   [1][100/422]    eta: 0:00:34  time: 0.0515  data_time: 0.0007  memory: 403  
2026/03/11 02:03:51 - mmengine - INFO - Epoch(val)   [1][150/422]    eta: 0:00:24  time: 0.0572  data_time: 0.0004  memory: 403  
2026/03/11 02:03:54 - mmengine - INFO - Epoch(val)   [1][200/422]    eta: 0:00:18  time: 0.0548  data_time: 0.0003  memory: 403  
2026/03/11 02:03:56 - mmengine - INFO - Epoch(val)   [1][250/422]    eta: 0:00:13  time: 0.0549  data_time: 0.0007  memory: 403  
2026/03/11 02:03:59 - mmengine - INFO - Epoch(val)   [1][300/422]    eta: 0:00:08  time: 0.0579  data_time: 0.0007  memory: 403  
2026/03/11 02:04:02 - mmengine - INFO - Epoch(val)   [1][350/422]    eta: 0:00:05  time: 0.0564  data_time: 0.0009  memory: 403  
2026/03/11 02:04:05 - mmengine - INFO - Epoch(val)   [1][400/422]    eta: 0:00:01  time: 0.0562  data_time: 0.0005  memory: 403  
2026/03/11 02:04:07 - mmengine - INFO - Evaluating bbox...
2026/03/11 02:04:08 - mmengine - INFO - bbox_mAP_copypaste: 0.162 0.270 0.165 0.026 0.098 0.261
2026/03/11 02:04:08 - mmengine - INFO - Epoch(val) [1][422/422]    coco/bbox_mAP: 0.1620  coco/bbox_mAP_50: 0.2700  coco/bbox_mAP_75: 0.1650  coco/bbox_mAP_s: 0.0260  coco/bbox_mAP_m: 0.0980  coco/bbox_mAP_l: 0.2610  data_time: 0.0135  time: 0.0680
2026/03/11 02:04:17 - mmengine - INFO - Epoch(train)   [2][  50/1154]  base_lr: 1.2500e-03 lr: 1.2500e-03  eta: 5:38:53  time: 0.1776  data_time: 0.0017  memory: 708  grad_norm: 7.9835  loss: 0.9985  loss_cls: 0.2020  loss_bbox: 0.2322  loss_centerness: 0.5644
2026/03/11 02:04:26 - mmengine - INFO - Epoch(train)   [2][ 100/1154]  base_lr: 1.2500e-03 lr: 1.2500e-03  eta: 5:38:02  time: 0.1688  data_time: 0.0015  memory: 708  grad_norm: 7.8452  loss: 1.0427  loss_cls: 0.2205  loss_bbox: 0.2548  loss_centerness: 0.5674
2026/03/11 02:04:34 - mmengine - INFO - Epoch(train)   [2][ 150/1154]  base_lr: 1.2500e-03 lr: 1.2500e-03  eta: 5:36:46  time: 0.1623  data_time: 0.0012  memory: 708  grad_norm: 7.7537  loss: 1.0283  loss_cls: 0.1783  loss_bbox: 0.2746  loss_centerness: 0.5753
2026/03/11 02:04:41 - mmengine - INFO - Epoch(train)   [2][ 200/1154]  base_lr: 1.2500e-03 lr: 1.2500e-03  eta: 5:34:24  time: 0.1456  data_time: 0.0013  memory: 708  grad_norm: 8.8778  loss: 1.1193  loss_cls: 0.2624  loss_bbox: 0.2838  loss_centerness: 0.5731
2026/03/11 02:04:48 - mmengine - INFO - Epoch(train)   [2][ 250/1154]  base_lr: 1.2500e-03 lr: 1.2500e-03  eta: 5:31:22  time: 0.1331  data_time: 0.0010  memory: 708  grad_norm: 7.2922  loss: 1.0069  loss_cls: 0.1792  loss_bbox: 0.2492  loss_centerness: 0.5785
2026/03/11 02:04:55 - mmengine - INFO - Epoch(train)   [2][ 300/1154]  base_lr: 1.2500e-03 lr: 1.2500e-03  eta: 5:29:40  time: 0.1508  data_time: 0.0013  memory: 708  grad_norm: 8.2903  loss: 0.9986  loss_cls: 0.1703  loss_bbox: 0.2555  loss_centerness: 0.5728
2026/03/11 02:05:03 - mmengine - INFO - Epoch(train)   [2][ 350/1154]  base_lr: 1.2500e-03 lr: 1.2500e-03  eta: 5:28:17  time: 0.1540  data_time: 0.0012  memory: 708  grad_norm: 9.0319  loss: 1.0800  loss_cls: 0.2200  loss_bbox: 0.2940  loss_centerness: 0.5660
2026/03/11 02:05:12 - mmengine - INFO - Epoch(train)   [2][ 400/1154]  base_lr: 1.2500e-03 lr: 1.2500e-03  eta: 5:28:08  time: 0.1727  data_time: 0.0013  memory: 708  grad_norm: 6.8536  loss: 1.0119  loss_cls: 0.1662  loss_bbox: 0.2693  loss_centerness: 0.5765
2026/03/11 02:05:20 - mmengine - INFO - Epoch(train)   [2][ 450/1154]  base_lr: 1.2500e-03 lr: 1.2500e-03  eta: 5:28:00  time: 0.1731  data_time: 0.0015  memory: 708  grad_norm: 7.6456  loss: 1.0433  loss_cls: 0.2185  loss_bbox: 0.2478  loss_centerness: 0.5771
2026/03/11 02:05:29 - mmengine - INFO - Epoch(train)   [2][ 500/1154]  base_lr: 1.2500e-03 lr: 1.2500e-03  eta: 5:27:49  time: 0.1724  data_time: 0.0012  memory: 708  grad_norm: 6.8751  loss: 1.0190  loss_cls: 0.1922  loss_bbox: 0.2556  loss_centerness: 0.5711
2026/03/11 02:05:38 - mmengine - INFO - Epoch(train)   [2][ 550/1154]  base_lr: 1.2500e-03 lr: 1.2500e-03  eta: 5:27:43  time: 0.1737  data_time: 0.0012  memory: 708  grad_norm: 8.5761  loss: 1.0273  loss_cls: 0.1802  loss_bbox: 0.2740  loss_centerness: 0.5732
2026/03/11 02:05:46 - mmengine - INFO - Epoch(train)   [2][ 600/1154]  base_lr: 1.2500e-03 lr: 1.2500e-03  eta: 5:27:35  time: 0.1732  data_time: 0.0011  memory: 708  grad_norm: 9.1273  loss: 1.0688  loss_cls: 0.2123  loss_bbox: 0.2827  loss_centerness: 0.5738
2026/03/11 02:05:55 - mmengine - INFO - Epoch(train)   [2][ 650/1154]  base_lr: 1.2500e-03 lr: 1.2500e-03  eta: 5:27:21  time: 0.1710  data_time: 0.0013  memory: 708  grad_norm: 6.9792  loss: 0.9914  loss_cls: 0.1580  loss_bbox: 0.2679  loss_centerness: 0.5654
2026/03/11 02:06:03 - mmengine - INFO - Epoch(train)   [2][ 700/1154]  base_lr: 1.2500e-03 lr: 1.2500e-03  eta: 5:27:11  time: 0.1727  data_time: 0.0015  memory: 708  grad_norm: 7.5876  loss: 1.0048  loss_cls: 0.1754  loss_bbox: 0.2513  loss_centerness: 0.5782
2026/03/11 02:06:12 - mmengine - INFO - Epoch(train)   [2][ 750/1154]  base_lr: 1.2500e-03 lr: 1.2500e-03  eta: 5:27:05  time: 0.1738  data_time: 0.0015  memory: 708  grad_norm: 8.9813  loss: 1.0678  loss_cls: 0.1779  loss_bbox: 0.3072  loss_centerness: 0.5827
2026/03/11 02:06:21 - mmengine - INFO - Epoch(train)   [2][ 800/1154]  base_lr: 1.2500e-03 lr: 1.2500e-03  eta: 5:26:49  time: 0.1701  data_time: 0.0012  memory: 708  grad_norm: 8.1467  loss: 1.0618  loss_cls: 0.2106  loss_bbox: 0.2770  loss_centerness: 0.5742
2026/03/11 02:06:29 - mmengine - INFO - Exp name: fcos_minecraft_20260311_015948
2026/03/11 02:06:29 - mmengine - INFO - Epoch(train)   [2][ 850/1154]  base_lr: 1.2500e-03 lr: 1.2500e-03  eta: 5:26:44  time: 0.1743  data_time: 0.0013  memory: 708  grad_norm: 8.1769  loss: 1.0781  loss_cls: 0.2289  loss_bbox: 0.2816  loss_centerness: 0.5677
2026/03/11 02:06:38 - mmengine - INFO - Epoch(train)   [2][ 900/1154]  base_lr: 1.2500e-03 lr: 1.2500e-03  eta: 5:26:41  time: 0.1749  data_time: 0.0010  memory: 708  grad_norm: 7.6384  loss: 1.0123  loss_cls: 0.1685  loss_bbox: 0.2746  loss_centerness: 0.5692
2026/03/11 02:06:48 - mmengine - INFO - Epoch(train)   [2][ 950/1154]  base_lr: 1.2500e-03 lr: 1.2500e-03  eta: 5:27:28  time: 0.1936  data_time: 0.0019  memory: 708  grad_norm: 7.8763  loss: 1.0596  loss_cls: 0.1993  loss_bbox: 0.2930  loss_centerness: 0.5672
2026/03/11 02:06:57 - mmengine - INFO - Epoch(train)   [2][1000/1154]  base_lr: 1.2500e-03 lr: 1.2500e-03  eta: 5:27:40  time: 0.1812  data_time: 0.0019  memory: 708  grad_norm: 7.3292  loss: 0.9406  loss_cls: 0.1670  loss_bbox: 0.2105  loss_centerness: 0.5631
2026/03/11 02:07:06 - mmengine - INFO - Epoch(train)   [2][1050/1154]  base_lr: 1.2500e-03 lr: 1.2500e-03  eta: 5:28:04  time: 0.1863  data_time: 0.0020  memory: 708  grad_norm: 6.9409  loss: 0.9621  loss_cls: 0.1533  loss_bbox: 0.2456  loss_centerness: 0.5632
2026/03/11 02:07:15 - mmengine - INFO - Epoch(train)   [2][1100/1154]  base_lr: 1.2500e-03 lr: 1.2500e-03  eta: 5:28:05  time: 0.1781  data_time: 0.0014  memory: 708  grad_norm: 7.7681  loss: 1.0066  loss_cls: 0.1842  loss_bbox: 0.2470  loss_centerness: 0.5755
2026/03/11 02:07:24 - mmengine - INFO - Epoch(train)   [2][1150/1154]  base_lr: 1.2500e-03 lr: 1.2500e-03  eta: 5:28:06  time: 0.1777  data_time: 0.0011  memory: 708  grad_norm: 6.7918  loss: 0.9765  loss_cls: 0.1717  loss_bbox: 0.2364  loss_centerness: 0.5683
2026/03/11 02:07:25 - mmengine - INFO - Exp name: fcos_minecraft_20260311_015948
2026/03/11 02:07:25 - mmengine - INFO - Saving checkpoint at 2 epochs
2026/03/11 02:07:28 - mmengine - INFO - Epoch(val)   [2][ 50/422]    eta: 0:00:18  time: 0.0504  data_time: 0.0010  memory: 708  
2026/03/11 02:07:31 - mmengine - INFO - Epoch(val)   [2][100/422]    eta: 0:00:17  time: 0.0564  data_time: 0.0008  memory: 403  
2026/03/11 02:07:34 - mmengine - INFO - Epoch(val)   [2][150/422]    eta: 0:00:14  time: 0.0558  data_time: 0.0007  memory: 403  
2026/03/11 02:07:37 - mmengine - INFO - Epoch(val)   [2][200/422]    eta: 0:00:12  time: 0.0562  data_time: 0.0008  memory: 403  
2026/03/11 02:07:40 - mmengine - INFO - Epoch(val)   [2][250/422]    eta: 0:00:09  time: 0.0564  data_time: 0.0008  memory: 403  
2026/03/11 02:07:42 - mmengine - INFO - Epoch(val)   [2][300/422]    eta: 0:00:06  time: 0.0552  data_time: 0.0011  memory: 403  
2026/03/11 02:07:45 - mmengine - INFO - Epoch(val)   [2][350/422]    eta: 0:00:03  time: 0.0554  data_time: 0.0003  memory: 403  
2026/03/11 02:07:48 - mmengine - INFO - Epoch(val)   [2][400/422]    eta: 0:00:01  time: 0.0536  data_time: 0.0009  memory: 403  
2026/03/11 02:07:50 - mmengine - INFO - Evaluating bbox...
2026/03/11 02:07:52 - mmengine - INFO - bbox_mAP_copypaste: 0.217 0.384 0.236 0.034 0.127 0.348
2026/03/11 02:07:52 - mmengine - INFO - Epoch(val) [2][422/422]    coco/bbox_mAP: 0.2170  coco/bbox_mAP_50: 0.3840  coco/bbox_mAP_75: 0.2360  coco/bbox_mAP_s: 0.0340  coco/bbox_mAP_m: 0.1270  coco/bbox_mAP_l: 0.3480  data_time: 0.0008  time: 0.0551
2026/03/11 02:08:00 - mmengine - INFO - Epoch(train)   [3][  50/1154]  base_lr: 1.2500e-03 lr: 1.2500e-03  eta: 5:27:56  time: 0.1748  data_time: 0.0020  memory: 708  grad_norm: 5.9896  loss: 0.9608  loss_cls: 0.1663  loss_bbox: 0.2230  loss_centerness: 0.5715
2026/03/11 02:08:08 - mmengine - INFO - Epoch(train)   [3][ 100/1154]  base_lr: 1.2500e-03 lr: 1.2500e-03  eta: 5:27:22  time: 0.1631  data_time: 0.0013  memory: 708  grad_norm: 6.5428  loss: 0.9646  loss_cls: 0.1525  loss_bbox: 0.2409  loss_centerness: 0.5713
2026/03/11 02:08:17 - mmengine - INFO - Epoch(train)   [3][ 150/1154]  base_lr: 1.2500e-03 lr: 1.2500e-03  eta: 5:26:52  time: 0.1646  data_time: 0.0013  memory: 708  grad_norm: 6.0994  loss: 0.9227  loss_cls: 0.1450  loss_bbox: 0.2134  loss_centerness: 0.5642
2026/03/11 02:08:24 - mmengine - INFO - Epoch(train)   [3][ 200/1154]  base_lr: 1.2500e-03 lr: 1.2500e-03  eta: 5:25:34  time: 0.1431  data_time: 0.0014  memory: 708  grad_norm: 6.4247  loss: 0.9325  loss_cls: 0.1547  loss_bbox: 0.2164  loss_centerness: 0.5614
2026/03/11 02:08:31 - mmengine - INFO - Epoch(train)   [3][ 250/1154]  base_lr: 1.2500e-03 lr: 1.2500e-03  eta: 5:24:06  time: 0.1368  data_time: 0.0014  memory: 708  grad_norm: 6.4357  loss: 0.9275  loss_cls: 0.1339  loss_bbox: 0.2240  loss_centerness: 0.5695
2026/03/11 02:08:38 - mmengine - INFO - Epoch(train)   [3][ 300/1154]  base_lr: 1.2500e-03 lr: 1.2500e-03  eta: 5:23:22  time: 0.1559  data_time: 0.0019  memory: 708  grad_norm: 6.4078  loss: 0.9507  loss_cls: 0.1337  loss_bbox: 0.2473  loss_centerness: 0.5696
2026/03/11 02:08:46 - mmengine - INFO - Epoch(train)   [3][ 350/1154]  base_lr: 1.2500e-03 lr: 1.2500e-03  eta: 5:22:47  time: 0.1595  data_time: 0.0017  memory: 708  grad_norm: 6.6132  loss: 0.9295  loss_cls: 0.1363  loss_bbox: 0.2249  loss_centerness: 0.5683
2026/03/11 02:08:55 - mmengine - INFO - Epoch(train)   [3][ 400/1154]  base_lr: 1.2500e-03 lr: 1.2500e-03  eta: 5:22:46  time: 0.1754  data_time: 0.0010  memory: 708  grad_norm: 6.7281  loss: 0.9202  loss_cls: 0.1513  loss_bbox: 0.2049  loss_centerness: 0.5640
2026/03/11 02:09:04 - mmengine - INFO - Epoch(train)   [3][ 450/1154]  base_lr: 1.2500e-03 lr: 1.2500e-03  eta: 5:22:40  time: 0.1733  data_time: 0.0012  memory: 708  grad_norm: 6.1658  loss: 0.9123  loss_cls: 0.1384  loss_bbox: 0.2145  loss_centerness: 0.5594
2026/03/11 02:09:13 - mmengine - INFO - Epoch(train)   [3][ 500/1154]  base_lr: 1.2500e-03 lr: 1.2500e-03  eta: 5:22:39  time: 0.1759  data_time: 0.0017  memory: 708  grad_norm: 5.8752  loss: 0.8854  loss_cls: 0.1119  loss_bbox: 0.2054  loss_centerness: 0.5681
2026/03/11 02:09:22 - mmengine - INFO - Epoch(train)   [3][ 550/1154]  base_lr: 1.2500e-03 lr: 1.2500e-03  eta: 5:22:41  time: 0.1769  data_time: 0.0013  memory: 708  grad_norm: 6.4629  loss: 0.8988  loss_cls: 0.1313  loss_bbox: 0.1955  loss_centerness: 0.5719
2026/03/11 02:09:30 - mmengine - INFO - Epoch(train)   [3][ 600/1154]  base_lr: 1.2500e-03 lr: 1.2500e-03  eta: 5:22:38  time: 0.1752  data_time: 0.0014  memory: 708  grad_norm: 7.8689  loss: 0.9560  loss_cls: 0.1596  loss_bbox: 0.2288  loss_centerness: 0.5677
2026/03/11 02:09:39 - mmengine - INFO - Epoch(train)   [3][ 650/1154]  base_lr: 1.2500e-03 lr: 1.2500e-03  eta: 5:22:35  time: 0.1749  data_time: 0.0014  memory: 708  grad_norm: 6.2573  loss: 0.9013  loss_cls: 0.1162  loss_bbox: 0.2179  loss_centerness: 0.5672
2026/03/11 02:09:47 - mmengine - INFO - Exp name: fcos_minecraft_20260311_015948
2026/03/11 02:09:48 - mmengine - INFO - Epoch(train)   [3][ 700/1154]  base_lr: 1.2500e-03 lr: 1.2500e-03  eta: 5:22:42  time: 0.1805  data_time: 0.0013  memory: 708  grad_norm: 7.0098  loss: 0.9755  loss_cls: 0.1764  loss_bbox: 0.2329  loss_centerness: 0.5662
2026/03/11 02:09:57 - mmengine - INFO - Epoch(train)   [3][ 750/1154]  base_lr: 1.2500e-03 lr: 1.2500e-03  eta: 5:22:46  time: 0.1795  data_time: 0.0014  memory: 708  grad_norm: 8.7839  loss: 1.0282  loss_cls: 0.1742  loss_bbox: 0.2881  loss_centerness: 0.5659
2026/03/11 02:10:06 - mmengine - INFO - Epoch(train)   [3][ 800/1154]  base_lr: 1.2500e-03 lr: 1.2500e-03  eta: 5:22:43  time: 0.1750  data_time: 0.0018  memory: 708  grad_norm: 7.2516  loss: 0.9904  loss_cls: 0.1560  loss_bbox: 0.2685  loss_centerness: 0.5659
2026/03/11 02:10:15 - mmengine - INFO - Epoch(train)   [3][ 850/1154]  base_lr: 1.2500e-03 lr: 1.2500e-03  eta: 5:22:42  time: 0.1769  data_time: 0.0010  memory: 708  grad_norm: 6.7956  loss: 0.9466  loss_cls: 0.1504  loss_bbox: 0.2238  loss_centerness: 0.5724
2026/03/11 02:10:23 - mmengine - INFO - Epoch(train)   [3][ 900/1154]  base_lr: 1.2500e-03 lr: 1.2500e-03  eta: 5:22:42  time: 0.1773  data_time: 0.0015  memory: 708  grad_norm: 5.9666  loss: 0.8759  loss_cls: 0.1334  loss_bbox: 0.1804  loss_centerness: 0.5621
2026/03/11 02:10:32 - mmengine - INFO - Epoch(train)   [3][ 950/1154]  base_lr: 1.2500e-03 lr: 1.2500e-03  eta: 5:22:36  time: 0.1743  data_time: 0.0012  memory: 708  grad_norm: 6.4377  loss: 0.9507  loss_cls: 0.1441  loss_bbox: 0.2415  loss_centerness: 0.5652
2026/03/11 02:10:41 - mmengine - INFO - Epoch(train)   [3][1000/1154]  base_lr: 1.2500e-03 lr: 1.2500e-03  eta: 5:22:35  time: 0.1771  data_time: 0.0018  memory: 708  grad_norm: 5.8527  loss: 0.9287  loss_cls: 0.1401  loss_bbox: 0.2189  loss_centerness: 0.5697
2026/03/11 02:10:50 - mmengine - INFO - Epoch(train)   [3][1050/1154]  base_lr: 1.2500e-03 lr: 1.2500e-03  eta: 5:22:29  time: 0.1745  data_time: 0.0016  memory: 708  grad_norm: 7.3155  loss: 0.9558  loss_cls: 0.1357  loss_bbox: 0.2557  loss_centerness: 0.5644
2026/03/11 02:10:59 - mmengine - INFO - Epoch(train)   [3][1100/1154]  base_lr: 1.2500e-03 lr: 1.2500e-03  eta: 5:22:24  time: 0.1750  data_time: 0.0011  memory: 708  grad_norm: 6.4840  loss: 0.9242  loss_cls: 0.1265  loss_bbox: 0.2321  loss_centerness: 0.5656
2026/03/11 02:11:07 - mmengine - INFO - Epoch(train)   [3][1150/1154]  base_lr: 1.2500e-03 lr: 1.2500e-03  eta: 5:22:20  time: 0.1753  data_time: 0.0011  memory: 708  grad_norm: 6.7419  loss: 0.9465  loss_cls: 0.1530  loss_bbox: 0.2235  loss_centerness: 0.5701
2026/03/11 02:11:08 - mmengine - INFO - Exp name: fcos_minecraft_20260311_015948
2026/03/11 02:11:08 - mmengine - INFO - Saving checkpoint at 3 epochs
2026/03/11 02:11:12 - mmengine - INFO - Epoch(val)   [3][ 50/422]    eta: 0:00:19  time: 0.0531  data_time: 0.0011  memory: 708  
2026/03/11 02:11:15 - mmengine - INFO - Epoch(val)   [3][100/422]    eta: 0:00:16  time: 0.0524  data_time: 0.0004  memory: 403  
2026/03/11 02:11:17 - mmengine - INFO - Epoch(val)   [3][150/422]    eta: 0:00:14  time: 0.0560  data_time: 0.0009  memory: 403  
2026/03/11 02:11:20 - mmengine - INFO - Epoch(val)   [3][200/422]    eta: 0:00:11  time: 0.0536  data_time: 0.0005  memory: 403  
2026/03/11 02:11:23 - mmengine - INFO - Epoch(val)   [3][250/422]    eta: 0:00:09  time: 0.0528  data_time: 0.0005  memory: 403  
2026/03/11 02:11:25 - mmengine - INFO - Epoch(val)   [3][300/422]    eta: 0:00:06  time: 0.0516  data_time: 0.0010  memory: 403  
2026/03/11 02:11:28 - mmengine - INFO - Epoch(val)   [3][350/422]    eta: 0:00:03  time: 0.0504  data_time: 0.0008  memory: 403  
2026/03/11 02:11:31 - mmengine - INFO - Epoch(val)   [3][400/422]    eta: 0:00:01  time: 0.0544  data_time: 0.0007  memory: 403  
2026/03/11 02:11:32 - mmengine - INFO - Evaluating bbox...
2026/03/11 02:11:33 - mmengine - INFO - bbox_mAP_copypaste: 0.226 0.348 0.261 0.001 0.160 0.349
2026/03/11 02:11:33 - mmengine - INFO - Epoch(val) [3][422/422]    coco/bbox_mAP: 0.2260  coco/bbox_mAP_50: 0.3480  coco/bbox_mAP_75: 0.2610  coco/bbox_mAP_s: 0.0010  coco/bbox_mAP_m: 0.1600  coco/bbox_mAP_l: 0.3490  data_time: 0.0007  time: 0.0531
2026/03/11 02:11:42 - mmengine - INFO - Epoch(train)   [4][  50/1154]  base_lr: 1.2500e-03 lr: 1.2500e-03  eta: 5:22:09  time: 0.1727  data_time: 0.0016  memory: 708  grad_norm: 5.8002  loss: 0.8736  loss_cls: 0.1084  loss_bbox: 0.1993  loss_centerness: 0.5659
2026/03/11 02:11:50 - mmengine - INFO - Epoch(train)   [4][ 100/1154]  base_lr: 1.2500e-03 lr: 1.2500e-03  eta: 5:21:46  time: 0.1637  data_time: 0.0018  memory: 708  grad_norm: 5.3167  loss: 0.8712  loss_cls: 0.1031  loss_bbox: 0.2057  loss_centerness: 0.5623
2026/03/11 02:11:58 - mmengine - INFO - Epoch(train)   [4][ 150/1154]  base_lr: 1.2500e-03 lr: 1.2500e-03  eta: 5:21:22  time: 0.1628  data_time: 0.0013  memory: 708  grad_norm: 5.7636  loss: 0.8724  loss_cls: 0.0995  loss_bbox: 0.2071  loss_centerness: 0.5658
2026/03/11 02:12:05 - mmengine - INFO - Epoch(train)   [4][ 200/1154]  base_lr: 1.2500e-03 lr: 1.2500e-03  eta: 5:20:17  time: 0.1354  data_time: 0.0016  memory: 708  grad_norm: 6.9545  loss: 0.9177  loss_cls: 0.1261  loss_bbox: 0.2245  loss_centerness: 0.5670
2026/03/11 02:12:12 - mmengine - INFO - Epoch(train)   [4][ 250/1154]  base_lr: 1.2500e-03 lr: 1.2500e-03  eta: 5:19:25  time: 0.1428  data_time: 0.0014  memory: 708  grad_norm: 6.1202  loss: 0.8962  loss_cls: 0.1137  loss_bbox: 0.2062  loss_centerness: 0.5762
2026/03/11 02:12:19 - mmengine - INFO - Epoch(train)   [4][ 300/1154]  base_lr: 1.2500e-03 lr: 1.2500e-03  eta: 5:18:34  time: 0.1433  data_time: 0.0016  memory: 708  grad_norm: 5.7855  loss: 0.8870  loss_cls: 0.1264  loss_bbox: 0.1931  loss_centerness: 0.5676
2026/03/11 02:12:27 - mmengine - INFO - Epoch(train)   [4][ 350/1154]  base_lr: 1.2500e-03 lr: 1.2500e-03  eta: 5:18:10  time: 0.1606  data_time: 0.0017  memory: 708  grad_norm: 5.9791  loss: 0.9071  loss_cls: 0.1244  loss_bbox: 0.2125  loss_centerness: 0.5702
2026/03/11 02:12:36 - mmengine - INFO - Epoch(train)   [4][ 400/1154]  base_lr: 1.2500e-03 lr: 1.2500e-03  eta: 5:18:15  time: 0.1802  data_time: 0.0018  memory: 708  grad_norm: 6.3256  loss: 0.8940  loss_cls: 0.1200  loss_bbox: 0.2110  loss_centerness: 0.5630
2026/03/11 02:12:45 - mmengine - INFO - Epoch(train)   [4][ 450/1154]  base_lr: 1.2500e-03 lr: 1.2500e-03  eta: 5:18:14  time: 0.1769  data_time: 0.0016  memory: 708  grad_norm: 6.1007  loss: 0.8842  loss_cls: 0.1324  loss_bbox: 0.1827  loss_centerness: 0.5691
2026/03/11 02:12:54 - mmengine - INFO - Epoch(train)   [4][ 500/1154]  base_lr: 1.2500e-03 lr: 1.2500e-03  eta: 5:18:12  time: 0.1756  data_time: 0.0011  memory: 708  grad_norm: 5.9929  loss: 0.8758  loss_cls: 0.1110  loss_bbox: 0.2034  loss_centerness: 0.5614
2026/03/11 02:13:01 - mmengine - INFO - Exp name: fcos_minecraft_20260311_015948
2026/03/11 02:13:03 - mmengine - INFO - Epoch(train)   [4][ 550/1154]  base_lr: 1.2500e-03 lr: 1.2500e-03  eta: 5:18:13  time: 0.1785  data_time: 0.0019  memory: 708  grad_norm: 6.0529  loss: 0.8554  loss_cls: 0.1007  loss_bbox: 0.1873  loss_centerness: 0.5674
2026/03/11 02:13:12 - mmengine - INFO - Epoch(train)   [4][ 600/1154]  base_lr: 1.2500e-03 lr: 1.2500e-03  eta: 5:18:05  time: 0.1717  data_time: 0.0018  memory: 708  grad_norm: 6.3439  loss: 0.8979  loss_cls: 0.1365  loss_bbox: 0.2028  loss_centerness: 0.5586
2026/03/11 02:13:20 - mmengine - INFO - Epoch(train)   [4][ 650/1154]  base_lr: 1.2500e-03 lr: 1.2500e-03  eta: 5:18:03  time: 0.1762  data_time: 0.0018  memory: 708  grad_norm: 5.7978  loss: 0.8922  loss_cls: 0.1194  loss_bbox: 0.2084  loss_centerness: 0.5644
2026/03/11 02:13:29 - mmengine - INFO - Epoch(train)   [4][ 700/1154]  base_lr: 1.2500e-03 lr: 1.2500e-03  eta: 5:18:00  time: 0.1757  data_time: 0.0009  memory: 708  grad_norm: 6.0032  loss: 0.8684  loss_cls: 0.0897  loss_bbox: 0.2167  loss_centerness: 0.5621
2026/03/11 02:13:38 - mmengine - INFO - Epoch(train)   [4][ 750/1154]  base_lr: 1.2500e-03 lr: 1.2500e-03  eta: 5:17:57  time: 0.1755  data_time: 0.0017  memory: 708  grad_norm: 5.5557  loss: 0.8416  loss_cls: 0.1066  loss_bbox: 0.1758  loss_centerness: 0.5592
2026/03/11 02:13:47 - mmengine - INFO - Epoch(train)   [4][ 800/1154]  base_lr: 1.2500e-03 lr: 1.2500e-03  eta: 5:18:02  time: 0.1820  data_time: 0.0018  memory: 708  grad_norm: 6.1030  loss: 0.8495  loss_cls: 0.1074  loss_bbox: 0.1814  loss_centerness: 0.5607
2026/03/11 02:13:56 - mmengine - INFO - Epoch(train)   [4][ 850/1154]  base_lr: 1.2500e-03 lr: 1.2500e-03  eta: 5:18:01  time: 0.1778  data_time: 0.0012  memory: 708  grad_norm: 6.1287  loss: 0.8621  loss_cls: 0.0925  loss_bbox: 0.2000  loss_centerness: 0.5696
2026/03/11 02:14:05 - mmengine - INFO - Epoch(train)   [4][ 900/1154]  base_lr: 1.2500e-03 lr: 1.2500e-03  eta: 5:18:01  time: 0.1790  data_time: 0.0018  memory: 708  grad_norm: 7.4720  loss: 0.9558  loss_cls: 0.1740  loss_bbox: 0.2113  loss_centerness: 0.5705
2026/03/11 02:14:14 - mmengine - INFO - Epoch(train)   [4][ 950/1154]  base_lr: 1.2500e-03 lr: 1.2500e-03  eta: 5:18:05  time: 0.1812  data_time: 0.0018  memory: 708  grad_norm: 6.3547  loss: 0.8825  loss_cls: 0.1145  loss_bbox: 0.2048  loss_centerness: 0.5633
2026/03/11 02:14:23 - mmengine - INFO - Epoch(train)   [4][1000/1154]  base_lr: 1.2500e-03 lr: 1.2500e-03  eta: 5:18:06  time: 0.1800  data_time: 0.0012  memory: 708  grad_norm: 5.8338  loss: 0.8548  loss_cls: 0.1085  loss_bbox: 0.1859  loss_centerness: 0.5604
2026/03/11 02:14:32 - mmengine - INFO - Epoch(train)   [4][1050/1154]  base_lr: 1.2500e-03 lr: 1.2500e-03  eta: 5:18:02  time: 0.1757  data_time: 0.0011  memory: 708  grad_norm: 5.4920  loss: 0.8670  loss_cls: 0.0993  loss_bbox: 0.2124  loss_centerness: 0.5553
2026/03/11 02:14:41 - mmengine - INFO - Epoch(train)   [4][1100/1154]  base_lr: 1.2500e-03 lr: 1.2500e-03  eta: 5:18:00  time: 0.1777  data_time: 0.0014  memory: 708  grad_norm: 7.0068  loss: 0.9214  loss_cls: 0.1339  loss_bbox: 0.2258  loss_centerness: 0.5617
2026/03/11 02:14:49 - mmengine - INFO - Epoch(train)   [4][1150/1154]  base_lr: 1.2500e-03 lr: 1.2500e-03  eta: 5:17:55  time: 0.1749  data_time: 0.0016  memory: 708  grad_norm: 6.7532  loss: 0.8975  loss_cls: 0.1181  loss_bbox: 0.2143  loss_centerness: 0.5651
2026/03/11 02:14:50 - mmengine - INFO - Exp name: fcos_minecraft_20260311_015948
2026/03/11 02:14:50 - mmengine - INFO - Saving checkpoint at 4 epochs
2026/03/11 02:14:54 - mmengine - INFO - Epoch(val)   [4][ 50/422]    eta: 0:00:18  time: 0.0495  data_time: 0.0008  memory: 708  
2026/03/11 02:14:57 - mmengine - INFO - Epoch(val)   [4][100/422]    eta: 0:00:16  time: 0.0550  data_time: 0.0008  memory: 403  
2026/03/11 02:14:59 - mmengine - INFO - Epoch(val)   [4][150/422]    eta: 0:00:14  time: 0.0525  data_time: 0.0007  memory: 403  
2026/03/11 02:15:02 - mmengine - INFO - Epoch(val)   [4][200/422]    eta: 0:00:11  time: 0.0537  data_time: 0.0006  memory: 403  
2026/03/11 02:15:04 - mmengine - INFO - Epoch(val)   [4][250/422]    eta: 0:00:08  time: 0.0507  data_time: 0.0006  memory: 403  
2026/03/11 02:15:07 - mmengine - INFO - Epoch(val)   [4][300/422]    eta: 0:00:06  time: 0.0570  data_time: 0.0013  memory: 403  
2026/03/11 02:15:10 - mmengine - INFO - Epoch(val)   [4][350/422]    eta: 0:00:03  time: 0.0551  data_time: 0.0005  memory: 403  
2026/03/11 02:15:16 - mmengine - INFO - Epoch(val)   [4][400/422]    eta: 0:00:01  time: 0.1136  data_time: 0.0110  memory: 403  
2026/03/11 02:15:18 - mmengine - INFO - Evaluating bbox...
2026/03/11 02:15:21 - mmengine - INFO - bbox_mAP_copypaste: 0.235 0.436 0.242 0.010 0.136 0.361
2026/03/11 02:15:21 - mmengine - INFO - Epoch(val) [4][422/422]    coco/bbox_mAP: 0.2350  coco/bbox_mAP_50: 0.4360  coco/bbox_mAP_75: 0.2420  coco/bbox_mAP_s: 0.0100  coco/bbox_mAP_m: 0.1360  coco/bbox_mAP_l: 0.3610  data_time: 0.0020  time: 0.0615
2026/03/11 02:15:32 - mmengine - INFO - Epoch(train)   [5][  50/1154]  base_lr: 1.2500e-03 lr: 1.2500e-03  eta: 5:18:31  time: 0.2104  data_time: 0.0078  memory: 708  grad_norm: 5.9826  loss: 0.8436  loss_cls: 0.1140  loss_bbox: 0.1742  loss_centerness: 0.5553
2026/03/11 02:15:42 - mmengine - INFO - Epoch(train)   [5][ 100/1154]  base_lr: 1.2500e-03 lr: 1.2500e-03  eta: 5:19:04  time: 0.2083  data_time: 0.0053  memory: 708  grad_norm: 5.5202  loss: 0.8477  loss_cls: 0.0921  loss_bbox: 0.1893  loss_centerness: 0.5662
2026/03/11 02:15:50 - mmengine - INFO - Epoch(train)   [5][ 150/1154]  base_lr: 1.2500e-03 lr: 1.2500e-03  eta: 5:18:44  time: 0.1635  data_time: 0.0069  memory: 708  grad_norm: 5.0688  loss: 0.8239  loss_cls: 0.0814  loss_bbox: 0.1801  loss_centerness: 0.5624
2026/03/11 02:15:56 - mmengine - INFO - Epoch(train)   [5][ 200/1154]  base_lr: 1.2500e-03 lr: 1.2500e-03  eta: 5:17:15  time: 0.1027  data_time: 0.0013  memory: 708  grad_norm: 6.3364  loss: 0.8968  loss_cls: 0.1234  loss_bbox: 0.2066  loss_centerness: 0.5668
2026/03/11 02:16:01 - mmengine - INFO - Epoch(train)   [5][ 250/1154]  base_lr: 1.2500e-03 lr: 1.2500e-03  eta: 5:15:50  time: 0.1043  data_time: 0.0018  memory: 708  grad_norm: 5.4424  loss: 0.8241  loss_cls: 0.0857  loss_bbox: 0.1770  loss_centerness: 0.5613
2026/03/11 02:16:05 - mmengine - INFO - Epoch(train)   [5][ 300/1154]  base_lr: 1.2500e-03 lr: 1.2500e-03  eta: 5:14:01  time: 0.0828  data_time: 0.0011  memory: 708  grad_norm: 5.7311  loss: 0.8492  loss_cls: 0.1021  loss_bbox: 0.1903  loss_centerness: 0.5568
2026/03/11 02:16:11 - mmengine - INFO - Epoch(train)   [5][ 350/1154]  base_lr: 1.2500e-03 lr: 1.2500e-03  eta: 5:12:55  time: 0.1182  data_time: 0.0012  memory: 708  grad_norm: 6.9309  loss: 0.8749  loss_cls: 0.1074  loss_bbox: 0.2017  loss_centerness: 0.5657
2026/03/11 02:16:15 - mmengine - INFO - Exp name: fcos_minecraft_20260311_015948
2026/03/11 02:16:17 - mmengine - INFO - Epoch(train)   [5][ 400/1154]  base_lr: 1.2500e-03 lr: 1.2500e-03  eta: 5:11:55  time: 0.1235  data_time: 0.0014  memory: 708  grad_norm: 5.5176  loss: 0.8430  loss_cls: 0.0829  loss_bbox: 0.1982  loss_centerness: 0.5618
2026/03/11 02:16:23 - mmengine - INFO - Epoch(train)   [5][ 450/1154]  base_lr: 1.2500e-03 lr: 1.2500e-03  eta: 5:10:57  time: 0.1244  data_time: 0.0016  memory: 708  grad_norm: 5.4177  loss: 0.8222  loss_cls: 0.0802  loss_bbox: 0.1761  loss_centerness: 0.5659
2026/03/11 02:16:29 - mmengine - INFO - Epoch(train)   [5][ 500/1154]  base_lr: 1.2500e-03 lr: 1.2500e-03  eta: 5:09:56  time: 0.1198  data_time: 0.0015  memory: 708  grad_norm: 6.0098  loss: 0.8769  loss_cls: 0.0990  loss_bbox: 0.2104  loss_centerness: 0.5675
2026/03/11 02:16:35 - mmengine - INFO - Epoch(train)   [5][ 550/1154]  base_lr: 1.2500e-03 lr: 1.2500e-03  eta: 5:08:54  time: 0.1190  data_time: 0.0016  memory: 708  grad_norm: 6.9163  loss: 0.8975  loss_cls: 0.1431  loss_bbox: 0.1938  loss_centerness: 0.5607
2026/03/11 02:16:41 - mmengine - INFO - Epoch(train)   [5][ 600/1154]  base_lr: 1.2500e-03 lr: 1.2500e-03  eta: 5:07:54  time: 0.1193  data_time: 0.0014  memory: 708  grad_norm: 6.1603  loss: 0.8799  loss_cls: 0.1292  loss_bbox: 0.1860  loss_centerness: 0.5647
2026/03/11 02:16:47 - mmengine - INFO - Epoch(train)   [5][ 650/1154]  base_lr: 1.2500e-03 lr: 1.2500e-03  eta: 5:06:56  time: 0.1195  data_time: 0.0014  memory: 708  grad_norm: 5.5487  loss: 0.8450  loss_cls: 0.0964  loss_bbox: 0.1918  loss_centerness: 0.5567
2026/03/11 02:16:54 - mmengine - INFO - Epoch(train)   [5][ 700/1154]  base_lr: 1.2500e-03 lr: 1.2500e-03  eta: 5:06:13  time: 0.1337  data_time: 0.0026  memory: 708  grad_norm: 5.5139  loss: 0.8651  loss_cls: 0.0928  loss_bbox: 0.2050  loss_centerness: 0.5673
2026/03/11 02:17:00 - mmengine - INFO - Epoch(train)   [5][ 750/1154]  base_lr: 1.2500e-03 lr: 1.2500e-03  eta: 5:05:22  time: 0.1252  data_time: 0.0015  memory: 708  grad_norm: 5.3363  loss: 0.8626  loss_cls: 0.1048  loss_bbox: 0.1940  loss_centerness: 0.5638
2026/03/11 02:17:06 - mmengine - INFO - Epoch(train)   [5][ 800/1154]  base_lr: 1.2500e-03 lr: 1.2500e-03  eta: 5:04:27  time: 0.1212  data_time: 0.0011  memory: 708  grad_norm: 6.0041  loss: 0.8372  loss_cls: 0.0848  loss_bbox: 0.1945  loss_centerness: 0.5578
2026/03/11 02:17:12 - mmengine - INFO - Epoch(train)   [5][ 850/1154]  base_lr: 1.2500e-03 lr: 1.2500e-03  eta: 5:03:36  time: 0.1232  data_time: 0.0015  memory: 708  grad_norm: 7.2342  loss: 0.8619  loss_cls: 0.1099  loss_bbox: 0.1869  loss_centerness: 0.5651
2026/03/11 02:17:18 - mmengine - INFO - Epoch(train)   [5][ 900/1154]  base_lr: 1.2500e-03 lr: 1.2500e-03  eta: 5:02:45  time: 0.1228  data_time: 0.0013  memory: 708  grad_norm: 5.8987  loss: 0.8495  loss_cls: 0.1102  loss_bbox: 0.1745  loss_centerness: 0.5647
2026/03/11 02:17:25 - mmengine - INFO - Epoch(train)   [5][ 950/1154]  base_lr: 1.2500e-03 lr: 1.2500e-03  eta: 5:01:55  time: 0.1238  data_time: 0.0014  memory: 708  grad_norm: 5.2602  loss: 0.8470  loss_cls: 0.1081  loss_bbox: 0.1765  loss_centerness: 0.5624
2026/03/11 02:17:31 - mmengine - INFO - Epoch(train)   [5][1000/1154]  base_lr: 1.2500e-03 lr: 1.2500e-03  eta: 5:01:07  time: 0.1238  data_time: 0.0015  memory: 708  grad_norm: 5.9041  loss: 0.8671  loss_cls: 0.1023  loss_bbox: 0.1991  loss_centerness: 0.5657
2026/03/11 02:17:37 - mmengine - INFO - Epoch(train)   [5][1050/1154]  base_lr: 1.2500e-03 lr: 1.2500e-03  eta: 5:00:17  time: 0.1213  data_time: 0.0011  memory: 708  grad_norm: 6.4199  loss: 0.8373  loss_cls: 0.0926  loss_bbox: 0.1812  loss_centerness: 0.5635
2026/03/11 02:17:43 - mmengine - INFO - Epoch(train)   [5][1100/1154]  base_lr: 1.2500e-03 lr: 1.2500e-03  eta: 4:59:27  time: 0.1210  data_time: 0.0011  memory: 708  grad_norm: 5.3764  loss: 0.8082  loss_cls: 0.0867  loss_bbox: 0.1583  loss_centerness: 0.5632
2026/03/11 02:17:49 - mmengine - INFO - Epoch(train)   [5][1150/1154]  base_lr: 1.2500e-03 lr: 1.2500e-03  eta: 4:58:39  time: 0.1217  data_time: 0.0012  memory: 708  grad_norm: 6.0654  loss: 0.8610  loss_cls: 0.1026  loss_bbox: 0.1976  loss_centerness: 0.5608
2026/03/11 02:17:49 - mmengine - INFO - Exp name: fcos_minecraft_20260311_015948
2026/03/11 02:17:49 - mmengine - INFO - Saving checkpoint at 5 epochs
2026/03/11 02:17:53 - mmengine - INFO - Epoch(val)   [5][ 50/422]    eta: 0:00:14  time: 0.0379  data_time: 0.0011  memory: 708  
2026/03/11 02:17:54 - mmengine - INFO - Epoch(val)   [5][100/422]    eta: 0:00:12  time: 0.0388  data_time: 0.0006  memory: 403  
2026/03/11 02:17:57 - mmengine - INFO - Epoch(val)   [5][150/422]    eta: 0:00:10  time: 0.0413  data_time: 0.0007  memory: 403  
2026/03/11 02:17:59 - mmengine - INFO - Epoch(val)   [5][200/422]    eta: 0:00:08  time: 0.0415  data_time: 0.0007  memory: 403  
2026/03/11 02:18:01 - mmengine - INFO - Epoch(val)   [5][250/422]    eta: 0:00:06  time: 0.0409  data_time: 0.0005  memory: 403  
2026/03/11 02:18:03 - mmengine - INFO - Epoch(val)   [5][300/422]    eta: 0:00:04  time: 0.0399  data_time: 0.0003  memory: 403  
2026/03/11 02:18:05 - mmengine - INFO - Epoch(val)   [5][350/422]    eta: 0:00:02  time: 0.0370  data_time: 0.0005  memory: 403  
2026/03/11 02:18:07 - mmengine - INFO - Epoch(val)   [5][400/422]    eta: 0:00:00  time: 0.0418  data_time: 0.0013  memory: 403  
2026/03/11 02:18:08 - mmengine - INFO - Evaluating bbox...
2026/03/11 02:18:09 - mmengine - INFO - bbox_mAP_copypaste: 0.257 0.440 0.285 0.021 0.153 0.379
2026/03/11 02:18:09 - mmengine - INFO - Epoch(val) [5][422/422]    coco/bbox_mAP: 0.2570  coco/bbox_mAP_50: 0.4400  coco/bbox_mAP_75: 0.2850  coco/bbox_mAP_s: 0.0210  coco/bbox_mAP_m: 0.1530  coco/bbox_mAP_l: 0.3790  data_time: 0.0007  time: 0.0400
2026/03/11 02:18:15 - mmengine - INFO - Epoch(train)   [6][  50/1154]  base_lr: 1.2500e-03 lr: 1.2500e-03  eta: 4:57:46  time: 0.1209  data_time: 0.0016  memory: 708  grad_norm: 5.8907  loss: 0.8395  loss_cls: 0.1025  loss_bbox: 0.1727  loss_centerness: 0.5643
2026/03/11 02:18:21 - mmengine - INFO - Epoch(train)   [6][ 100/1154]  base_lr: 1.2500e-03 lr: 1.2500e-03  eta: 4:56:58  time: 0.1201  data_time: 0.0013  memory: 708  grad_norm: 5.9422  loss: 0.8069  loss_cls: 0.0930  loss_bbox: 0.1592  loss_centerness: 0.5547
2026/03/11 02:18:25 - mmengine - INFO - Epoch(train)   [6][ 150/1154]  base_lr: 1.2500e-03 lr: 1.2500e-03  eta: 4:55:40  time: 0.0867  data_time: 0.0012  memory: 708  grad_norm: 5.5683  loss: 0.8277  loss_cls: 0.0973  loss_bbox: 0.1713  loss_centerness: 0.5591
2026/03/11 02:18:30 - mmengine - INFO - Epoch(train)   [6][ 200/1154]  base_lr: 1.2500e-03 lr: 1.2500e-03  eta: 4:54:36  time: 0.1014  data_time: 0.0018  memory: 708  grad_norm: 5.4123  loss: 0.8324  loss_cls: 0.0865  loss_bbox: 0.1871  loss_centerness: 0.5588
2026/03/11 02:18:33 - mmengine - INFO - Exp name: fcos_minecraft_20260311_015948
2026/03/11 02:18:35 - mmengine - INFO - Epoch(train)   [6][ 250/1154]  base_lr: 1.2500e-03 lr: 1.2500e-03  eta: 4:53:29  time: 0.0971  data_time: 0.0013  memory: 708  grad_norm: 5.4000  loss: 0.8456  loss_cls: 0.0950  loss_bbox: 0.1907  loss_centerness: 0.5599
2026/03/11 02:18:40 - mmengine - INFO - Epoch(train)   [6][ 300/1154]  base_lr: 1.2500e-03 lr: 1.2500e-03  eta: 4:52:16  time: 0.0889  data_time: 0.0010  memory: 708  grad_norm: 5.0829  loss: 0.8097  loss_cls: 0.0750  loss_bbox: 0.1707  loss_centerness: 0.5640
2026/03/11 02:18:45 - mmengine - INFO - Epoch(train)   [6][ 350/1154]  base_lr: 1.2500e-03 lr: 1.2500e-03  eta: 4:51:14  time: 0.0998  data_time: 0.0013  memory: 708  grad_norm: 5.5431  loss: 0.7950  loss_cls: 0.0821  loss_bbox: 0.1579  loss_centerness: 0.5550
2026/03/11 02:18:51 - mmengine - INFO - Epoch(train)   [6][ 400/1154]  base_lr: 1.2500e-03 lr: 1.2500e-03  eta: 4:50:31  time: 0.1200  data_time: 0.0010  memory: 708  grad_norm: 6.1785  loss: 0.8535  loss_cls: 0.0822  loss_bbox: 0.2057  loss_centerness: 0.5655
2026/03/11 02:18:57 - mmengine - INFO - Epoch(train)   [6][ 450/1154]  base_lr: 1.2500e-03 lr: 1.2500e-03  eta: 4:49:48  time: 0.1195  data_time: 0.0014  memory: 708  grad_norm: 5.4586  loss: 0.7859  loss_cls: 0.0680  loss_bbox: 0.1632  loss_centerness: 0.5547
2026/03/11 02:19:03 - mmengine - INFO - Epoch(train)   [6][ 500/1154]  base_lr: 1.2500e-03 lr: 1.2500e-03  eta: 4:49:06  time: 0.1200  data_time: 0.0018  memory: 708  grad_norm: 5.6749  loss: 0.8117  loss_cls: 0.0809  loss_bbox: 0.1675  loss_centerness: 0.5634
2026/03/11 02:19:09 - mmengine - INFO - Epoch(train)   [6][ 550/1154]  base_lr: 1.2500e-03 lr: 1.2500e-03  eta: 4:48:25  time: 0.1206  data_time: 0.0011  memory: 708  grad_norm: 6.5634  loss: 0.8666  loss_cls: 0.1060  loss_bbox: 0.1950  loss_centerness: 0.5656
2026/03/11 02:19:15 - mmengine - INFO - Epoch(train)   [6][ 600/1154]  base_lr: 1.2500e-03 lr: 1.2500e-03  eta: 4:47:53  time: 0.1310  data_time: 0.0021  memory: 708  grad_norm: 4.8844  loss: 0.8164  loss_cls: 0.0835  loss_bbox: 0.1746  loss_centerness: 0.5584
2026/03/11 02:19:21 - mmengine - INFO - Epoch(train)   [6][ 650/1154]  base_lr: 1.2500e-03 lr: 1.2500e-03  eta: 4:47:13  time: 0.1202  data_time: 0.0014  memory: 708  grad_norm: 5.6744  loss: 0.8168  loss_cls: 0.0784  loss_bbox: 0.1767  loss_centerness: 0.5618
2026/03/11 02:19:28 - mmengine - INFO - Epoch(train)   [6][ 700/1154]  base_lr: 1.2500e-03 lr: 1.2500e-03  eta: 4:46:41  time: 0.1302  data_time: 0.0018  memory: 708  grad_norm: 6.5604  loss: 0.8440  loss_cls: 0.0975  loss_bbox: 0.1830  loss_centerness: 0.5635
2026/03/11 02:19:34 - mmengine - INFO - Epoch(train)   [6][ 750/1154]  base_lr: 1.2500e-03 lr: 1.2500e-03  eta: 4:46:06  time: 0.1245  data_time: 0.0010  memory: 708  grad_norm: 5.5490  loss: 0.8165  loss_cls: 0.0761  loss_bbox: 0.1776  loss_centerness: 0.5628
2026/03/11 02:19:40 - mmengine - INFO - Epoch(train)   [6][ 800/1154]  base_lr: 1.2500e-03 lr: 1.2500e-03  eta: 4:45:29  time: 0.1226  data_time: 0.0014  memory: 708  grad_norm: 5.3596  loss: 0.8143  loss_cls: 0.0852  loss_bbox: 0.1658  loss_centerness: 0.5633
2026/03/11 02:19:46 - mmengine - INFO - Epoch(train)   [6][ 850/1154]  base_lr: 1.2500e-03 lr: 1.2500e-03  eta: 4:44:52  time: 0.1220  data_time: 0.0015  memory: 708  grad_norm: 6.7150  loss: 0.9037  loss_cls: 0.1087  loss_bbox: 0.2205  loss_centerness: 0.5744
2026/03/11 02:19:52 - mmengine - INFO - Epoch(train)   [6][ 900/1154]  base_lr: 1.2500e-03 lr: 1.2500e-03  eta: 4:44:18  time: 0.1255  data_time: 0.0014  memory: 708  grad_norm: 7.2618  loss: 0.8942  loss_cls: 0.1526  loss_bbox: 0.1759  loss_centerness: 0.5657
2026/03/11 02:19:59 - mmengine - INFO - Epoch(train)   [6][ 950/1154]  base_lr: 1.2500e-03 lr: 1.2500e-03  eta: 4:43:42  time: 0.1225  data_time: 0.0012  memory: 708  grad_norm: 5.6329  loss: 0.8489  loss_cls: 0.0899  loss_bbox: 0.1939  loss_centerness: 0.5652
2026/03/11 02:20:05 - mmengine - INFO - Epoch(train)   [6][1000/1154]  base_lr: 1.2500e-03 lr: 1.2500e-03  eta: 4:43:08  time: 0.1232  data_time: 0.0013  memory: 708  grad_norm: 5.9099  loss: 0.8310  loss_cls: 0.1086  loss_bbox: 0.1631  loss_centerness: 0.5593
2026/03/11 02:20:11 - mmengine - INFO - Epoch(train)   [6][1050/1154]  base_lr: 1.2500e-03 lr: 1.2500e-03  eta: 4:42:31  time: 0.1203  data_time: 0.0017  memory: 708  grad_norm: 6.1815  loss: 0.8513  loss_cls: 0.0869  loss_bbox: 0.1990  loss_centerness: 0.5654
2026/03/11 02:20:17 - mmengine - INFO - Epoch(train)   [6][1100/1154]  base_lr: 1.2500e-03 lr: 1.2500e-03  eta: 4:41:54  time: 0.1195  data_time: 0.0014  memory: 708  grad_norm: 5.5772  loss: 0.8325  loss_cls: 0.0797  loss_bbox: 0.1884  loss_centerness: 0.5644
2026/03/11 02:20:23 - mmengine - INFO - Epoch(train)   [6][1150/1154]  base_lr: 1.2500e-03 lr: 1.2500e-03  eta: 4:41:19  time: 0.1204  data_time: 0.0016  memory: 708  grad_norm: 5.6446  loss: 0.8301  loss_cls: 0.0801  loss_bbox: 0.1897  loss_centerness: 0.5603
2026/03/11 02:20:23 - mmengine - INFO - Exp name: fcos_minecraft_20260311_015948
2026/03/11 02:20:23 - mmengine - INFO - Saving checkpoint at 6 epochs
2026/03/11 02:20:27 - mmengine - INFO - Epoch(val)   [6][ 50/422]    eta: 0:00:14  time: 0.0387  data_time: 0.0007  memory: 708  
2026/03/11 02:20:29 - mmengine - INFO - Epoch(val)   [6][100/422]    eta: 0:00:12  time: 0.0398  data_time: 0.0011  memory: 403  
2026/03/11 02:20:31 - mmengine - INFO - Epoch(val)   [6][150/422]    eta: 0:00:10  time: 0.0374  data_time: 0.0005  memory: 403  
2026/03/11 02:20:33 - mmengine - INFO - Epoch(val)   [6][200/422]    eta: 0:00:08  time: 0.0412  data_time: 0.0006  memory: 403  
2026/03/11 02:20:35 - mmengine - INFO - Epoch(val)   [6][250/422]    eta: 0:00:06  time: 0.0388  data_time: 0.0005  memory: 403  
2026/03/11 02:20:37 - mmengine - INFO - Epoch(val)   [6][300/422]    eta: 0:00:04  time: 0.0407  data_time: 0.0010  memory: 403  
2026/03/11 02:20:39 - mmengine - INFO - Epoch(val)   [6][350/422]    eta: 0:00:02  time: 0.0385  data_time: 0.0006  memory: 403  
2026/03/11 02:20:41 - mmengine - INFO - Epoch(val)   [6][400/422]    eta: 0:00:00  time: 0.0367  data_time: 0.0003  memory: 403  
2026/03/11 02:20:42 - mmengine - INFO - Evaluating bbox...
2026/03/11 02:20:43 - mmengine - INFO - bbox_mAP_copypaste: 0.266 0.402 0.308 0.026 0.178 0.397
2026/03/11 02:20:43 - mmengine - INFO - Epoch(val) [6][422/422]    coco/bbox_mAP: 0.2660  coco/bbox_mAP_50: 0.4020  coco/bbox_mAP_75: 0.3080  coco/bbox_mAP_s: 0.0260  coco/bbox_mAP_m: 0.1780  coco/bbox_mAP_l: 0.3970  data_time: 0.0006  time: 0.0388
2026/03/11 02:20:49 - mmengine - INFO - Epoch(train)   [7][  50/1154]  base_lr: 1.2500e-03 lr: 1.2500e-03  eta: 4:40:39  time: 0.1191  data_time: 0.0015  memory: 708  grad_norm: 5.2995  loss: 0.7970  loss_cls: 0.0779  loss_bbox: 0.1538  loss_centerness: 0.5654
2026/03/11 02:20:52 - mmengine - INFO - Exp name: fcos_minecraft_20260311_015948
2026/03/11 02:20:55 - mmengine - INFO - Epoch(train)   [7][ 100/1154]  base_lr: 1.2500e-03 lr: 1.2500e-03  eta: 4:40:04  time: 0.1191  data_time: 0.0009  memory: 708  grad_norm: 6.4548  loss: 0.8339  loss_cls: 0.1042  loss_bbox: 0.1745  loss_centerness: 0.5552
2026/03/11 02:20:59 - mmengine - INFO - Epoch(train)   [7][ 150/1154]  base_lr: 1.2500e-03 lr: 1.2500e-03  eta: 4:39:06  time: 0.0896  data_time: 0.0012  memory: 708  grad_norm: 5.2293  loss: 0.8093  loss_cls: 0.0816  loss_bbox: 0.1717  loss_centerness: 0.5559
2026/03/11 02:21:04 - mmengine - INFO - Epoch(train)   [7][ 200/1154]  base_lr: 1.2500e-03 lr: 1.2500e-03  eta: 4:38:15  time: 0.0979  data_time: 0.0012  memory: 708  grad_norm: 4.8146  loss: 0.7625  loss_cls: 0.0620  loss_bbox: 0.1440  loss_centerness: 0.5565
2026/03/11 02:21:09 - mmengine - INFO - Epoch(train)   [7][ 250/1154]  base_lr: 1.2500e-03 lr: 1.2500e-03  eta: 4:37:24  time: 0.0967  data_time: 0.0010  memory: 708  grad_norm: 5.3647  loss: 0.7958  loss_cls: 0.0793  loss_bbox: 0.1581  loss_centerness: 0.5584
2026/03/11 02:21:14 - mmengine - INFO - Epoch(train)   [7][ 300/1154]  base_lr: 1.2500e-03 lr: 1.2500e-03  eta: 4:36:32  time: 0.0951  data_time: 0.0017  memory: 708  grad_norm: 5.6541  loss: 0.7966  loss_cls: 0.0700  loss_bbox: 0.1684  loss_centerness: 0.5582
2026/03/11 02:21:18 - mmengine - INFO - Epoch(train)   [7][ 350/1154]  base_lr: 1.2500e-03 lr: 1.2500e-03  eta: 4:35:36  time: 0.0880  data_time: 0.0009  memory: 708  grad_norm: 4.8317  loss: 0.7881  loss_cls: 0.0591  loss_bbox: 0.1641  loss_centerness: 0.5649
2026/03/11 02:21:24 - mmengine - INFO - Epoch(train)   [7][ 400/1154]  base_lr: 1.2500e-03 lr: 1.2500e-03  eta: 4:35:03  time: 0.1189  data_time: 0.0014  memory: 708  grad_norm: 5.3742  loss: 0.8012  loss_cls: 0.0776  loss_bbox: 0.1599  loss_centerness: 0.5638
2026/03/11 02:21:30 - mmengine - INFO - Epoch(train)   [7][ 450/1154]  base_lr: 1.2500e-03 lr: 1.2500e-03  eta: 4:34:29  time: 0.1164  data_time: 0.0013  memory: 708  grad_norm: 5.5399  loss: 0.8109  loss_cls: 0.0690  loss_bbox: 0.1787  loss_centerness: 0.5632
2026/03/11 02:21:36 - mmengine - INFO - Epoch(train)   [7][ 500/1154]  base_lr: 1.2500e-03 lr: 1.2500e-03  eta: 4:34:00  time: 0.1230  data_time: 0.0016  memory: 708  grad_norm: 5.8591  loss: 0.8038  loss_cls: 0.0783  loss_bbox: 0.1687  loss_centerness: 0.5568
2026/03/11 02:21:42 - mmengine - INFO - Epoch(train)   [7][ 550/1154]  base_lr: 1.2500e-03 lr: 1.2500e-03  eta: 4:33:31  time: 0.1227  data_time: 0.0015  memory: 708  grad_norm: 5.6504  loss: 0.8242  loss_cls: 0.0804  loss_bbox: 0.1845  loss_centerness: 0.5593
2026/03/11 02:21:48 - mmengine - INFO - Epoch(train)   [7][ 600/1154]  base_lr: 1.2500e-03 lr: 1.2500e-03  eta: 4:33:02  time: 0.1222  data_time: 0.0012  memory: 708  grad_norm: 5.5514  loss: 0.8155  loss_cls: 0.0637  loss_bbox: 0.1873  loss_centerness: 0.5645
2026/03/11 02:21:54 - mmengine - INFO - Epoch(train)   [7][ 650/1154]  base_lr: 1.2500e-03 lr: 1.2500e-03  eta: 4:32:31  time: 0.1189  data_time: 0.0011  memory: 708  grad_norm: 5.1837  loss: 0.8179  loss_cls: 0.0842  loss_bbox: 0.1747  loss_centerness: 0.5591
2026/03/11 02:22:00 - mmengine - INFO - Epoch(train)   [7][ 700/1154]  base_lr: 1.2500e-03 lr: 1.2500e-03  eta: 4:32:00  time: 0.1188  data_time: 0.0011  memory: 708  grad_norm: 4.9529  loss: 0.8098  loss_cls: 0.0739  loss_bbox: 0.1705  loss_centerness: 0.5653
2026/03/11 02:22:06 - mmengine - INFO - Epoch(train)   [7][ 750/1154]  base_lr: 1.2500e-03 lr: 1.2500e-03  eta: 4:31:28  time: 0.1169  data_time: 0.0017  memory: 708  grad_norm: 5.7470  loss: 0.8214  loss_cls: 0.0842  loss_bbox: 0.1810  loss_centerness: 0.5562
2026/03/11 02:22:12 - mmengine - INFO - Epoch(train)   [7][ 800/1154]  base_lr: 1.2500e-03 lr: 1.2500e-03  eta: 4:31:00  time: 0.1213  data_time: 0.0016  memory: 708  grad_norm: 5.6160  loss: 0.8125  loss_cls: 0.0759  loss_bbox: 0.1766  loss_centerness: 0.5600
2026/03/11 02:22:18 - mmengine - INFO - Epoch(train)   [7][ 850/1154]  base_lr: 1.2500e-03 lr: 1.2500e-03  eta: 4:30:30  time: 0.1187  data_time: 0.0011  memory: 708  grad_norm: 5.5789  loss: 0.8291  loss_cls: 0.0769  loss_bbox: 0.1892  loss_centerness: 0.5630
2026/03/11 02:22:24 - mmengine - INFO - Epoch(train)   [7][ 900/1154]  base_lr: 1.2500e-03 lr: 1.2500e-03  eta: 4:30:00  time: 0.1181  data_time: 0.0019  memory: 708  grad_norm: 4.9145  loss: 0.7897  loss_cls: 0.0617  loss_bbox: 0.1632  loss_centerness: 0.5648
2026/03/11 02:22:30 - mmengine - INFO - Epoch(train)   [7][ 950/1154]  base_lr: 1.2500e-03 lr: 1.2500e-03  eta: 4:29:30  time: 0.1184  data_time: 0.0013  memory: 708  grad_norm: 5.3200  loss: 0.8005  loss_cls: 0.0774  loss_bbox: 0.1555  loss_centerness: 0.5676
2026/03/11 02:22:36 - mmengine - INFO - Epoch(train)   [7][1000/1154]  base_lr: 1.2500e-03 lr: 1.2500e-03  eta: 4:29:01  time: 0.1180  data_time: 0.0009  memory: 708  grad_norm: 5.5006  loss: 0.8022  loss_cls: 0.0811  loss_bbox: 0.1614  loss_centerness: 0.5598
2026/03/11 02:22:42 - mmengine - INFO - Epoch(train)   [7][1050/1154]  base_lr: 1.2500e-03 lr: 1.2500e-03  eta: 4:28:32  time: 0.1181  data_time: 0.0013  memory: 708  grad_norm: 6.9567  loss: 0.8637  loss_cls: 0.1143  loss_bbox: 0.1887  loss_centerness: 0.5607
2026/03/11 02:22:45 - mmengine - INFO - Exp name: fcos_minecraft_20260311_015948
2026/03/11 02:22:47 - mmengine - INFO - Epoch(train)   [7][1100/1154]  base_lr: 1.2500e-03 lr: 1.2500e-03  eta: 4:28:04  time: 0.1195  data_time: 0.0010  memory: 708  grad_norm: 5.1251  loss: 0.7990  loss_cls: 0.0868  loss_bbox: 0.1503  loss_centerness: 0.5619
2026/03/11 02:22:53 - mmengine - INFO - Epoch(train)   [7][1150/1154]  base_lr: 1.2500e-03 lr: 1.2500e-03  eta: 4:27:33  time: 0.1151  data_time: 0.0013  memory: 708  grad_norm: 5.0936  loss: 0.8067  loss_cls: 0.0774  loss_bbox: 0.1701  loss_centerness: 0.5591
2026/03/11 02:22:54 - mmengine - INFO - Exp name: fcos_minecraft_20260311_015948
2026/03/11 02:22:54 - mmengine - INFO - Saving checkpoint at 7 epochs
2026/03/11 02:22:57 - mmengine - INFO - Epoch(val)   [7][ 50/422]    eta: 0:00:14  time: 0.0383  data_time: 0.0009  memory: 708  
2026/03/11 02:22:59 - mmengine - INFO - Epoch(val)   [7][100/422]    eta: 0:00:12  time: 0.0374  data_time: 0.0005  memory: 403  
2026/03/11 02:23:01 - mmengine - INFO - Epoch(val)   [7][150/422]    eta: 0:00:10  time: 0.0368  data_time: 0.0007  memory: 403  
2026/03/11 02:23:03 - mmengine - INFO - Epoch(val)   [7][200/422]    eta: 0:00:08  time: 0.0395  data_time: 0.0005  memory: 403  
2026/03/11 02:23:04 - mmengine - INFO - Epoch(val)   [7][250/422]    eta: 0:00:06  time: 0.0364  data_time: 0.0004  memory: 403  
2026/03/11 02:23:06 - mmengine - INFO - Epoch(val)   [7][300/422]    eta: 0:00:04  time: 0.0368  data_time: 0.0009  memory: 403  
2026/03/11 02:23:08 - mmengine - INFO - Epoch(val)   [7][350/422]    eta: 0:00:02  time: 0.0399  data_time: 0.0005  memory: 403  
2026/03/11 02:23:10 - mmengine - INFO - Epoch(val)   [7][400/422]    eta: 0:00:00  time: 0.0382  data_time: 0.0007  memory: 403  
2026/03/11 02:23:11 - mmengine - INFO - Evaluating bbox...
2026/03/11 02:23:12 - mmengine - INFO - bbox_mAP_copypaste: 0.290 0.444 0.327 0.002 0.240 0.422
2026/03/11 02:23:12 - mmengine - INFO - Epoch(val) [7][422/422]    coco/bbox_mAP: 0.2900  coco/bbox_mAP_50: 0.4440  coco/bbox_mAP_75: 0.3270  coco/bbox_mAP_s: 0.0020  coco/bbox_mAP_m: 0.2400  coco/bbox_mAP_l: 0.4220  data_time: 0.0006  time: 0.0381
2026/03/11 02:23:18 - mmengine - INFO - Epoch(train)   [8][  50/1154]  base_lr: 1.2500e-03 lr: 1.2500e-03  eta: 4:27:03  time: 0.1188  data_time: 0.0014  memory: 708  grad_norm: 5.1988  loss: 0.8268  loss_cls: 0.0825  loss_bbox: 0.1777  loss_centerness: 0.5666
2026/03/11 02:23:24 - mmengine - INFO - Epoch(train)   [8][ 100/1154]  base_lr: 1.2500e-03 lr: 1.2500e-03  eta: 4:26:35  time: 0.1179  data_time: 0.0011  memory: 708  grad_norm: 4.5730  loss: 0.7915  loss_cls: 0.0644  loss_bbox: 0.1654  loss_centerness: 0.5618
2026/03/11 02:23:29 - mmengine - INFO - Epoch(train)   [8][ 150/1154]  base_lr: 1.2500e-03 lr: 1.2500e-03  eta: 4:25:52  time: 0.0958  data_time: 0.0015  memory: 708  grad_norm: 5.0719  loss: 0.7838  loss_cls: 0.0700  loss_bbox: 0.1513  loss_centerness: 0.5625
2026/03/11 02:23:34 - mmengine - INFO - Epoch(train)   [8][ 200/1154]  base_lr: 1.2500e-03 lr: 1.2500e-03  eta: 4:25:12  time: 0.0986  data_time: 0.0015  memory: 708  grad_norm: 5.0274  loss: 0.8022  loss_cls: 0.0635  loss_bbox: 0.1723  loss_centerness: 0.5663
2026/03/11 02:23:39 - mmengine - INFO - Epoch(train)   [8][ 250/1154]  base_lr: 1.2500e-03 lr: 1.2500e-03  eta: 4:24:34  time: 0.1007  data_time: 0.0013  memory: 708  grad_norm: 5.4524  loss: 0.7943  loss_cls: 0.0695  loss_bbox: 0.1599  loss_centerness: 0.5649
2026/03/11 02:23:44 - mmengine - INFO - Epoch(train)   [8][ 300/1154]  base_lr: 1.2500e-03 lr: 1.2500e-03  eta: 4:23:57  time: 0.1014  data_time: 0.0012  memory: 708  grad_norm: 5.4343  loss: 0.7995  loss_cls: 0.0643  loss_bbox: 0.1738  loss_centerness: 0.5613
2026/03/11 02:23:48 - mmengine - INFO - Epoch(train)   [8][ 350/1154]  base_lr: 1.2500e-03 lr: 1.2500e-03  eta: 4:23:05  time: 0.0781  data_time: 0.0011  memory: 708  grad_norm: 4.5468  loss: 0.7738  loss_cls: 0.0624  loss_bbox: 0.1505  loss_centerness: 0.5609
2026/03/11 02:23:54 - mmengine - INFO - Epoch(train)   [8][ 400/1154]  base_lr: 1.2500e-03 lr: 1.2500e-03  eta: 4:22:41  time: 0.1210  data_time: 0.0014  memory: 708  grad_norm: 4.8797  loss: 0.7574  loss_cls: 0.0610  loss_bbox: 0.1369  loss_centerness: 0.5595
2026/03/11 02:24:00 - mmengine - INFO - Epoch(train)   [8][ 450/1154]  base_lr: 1.2500e-03 lr: 1.2500e-03  eta: 4:22:16  time: 0.1198  data_time: 0.0012  memory: 708  grad_norm: 5.9762  loss: 0.7871  loss_cls: 0.0685  loss_bbox: 0.1627  loss_centerness: 0.5559
2026/03/11 02:24:06 - mmengine - INFO - Epoch(train)   [8][ 500/1154]  base_lr: 1.2500e-03 lr: 1.2500e-03  eta: 4:21:52  time: 0.1192  data_time: 0.0014  memory: 708  grad_norm: 5.4265  loss: 0.8143  loss_cls: 0.0745  loss_bbox: 0.1792  loss_centerness: 0.5605
2026/03/11 02:24:12 - mmengine - INFO - Epoch(train)   [8][ 550/1154]  base_lr: 1.2500e-03 lr: 1.2500e-03  eta: 4:21:27  time: 0.1200  data_time: 0.0019  memory: 708  grad_norm: 4.9250  loss: 0.7752  loss_cls: 0.0710  loss_bbox: 0.1540  loss_centerness: 0.5502
2026/03/11 02:24:18 - mmengine - INFO - Epoch(train)   [8][ 600/1154]  base_lr: 1.2500e-03 lr: 1.2500e-03  eta: 4:21:04  time: 0.1204  data_time: 0.0015  memory: 708  grad_norm: 6.6027  loss: 0.8430  loss_cls: 0.0824  loss_bbox: 0.1933  loss_centerness: 0.5673
2026/03/11 02:24:24 - mmengine - INFO - Epoch(train)   [8][ 650/1154]  base_lr: 1.2500e-03 lr: 1.2500e-03  eta: 4:20:38  time: 0.1174  data_time: 0.0009  memory: 708  grad_norm: 5.6718  loss: 0.7729  loss_cls: 0.0701  loss_bbox: 0.1474  loss_centerness: 0.5554
2026/03/11 02:24:30 - mmengine - INFO - Epoch(train)   [8][ 700/1154]  base_lr: 1.2500e-03 lr: 1.2500e-03  eta: 4:20:15  time: 0.1205  data_time: 0.0015  memory: 708  grad_norm: 6.5606  loss: 0.7834  loss_cls: 0.0894  loss_bbox: 0.1385  loss_centerness: 0.5555
2026/03/11 02:24:36 - mmengine - INFO - Epoch(train)   [8][ 750/1154]  base_lr: 1.2500e-03 lr: 1.2500e-03  eta: 4:19:51  time: 0.1183  data_time: 0.0017  memory: 708  grad_norm: 6.2851  loss: 0.8381  loss_cls: 0.0957  loss_bbox: 0.1782  loss_centerness: 0.5641
2026/03/11 02:24:42 - mmengine - INFO - Epoch(train)   [8][ 800/1154]  base_lr: 1.2500e-03 lr: 1.2500e-03  eta: 4:19:27  time: 0.1189  data_time: 0.0012  memory: 708  grad_norm: 4.7232  loss: 0.7966  loss_cls: 0.0687  loss_bbox: 0.1688  loss_centerness: 0.5590
2026/03/11 02:24:48 - mmengine - INFO - Epoch(train)   [8][ 850/1154]  base_lr: 1.2500e-03 lr: 1.2500e-03  eta: 4:19:04  time: 0.1198  data_time: 0.0011  memory: 708  grad_norm: 4.5657  loss: 0.7459  loss_cls: 0.0533  loss_bbox: 0.1335  loss_centerness: 0.5591
2026/03/11 02:24:54 - mmengine - INFO - Epoch(train)   [8][ 900/1154]  base_lr: 1.2500e-03 lr: 1.2500e-03  eta: 4:18:41  time: 0.1195  data_time: 0.0015  memory: 708  grad_norm: 6.0154  loss: 0.8011  loss_cls: 0.0785  loss_bbox: 0.1705  loss_centerness: 0.5520
2026/03/11 02:24:56 - mmengine - INFO - Exp name: fcos_minecraft_20260311_015948
2026/03/11 02:25:00 - mmengine - INFO - Epoch(train)   [8][ 950/1154]  base_lr: 1.2500e-03 lr: 1.2500e-03  eta: 4:18:17  time: 0.1175  data_time: 0.0013  memory: 708  grad_norm: 5.6550  loss: 0.8087  loss_cls: 0.0767  loss_bbox: 0.1748  loss_centerness: 0.5571
2026/03/11 02:25:06 - mmengine - INFO - Epoch(train)   [8][1000/1154]  base_lr: 1.2500e-03 lr: 1.2500e-03  eta: 4:17:55  time: 0.1196  data_time: 0.0011  memory: 708  grad_norm: 5.0234  loss: 0.7876  loss_cls: 0.0596  loss_bbox: 0.1650  loss_centerness: 0.5630
2026/03/11 02:25:12 - mmengine - INFO - Epoch(train)   [8][1050/1154]  base_lr: 1.2500e-03 lr: 1.2500e-03  eta: 4:17:32  time: 0.1200  data_time: 0.0013  memory: 708  grad_norm: 5.4734  loss: 0.7863  loss_cls: 0.0636  loss_bbox: 0.1634  loss_centerness: 0.5593
2026/03/11 02:25:18 - mmengine - INFO - Epoch(train)   [8][1100/1154]  base_lr: 1.2500e-03 lr: 1.2500e-03  eta: 4:17:11  time: 0.1213  data_time: 0.0011  memory: 708  grad_norm: 5.4854  loss: 0.7948  loss_cls: 0.0677  loss_bbox: 0.1668  loss_centerness: 0.5603
2026/03/11 02:25:24 - mmengine - INFO - Epoch(train)   [8][1150/1154]  base_lr: 1.2500e-03 lr: 1.2500e-03  eta: 4:16:54  time: 0.1281  data_time: 0.0019  memory: 708  grad_norm: 5.2069  loss: 0.7640  loss_cls: 0.0620  loss_bbox: 0.1465  loss_centerness: 0.5555
2026/03/11 02:25:25 - mmengine - INFO - Exp name: fcos_minecraft_20260311_015948
2026/03/11 02:25:25 - mmengine - INFO - Saving checkpoint at 8 epochs
2026/03/11 02:25:28 - mmengine - INFO - Epoch(val)   [8][ 50/422]    eta: 0:00:15  time: 0.0420  data_time: 0.0012  memory: 708  
2026/03/11 02:25:30 - mmengine - INFO - Epoch(val)   [8][100/422]    eta: 0:00:13  time: 0.0388  data_time: 0.0008  memory: 403  
2026/03/11 02:25:32 - mmengine - INFO - Epoch(val)   [8][150/422]    eta: 0:00:10  time: 0.0400  data_time: 0.0005  memory: 403  
2026/03/11 02:25:34 - mmengine - INFO - Epoch(val)   [8][200/422]    eta: 0:00:08  time: 0.0386  data_time: 0.0006  memory: 403  
2026/03/11 02:25:36 - mmengine - INFO - Epoch(val)   [8][250/422]    eta: 0:00:06  time: 0.0388  data_time: 0.0005  memory: 403  
2026/03/11 02:25:38 - mmengine - INFO - Epoch(val)   [8][300/422]    eta: 0:00:04  time: 0.0382  data_time: 0.0003  memory: 403  
2026/03/11 02:25:40 - mmengine - INFO - Epoch(val)   [8][350/422]    eta: 0:00:02  time: 0.0397  data_time: 0.0007  memory: 403  
2026/03/11 02:25:42 - mmengine - INFO - Epoch(val)   [8][400/422]    eta: 0:00:00  time: 0.0390  data_time: 0.0005  memory: 403  
2026/03/11 02:25:43 - mmengine - INFO - Evaluating bbox...
2026/03/11 02:25:44 - mmengine - INFO - bbox_mAP_copypaste: 0.251 0.392 0.307 0.018 0.201 0.373
2026/03/11 02:25:44 - mmengine - INFO - Epoch(val) [8][422/422]    coco/bbox_mAP: 0.2510  coco/bbox_mAP_50: 0.3920  coco/bbox_mAP_75: 0.3070  coco/bbox_mAP_s: 0.0180  coco/bbox_mAP_m: 0.2010  coco/bbox_mAP_l: 0.3730  data_time: 0.0007  time: 0.0393
2026/03/11 02:25:50 - mmengine - INFO - Epoch(train)   [9][  50/1154]  base_lr: 1.2500e-03 lr: 1.2500e-03  eta: 4:16:35  time: 0.1271  data_time: 0.0019  memory: 708  grad_norm: 4.3242  loss: 0.7549  loss_cls: 0.0535  loss_bbox: 0.1395  loss_centerness: 0.5618
2026/03/11 02:25:56 - mmengine - INFO - Epoch(train)   [9][ 100/1154]  base_lr: 1.2500e-03 lr: 1.2500e-03  eta: 4:16:14  time: 0.1219  data_time: 0.0013  memory: 708  grad_norm: 4.9883  loss: 0.7624  loss_cls: 0.0568  loss_bbox: 0.1483  loss_centerness: 0.5573
2026/03/11 02:26:02 - mmengine - INFO - Epoch(train)   [9][ 150/1154]  base_lr: 1.2500e-03 lr: 1.2500e-03  eta: 4:15:54  time: 0.1226  data_time: 0.0017  memory: 708  grad_norm: 4.8203  loss: 0.7379  loss_cls: 0.0470  loss_bbox: 0.1362  loss_centerness: 0.5547
2026/03/11 02:26:07 - mmengine - INFO - Epoch(train)   [9][ 200/1154]  base_lr: 1.2500e-03 lr: 1.2500e-03  eta: 4:15:15  time: 0.0884  data_time: 0.0016  memory: 708  grad_norm: 5.0085  loss: 0.7458  loss_cls: 0.0522  loss_bbox: 0.1384  loss_centerness: 0.5553
2026/03/11 02:26:12 - mmengine - INFO - Epoch(train)   [9][ 250/1154]  base_lr: 1.2500e-03 lr: 1.2500e-03  eta: 4:14:43  time: 0.0996  data_time: 0.0013  memory: 708  grad_norm: 5.3738  loss: 0.7880  loss_cls: 0.0564  loss_bbox: 0.1695  loss_centerness: 0.5622
2026/03/11 02:26:17 - mmengine - INFO - Epoch(train)   [9][ 300/1154]  base_lr: 1.2500e-03 lr: 1.2500e-03  eta: 4:14:10  time: 0.0976  data_time: 0.0018  memory: 708  grad_norm: 4.6339  loss: 0.7546  loss_cls: 0.0557  loss_bbox: 0.1414  loss_centerness: 0.5575
2026/03/11 02:26:21 - mmengine - INFO - Epoch(train)   [9][ 350/1154]  base_lr: 1.2500e-03 lr: 1.2500e-03  eta: 4:13:33  time: 0.0909  data_time: 0.0011  memory: 708  grad_norm: 5.5146  loss: 0.7959  loss_cls: 0.0611  loss_bbox: 0.1753  loss_centerness: 0.5596
2026/03/11 02:26:26 - mmengine - INFO - Epoch(train)   [9][ 400/1154]  base_lr: 1.2500e-03 lr: 1.2500e-03  eta: 4:13:00  time: 0.0964  data_time: 0.0020  memory: 708  grad_norm: 5.4993  loss: 0.7955  loss_cls: 0.0539  loss_bbox: 0.1766  loss_centerness: 0.5650
2026/03/11 02:26:32 - mmengine - INFO - Epoch(train)   [9][ 450/1154]  base_lr: 1.2500e-03 lr: 1.2500e-03  eta: 4:12:40  time: 0.1205  data_time: 0.0017  memory: 708  grad_norm: 5.6150  loss: 0.7836  loss_cls: 0.0684  loss_bbox: 0.1621  loss_centerness: 0.5532
2026/03/11 02:26:38 - mmengine - INFO - Epoch(train)   [9][ 500/1154]  base_lr: 1.2500e-03 lr: 1.2500e-03  eta: 4:12:20  time: 0.1190  data_time: 0.0014  memory: 708  grad_norm: 5.0044  loss: 0.7715  loss_cls: 0.0638  loss_bbox: 0.1579  loss_centerness: 0.5498
2026/03/11 02:26:44 - mmengine - INFO - Epoch(train)   [9][ 550/1154]  base_lr: 1.2500e-03 lr: 1.2500e-03  eta: 4:11:59  time: 0.1186  data_time: 0.0010  memory: 708  grad_norm: 4.6632  loss: 0.7520  loss_cls: 0.0575  loss_bbox: 0.1329  loss_centerness: 0.5617
2026/03/11 02:26:50 - mmengine - INFO - Epoch(train)   [9][ 600/1154]  base_lr: 1.2500e-03 lr: 1.2500e-03  eta: 4:11:40  time: 0.1207  data_time: 0.0013  memory: 708  grad_norm: 5.2356  loss: 0.7794  loss_cls: 0.0526  loss_bbox: 0.1657  loss_centerness: 0.5612
2026/03/11 02:26:56 - mmengine - INFO - Epoch(train)   [9][ 650/1154]  base_lr: 1.2500e-03 lr: 1.2500e-03  eta: 4:11:21  time: 0.1208  data_time: 0.0019  memory: 708  grad_norm: 4.9205  loss: 0.7781  loss_cls: 0.0506  loss_bbox: 0.1656  loss_centerness: 0.5620
2026/03/11 02:27:02 - mmengine - INFO - Epoch(train)   [9][ 700/1154]  base_lr: 1.2500e-03 lr: 1.2500e-03  eta: 4:11:04  time: 0.1237  data_time: 0.0016  memory: 708  grad_norm: 4.9767  loss: 0.7629  loss_cls: 0.0498  loss_bbox: 0.1576  loss_centerness: 0.5555
2026/03/11 02:27:08 - mmengine - INFO - Epoch(train)   [9][ 750/1154]  base_lr: 1.2500e-03 lr: 1.2500e-03  eta: 4:10:44  time: 0.1190  data_time: 0.0015  memory: 708  grad_norm: 5.6546  loss: 0.7960  loss_cls: 0.0639  loss_bbox: 0.1731  loss_centerness: 0.5589
2026/03/11 02:27:10 - mmengine - INFO - Exp name: fcos_minecraft_20260311_015948
2026/03/11 02:27:14 - mmengine - INFO - Epoch(train)   [9][ 800/1154]  base_lr: 1.2500e-03 lr: 1.2500e-03  eta: 4:10:23  time: 0.1161  data_time: 0.0015  memory: 708  grad_norm: 5.4446  loss: 0.7776  loss_cls: 0.0567  loss_bbox: 0.1616  loss_centerness: 0.5593
2026/03/11 02:27:20 - mmengine - INFO - Epoch(train)   [9][ 850/1154]  base_lr: 1.2500e-03 lr: 1.2500e-03  eta: 4:10:03  time: 0.1186  data_time: 0.0015  memory: 708  grad_norm: 5.2600  loss: 0.7809  loss_cls: 0.0582  loss_bbox: 0.1565  loss_centerness: 0.5661
2026/03/11 02:27:26 - mmengine - INFO - Epoch(train)   [9][ 900/1154]  base_lr: 1.2500e-03 lr: 1.2500e-03  eta: 4:09:44  time: 0.1188  data_time: 0.0016  memory: 708  grad_norm: 5.0555  loss: 0.7762  loss_cls: 0.0601  loss_bbox: 0.1565  loss_centerness: 0.5595
2026/03/11 02:27:32 - mmengine - INFO - Epoch(train)   [9][ 950/1154]  base_lr: 1.2500e-03 lr: 1.2500e-03  eta: 4:09:25  time: 0.1202  data_time: 0.0015  memory: 708  grad_norm: 4.8413  loss: 0.7575  loss_cls: 0.0500  loss_bbox: 0.1492  loss_centerness: 0.5582
2026/03/11 02:27:38 - mmengine - INFO - Epoch(train)   [9][1000/1154]  base_lr: 1.2500e-03 lr: 1.2500e-03  eta: 4:09:06  time: 0.1181  data_time: 0.0013  memory: 708  grad_norm: 4.8724  loss: 0.7627  loss_cls: 0.0678  loss_bbox: 0.1424  loss_centerness: 0.5525
2026/03/11 02:27:43 - mmengine - INFO - Epoch(train)   [9][1050/1154]  base_lr: 1.2500e-03 lr: 1.2500e-03  eta: 4:08:46  time: 0.1175  data_time: 0.0012  memory: 708  grad_norm: 5.1727  loss: 0.7733  loss_cls: 0.0579  loss_bbox: 0.1506  loss_centerness: 0.5649
2026/03/11 02:27:50 - mmengine - INFO - Epoch(train)   [9][1100/1154]  base_lr: 1.2500e-03 lr: 1.2500e-03  eta: 4:08:29  time: 0.1227  data_time: 0.0013  memory: 708  grad_norm: 4.8132  loss: 0.7413  loss_cls: 0.0515  loss_bbox: 0.1328  loss_centerness: 0.5570
2026/03/11 02:27:56 - mmengine - INFO - Epoch(train)   [9][1150/1154]  base_lr: 1.2500e-03 lr: 1.2500e-03  eta: 4:08:11  time: 0.1205  data_time: 0.0011  memory: 708  grad_norm: 4.8944  loss: 0.7701  loss_cls: 0.0525  loss_bbox: 0.1582  loss_centerness: 0.5594
2026/03/11 02:27:56 - mmengine - INFO - Exp name: fcos_minecraft_20260311_015948
2026/03/11 02:27:56 - mmengine - INFO - Saving checkpoint at 9 epochs
2026/03/11 02:27:59 - mmengine - INFO - Epoch(val)   [9][ 50/422]    eta: 0:00:14  time: 0.0400  data_time: 0.0006  memory: 708  
2026/03/11 02:28:01 - mmengine - INFO - Epoch(val)   [9][100/422]    eta: 0:00:12  time: 0.0393  data_time: 0.0003  memory: 403  
2026/03/11 02:28:03 - mmengine - INFO - Epoch(val)   [9][150/422]    eta: 0:00:10  time: 0.0415  data_time: 0.0009  memory: 403  
2026/03/11 02:28:05 - mmengine - INFO - Epoch(val)   [9][200/422]    eta: 0:00:08  time: 0.0395  data_time: 0.0009  memory: 403  
2026/03/11 02:28:07 - mmengine - INFO - Epoch(val)   [9][250/422]    eta: 0:00:06  time: 0.0412  data_time: 0.0007  memory: 403  
2026/03/11 02:28:09 - mmengine - INFO - Epoch(val)   [9][300/422]    eta: 0:00:04  time: 0.0401  data_time: 0.0004  memory: 403  
2026/03/11 02:28:11 - mmengine - INFO - Epoch(val)   [9][350/422]    eta: 0:00:02  time: 0.0388  data_time: 0.0005  memory: 403  
2026/03/11 02:28:13 - mmengine - INFO - Epoch(val)   [9][400/422]    eta: 0:00:00  time: 0.0408  data_time: 0.0008  memory: 403  
2026/03/11 02:28:14 - mmengine - INFO - Evaluating bbox...
2026/03/11 02:28:15 - mmengine - INFO - bbox_mAP_copypaste: 0.297 0.492 0.322 0.041 0.196 0.460
2026/03/11 02:28:15 - mmengine - INFO - Epoch(val) [9][422/422]    coco/bbox_mAP: 0.2970  coco/bbox_mAP_50: 0.4920  coco/bbox_mAP_75: 0.3220  coco/bbox_mAP_s: 0.0410  coco/bbox_mAP_m: 0.1960  coco/bbox_mAP_l: 0.4600  data_time: 0.0006  time: 0.0400
2026/03/11 02:28:21 - mmengine - INFO - Epoch(train)  [10][  50/1154]  base_lr: 1.2500e-03 lr: 1.2500e-03  eta: 4:07:52  time: 0.1209  data_time: 0.0015  memory: 708  grad_norm: 4.5284  loss: 0.7355  loss_cls: 0.0459  loss_bbox: 0.1340  loss_centerness: 0.5556
2026/03/11 02:28:27 - mmengine - INFO - Epoch(train)  [10][ 100/1154]  base_lr: 1.2500e-03 lr: 1.2500e-03  eta: 4:07:32  time: 0.1164  data_time: 0.0011  memory: 708  grad_norm: 5.2781  loss: 0.7746  loss_cls: 0.0467  loss_bbox: 0.1657  loss_centerness: 0.5622
2026/03/11 02:28:33 - mmengine - INFO - Epoch(train)  [10][ 150/1154]  base_lr: 1.2500e-03 lr: 1.2500e-03  eta: 4:07:12  time: 0.1160  data_time: 0.0009  memory: 708  grad_norm: 4.7504  loss: 0.7510  loss_cls: 0.0576  loss_bbox: 0.1377  loss_centerness: 0.5557
2026/03/11 02:28:37 - mmengine - INFO - Epoch(train)  [10][ 200/1154]  base_lr: 1.2500e-03 lr: 1.2500e-03  eta: 4:06:40  time: 0.0909  data_time: 0.0015  memory: 708  grad_norm: 5.1023  loss: 0.7477  loss_cls: 0.0516  loss_bbox: 0.1474  loss_centerness: 0.5488
2026/03/11 02:28:42 - mmengine - INFO - Epoch(train)  [10][ 250/1154]  base_lr: 1.2500e-03 lr: 1.2500e-03  eta: 4:06:11  time: 0.0967  data_time: 0.0012  memory: 708  grad_norm: 4.7827  loss: 0.7693  loss_cls: 0.0560  loss_bbox: 0.1575  loss_centerness: 0.5559
2026/03/11 02:28:47 - mmengine - INFO - Epoch(train)  [10][ 300/1154]  base_lr: 1.2500e-03 lr: 1.2500e-03  eta: 4:05:43  time: 0.0973  data_time: 0.0009  memory: 708  grad_norm: 5.3399  loss: 0.7504  loss_cls: 0.0454  loss_bbox: 0.1530  loss_centerness: 0.5520
2026/03/11 02:28:52 - mmengine - INFO - Epoch(train)  [10][ 350/1154]  base_lr: 1.2500e-03 lr: 1.2500e-03  eta: 4:05:14  time: 0.0965  data_time: 0.0016  memory: 708  grad_norm: 4.7029  loss: 0.7492  loss_cls: 0.0548  loss_bbox: 0.1339  loss_centerness: 0.5604
2026/03/11 02:28:56 - mmengine - INFO - Epoch(train)  [10][ 400/1154]  base_lr: 1.2500e-03 lr: 1.2500e-03  eta: 4:04:38  time: 0.0797  data_time: 0.0014  memory: 708  grad_norm: 4.4236  loss: 0.7567  loss_cls: 0.0489  loss_bbox: 0.1469  loss_centerness: 0.5609
2026/03/11 02:29:02 - mmengine - INFO - Epoch(train)  [10][ 450/1154]  base_lr: 1.2500e-03 lr: 1.2500e-03  eta: 4:04:19  time: 0.1165  data_time: 0.0010  memory: 708  grad_norm: 4.6121  loss: 0.7342  loss_cls: 0.0462  loss_bbox: 0.1316  loss_centerness: 0.5565
2026/03/11 02:29:08 - mmengine - INFO - Epoch(train)  [10][ 500/1154]  base_lr: 1.2500e-03 lr: 1.2500e-03  eta: 4:04:01  time: 0.1164  data_time: 0.0006  memory: 708  grad_norm: 4.6343  loss: 0.7432  loss_cls: 0.0458  loss_bbox: 0.1431  loss_centerness: 0.5543
2026/03/11 02:29:13 - mmengine - INFO - Epoch(train)  [10][ 550/1154]  base_lr: 1.2500e-03 lr: 1.2500e-03  eta: 4:03:43  time: 0.1172  data_time: 0.0010  memory: 708  grad_norm: 4.3161  loss: 0.7348  loss_cls: 0.0467  loss_bbox: 0.1292  loss_centerness: 0.5589
2026/03/11 02:29:19 - mmengine - INFO - Epoch(train)  [10][ 600/1154]  base_lr: 1.2500e-03 lr: 1.2500e-03  eta: 4:03:25  time: 0.1166  data_time: 0.0016  memory: 708  grad_norm: 4.6563  loss: 0.7436  loss_cls: 0.0410  loss_bbox: 0.1429  loss_centerness: 0.5597
2026/03/11 02:29:21 - mmengine - INFO - Exp name: fcos_minecraft_20260311_015948
2026/03/11 02:29:25 - mmengine - INFO - Epoch(train)  [10][ 650/1154]  base_lr: 1.2500e-03 lr: 1.2500e-03  eta: 4:03:07  time: 0.1184  data_time: 0.0012  memory: 708  grad_norm: 4.6742  loss: 0.7430  loss_cls: 0.0479  loss_bbox: 0.1368  loss_centerness: 0.5584
2026/03/11 02:29:31 - mmengine - INFO - Epoch(train)  [10][ 700/1154]  base_lr: 1.2500e-03 lr: 1.2500e-03  eta: 4:02:50  time: 0.1169  data_time: 0.0015  memory: 708  grad_norm: 6.0868  loss: 0.8018  loss_cls: 0.0687  loss_bbox: 0.1728  loss_centerness: 0.5603
2026/03/11 02:29:37 - mmengine - INFO - Epoch(train)  [10][ 750/1154]  base_lr: 1.2500e-03 lr: 1.2500e-03  eta: 4:02:32  time: 0.1164  data_time: 0.0013  memory: 708  grad_norm: 5.2833  loss: 0.7745  loss_cls: 0.0587  loss_bbox: 0.1524  loss_centerness: 0.5634
2026/03/11 02:29:43 - mmengine - INFO - Epoch(train)  [10][ 800/1154]  base_lr: 1.2500e-03 lr: 1.2500e-03  eta: 4:02:14  time: 0.1172  data_time: 0.0015  memory: 708  grad_norm: 5.1760  loss: 0.7827  loss_cls: 0.0511  loss_bbox: 0.1719  loss_centerness: 0.5597
2026/03/11 02:29:49 - mmengine - INFO - Epoch(train)  [10][ 850/1154]  base_lr: 1.2500e-03 lr: 1.2500e-03  eta: 4:01:57  time: 0.1167  data_time: 0.0014  memory: 708  grad_norm: 4.7048  loss: 0.7557  loss_cls: 0.0467  loss_bbox: 0.1494  loss_centerness: 0.5596
2026/03/11 02:29:54 - mmengine - INFO - Epoch(train)  [10][ 900/1154]  base_lr: 1.2500e-03 lr: 1.2500e-03  eta: 4:01:40  time: 0.1174  data_time: 0.0013  memory: 708  grad_norm: 5.2588  loss: 0.7716  loss_cls: 0.0565  loss_bbox: 0.1543  loss_centerness: 0.5608
2026/03/11 02:30:00 - mmengine - INFO - Epoch(train)  [10][ 950/1154]  base_lr: 1.2500e-03 lr: 1.2500e-03  eta: 4:01:23  time: 0.1179  data_time: 0.0017  memory: 708  grad_norm: 5.0632  loss: 0.7894  loss_cls: 0.0553  loss_bbox: 0.1684  loss_centerness: 0.5656
2026/03/11 02:30:06 - mmengine - INFO - Epoch(train)  [10][1000/1154]  base_lr: 1.2500e-03 lr: 1.2500e-03  eta: 4:01:06  time: 0.1167  data_time: 0.0014  memory: 708  grad_norm: 4.8918  loss: 0.7606  loss_cls: 0.0456  loss_bbox: 0.1593  loss_centerness: 0.5558
2026/03/11 02:30:12 - mmengine - INFO - Epoch(train)  [10][1050/1154]  base_lr: 1.2500e-03 lr: 1.2500e-03  eta: 4:00:48  time: 0.1164  data_time: 0.0012  memory: 708  grad_norm: 5.4261  loss: 0.7675  loss_cls: 0.0526  loss_bbox: 0.1612  loss_centerness: 0.5538
2026/03/11 02:30:18 - mmengine - INFO - Epoch(train)  [10][1100/1154]  base_lr: 1.2500e-03 lr: 1.2500e-03  eta: 4:00:32  time: 0.1176  data_time: 0.0014  memory: 708  grad_norm: 4.9721  loss: 0.7664  loss_cls: 0.0486  loss_bbox: 0.1498  loss_centerness: 0.5681
2026/03/11 02:30:24 - mmengine - INFO - Epoch(train)  [10][1150/1154]  base_lr: 1.2500e-03 lr: 1.2500e-03  eta: 4:00:14  time: 0.1156  data_time: 0.0018  memory: 708  grad_norm: 4.7944  loss: 0.7417  loss_cls: 0.0418  loss_bbox: 0.1444  loss_centerness: 0.5555
2026/03/11 02:30:24 - mmengine - INFO - Exp name: fcos_minecraft_20260311_015948
2026/03/11 02:30:24 - mmengine - INFO - Saving checkpoint at 10 epochs
2026/03/11 02:30:27 - mmengine - INFO - Epoch(val)  [10][ 50/422]    eta: 0:00:14  time: 0.0377  data_time: 0.0006  memory: 708  
2026/03/11 02:30:29 - mmengine - INFO - Epoch(val)  [10][100/422]    eta: 0:00:11  time: 0.0361  data_time: 0.0003  memory: 403  
2026/03/11 02:30:31 - mmengine - INFO - Epoch(val)  [10][150/422]    eta: 0:00:09  time: 0.0361  data_time: 0.0004  memory: 403  
2026/03/11 02:30:33 - mmengine - INFO - Epoch(val)  [10][200/422]    eta: 0:00:08  time: 0.0370  data_time: 0.0005  memory: 403  
2026/03/11 02:30:35 - mmengine - INFO - Epoch(val)  [10][250/422]    eta: 0:00:06  time: 0.0369  data_time: 0.0004  memory: 403  
2026/03/11 02:30:36 - mmengine - INFO - Epoch(val)  [10][300/422]    eta: 0:00:04  time: 0.0387  data_time: 0.0007  memory: 403  
2026/03/11 02:30:38 - mmengine - INFO - Epoch(val)  [10][350/422]    eta: 0:00:02  time: 0.0357  data_time: 0.0006  memory: 403  
2026/03/11 02:30:40 - mmengine - INFO - Epoch(val)  [10][400/422]    eta: 0:00:00  time: 0.0366  data_time: 0.0008  memory: 403  
2026/03/11 02:30:41 - mmengine - INFO - Evaluating bbox...
2026/03/11 02:30:42 - mmengine - INFO - bbox_mAP_copypaste: 0.273 0.488 0.292 0.015 0.217 0.379
2026/03/11 02:30:42 - mmengine - INFO - Epoch(val) [10][422/422]    coco/bbox_mAP: 0.2730  coco/bbox_mAP_50: 0.4880  coco/bbox_mAP_75: 0.2920  coco/bbox_mAP_s: 0.0150  coco/bbox_mAP_m: 0.2170  coco/bbox_mAP_l: 0.3790  data_time: 0.0006  time: 0.0368
2026/03/11 02:30:48 - mmengine - INFO - Epoch(train)  [11][  50/1154]  base_lr: 1.2500e-03 lr: 1.2500e-03  eta: 3:59:56  time: 0.1163  data_time: 0.0011  memory: 708  grad_norm: 5.5654  loss: 0.7475  loss_cls: 0.0470  loss_bbox: 0.1458  loss_centerness: 0.5546
2026/03/11 02:30:54 - mmengine - INFO - Epoch(train)  [11][ 100/1154]  base_lr: 1.2500e-03 lr: 1.2500e-03  eta: 3:59:39  time: 0.1163  data_time: 0.0006  memory: 708  grad_norm: 6.0386  loss: 0.8057  loss_cls: 0.0770  loss_bbox: 0.1660  loss_centerness: 0.5627
2026/03/11 02:30:59 - mmengine - INFO - Epoch(train)  [11][ 150/1154]  base_lr: 1.2500e-03 lr: 1.2500e-03  eta: 3:59:22  time: 0.1160  data_time: 0.0012  memory: 708  grad_norm: 4.3794  loss: 0.7479  loss_cls: 0.0520  loss_bbox: 0.1410  loss_centerness: 0.5549
2026/03/11 02:31:05 - mmengine - INFO - Epoch(train)  [11][ 200/1154]  base_lr: 1.2500e-03 lr: 1.2500e-03  eta: 3:59:05  time: 0.1149  data_time: 0.0013  memory: 708  grad_norm: 5.1052  loss: 0.7507  loss_cls: 0.0495  loss_bbox: 0.1469  loss_centerness: 0.5543
2026/03/11 02:31:09 - mmengine - INFO - Epoch(train)  [11][ 250/1154]  base_lr: 1.2500e-03 lr: 1.2500e-03  eta: 3:58:33  time: 0.0817  data_time: 0.0015  memory: 708  grad_norm: 4.8098  loss: 0.7402  loss_cls: 0.0402  loss_bbox: 0.1457  loss_centerness: 0.5543
2026/03/11 02:31:14 - mmengine - INFO - Epoch(train)  [11][ 300/1154]  base_lr: 1.2500e-03 lr: 1.2500e-03  eta: 3:58:07  time: 0.0956  data_time: 0.0015  memory: 708  grad_norm: 5.0590  loss: 0.7550  loss_cls: 0.0462  loss_bbox: 0.1553  loss_centerness: 0.5535
2026/03/11 02:31:19 - mmengine - INFO - Epoch(train)  [11][ 350/1154]  base_lr: 1.2500e-03 lr: 1.2500e-03  eta: 3:57:43  time: 0.0978  data_time: 0.0012  memory: 708  grad_norm: 5.5739  loss: 0.7653  loss_cls: 0.0536  loss_bbox: 0.1534  loss_centerness: 0.5582
2026/03/11 02:31:23 - mmengine - INFO - Epoch(train)  [11][ 400/1154]  base_lr: 1.2500e-03 lr: 1.2500e-03  eta: 3:57:14  time: 0.0877  data_time: 0.0007  memory: 708  grad_norm: 5.1984  loss: 0.7893  loss_cls: 0.0545  loss_bbox: 0.1712  loss_centerness: 0.5636
2026/03/11 02:31:28 - mmengine - INFO - Epoch(train)  [11][ 450/1154]  base_lr: 1.2500e-03 lr: 1.2500e-03  eta: 3:56:51  time: 0.1002  data_time: 0.0014  memory: 708  grad_norm: 4.4689  loss: 0.7319  loss_cls: 0.0414  loss_bbox: 0.1327  loss_centerness: 0.5578
2026/03/11 02:31:29 - mmengine - INFO - Exp name: fcos_minecraft_20260311_015948
2026/03/11 02:31:34 - mmengine - INFO - Epoch(train)  [11][ 500/1154]  base_lr: 1.2500e-03 lr: 1.2500e-03  eta: 3:56:35  time: 0.1166  data_time: 0.0012  memory: 708  grad_norm: 5.2256  loss: 0.7589  loss_cls: 0.0597  loss_bbox: 0.1383  loss_centerness: 0.5608
2026/03/11 02:31:40 - mmengine - INFO - Epoch(train)  [11][ 550/1154]  base_lr: 1.2500e-03 lr: 1.2500e-03  eta: 3:56:20  time: 0.1180  data_time: 0.0015  memory: 708  grad_norm: 5.8483  loss: 0.7751  loss_cls: 0.0699  loss_bbox: 0.1487  loss_centerness: 0.5565
2026/03/11 02:31:46 - mmengine - INFO - Epoch(train)  [11][ 600/1154]  base_lr: 1.2500e-03 lr: 1.2500e-03  eta: 3:56:05  time: 0.1165  data_time: 0.0014  memory: 708  grad_norm: 5.4733  loss: 0.7889  loss_cls: 0.0681  loss_bbox: 0.1594  loss_centerness: 0.5614
2026/03/11 02:31:52 - mmengine - INFO - Epoch(train)  [11][ 650/1154]  base_lr: 1.2500e-03 lr: 1.2500e-03  eta: 3:55:49  time: 0.1167  data_time: 0.0013  memory: 708  grad_norm: 5.8173  loss: 0.7814  loss_cls: 0.0602  loss_bbox: 0.1560  loss_centerness: 0.5652
2026/03/11 02:31:58 - mmengine - INFO - Epoch(train)  [11][ 700/1154]  base_lr: 1.2500e-03 lr: 1.2500e-03  eta: 3:55:34  time: 0.1170  data_time: 0.0014  memory: 708  grad_norm: 5.4135  loss: 0.7553  loss_cls: 0.0438  loss_bbox: 0.1521  loss_centerness: 0.5595
2026/03/11 02:32:03 - mmengine - INFO - Epoch(train)  [11][ 750/1154]  base_lr: 1.2500e-03 lr: 1.2500e-03  eta: 3:55:19  time: 0.1169  data_time: 0.0015  memory: 708  grad_norm: 5.2079  loss: 0.7574  loss_cls: 0.0488  loss_bbox: 0.1473  loss_centerness: 0.5614
2026/03/11 02:32:09 - mmengine - INFO - Epoch(train)  [11][ 800/1154]  base_lr: 1.2500e-03 lr: 1.2500e-03  eta: 3:55:03  time: 0.1161  data_time: 0.0011  memory: 708  grad_norm: 4.8964  loss: 0.7499  loss_cls: 0.0417  loss_bbox: 0.1486  loss_centerness: 0.5596
2026/03/11 02:32:15 - mmengine - INFO - Epoch(train)  [11][ 850/1154]  base_lr: 1.2500e-03 lr: 1.2500e-03  eta: 3:54:48  time: 0.1175  data_time: 0.0013  memory: 708  grad_norm: 4.7349  loss: 0.7618  loss_cls: 0.0486  loss_bbox: 0.1508  loss_centerness: 0.5624
2026/03/11 02:32:21 - mmengine - INFO - Epoch(train)  [11][ 900/1154]  base_lr: 1.2500e-03 lr: 1.2500e-03  eta: 3:54:33  time: 0.1164  data_time: 0.0011  memory: 708  grad_norm: 5.4136  loss: 0.7712  loss_cls: 0.0512  loss_bbox: 0.1643  loss_centerness: 0.5556
2026/03/11 02:32:27 - mmengine - INFO - Epoch(train)  [11][ 950/1154]  base_lr: 1.2500e-03 lr: 1.2500e-03  eta: 3:54:18  time: 0.1166  data_time: 0.0011  memory: 708  grad_norm: 4.6256  loss: 0.7367  loss_cls: 0.0444  loss_bbox: 0.1392  loss_centerness: 0.5531
2026/03/11 02:32:33 - mmengine - INFO - Epoch(train)  [11][1000/1154]  base_lr: 1.2500e-03 lr: 1.2500e-03  eta: 3:54:03  time: 0.1165  data_time: 0.0011  memory: 708  grad_norm: 4.9116  loss: 0.7401  loss_cls: 0.0469  loss_bbox: 0.1374  loss_centerness: 0.5558
2026/03/11 02:32:38 - mmengine - INFO - Epoch(train)  [11][1050/1154]  base_lr: 1.2500e-03 lr: 1.2500e-03  eta: 3:53:48  time: 0.1172  data_time: 0.0010  memory: 708  grad_norm: 4.3569  loss: 0.7149  loss_cls: 0.0411  loss_bbox: 0.1172  loss_centerness: 0.5566
2026/03/11 02:32:44 - mmengine - INFO - Epoch(train)  [11][1100/1154]  base_lr: 1.2500e-03 lr: 1.2500e-03  eta: 3:53:33  time: 0.1164  data_time: 0.0013  memory: 708  grad_norm: 4.5977  loss: 0.7356  loss_cls: 0.0380  loss_bbox: 0.1355  loss_centerness: 0.5622
2026/03/11 02:32:50 - mmengine - INFO - Epoch(train)  [11][1150/1154]  base_lr: 1.2500e-03 lr: 1.2500e-03  eta: 3:53:18  time: 0.1155  data_time: 0.0011  memory: 708  grad_norm: 5.6173  loss: 0.7776  loss_cls: 0.0608  loss_bbox: 0.1552  loss_centerness: 0.5616
2026/03/11 02:32:50 - mmengine - INFO - Exp name: fcos_minecraft_20260311_015948
2026/03/11 02:32:50 - mmengine - INFO - Saving checkpoint at 11 epochs
2026/03/11 02:32:53 - mmengine - INFO - Epoch(val)  [11][ 50/422]    eta: 0:00:13  time: 0.0365  data_time: 0.0011  memory: 708  
2026/03/11 02:32:55 - mmengine - INFO - Epoch(val)  [11][100/422]    eta: 0:00:11  time: 0.0367  data_time: 0.0007  memory: 403  
2026/03/11 02:32:57 - mmengine - INFO - Epoch(val)  [11][150/422]    eta: 0:00:09  time: 0.0368  data_time: 0.0003  memory: 403  
2026/03/11 02:32:59 - mmengine - INFO - Epoch(val)  [11][200/422]    eta: 0:00:08  time: 0.0377  data_time: 0.0005  memory: 403  
2026/03/11 02:33:01 - mmengine - INFO - Epoch(val)  [11][250/422]    eta: 0:00:06  time: 0.0362  data_time: 0.0006  memory: 403  
2026/03/11 02:33:03 - mmengine - INFO - Epoch(val)  [11][300/422]    eta: 0:00:04  time: 0.0373  data_time: 0.0008  memory: 403  
2026/03/11 02:33:05 - mmengine - INFO - Epoch(val)  [11][350/422]    eta: 0:00:02  time: 0.0371  data_time: 0.0007  memory: 403  
2026/03/11 02:33:06 - mmengine - INFO - Epoch(val)  [11][400/422]    eta: 0:00:00  time: 0.0366  data_time: 0.0010  memory: 403  
2026/03/11 02:33:07 - mmengine - INFO - Evaluating bbox...
2026/03/11 02:33:08 - mmengine - INFO - bbox_mAP_copypaste: 0.265 0.461 0.282 0.038 0.174 0.414
2026/03/11 02:33:08 - mmengine - INFO - Epoch(val) [11][422/422]    coco/bbox_mAP: 0.2650  coco/bbox_mAP_50: 0.4610  coco/bbox_mAP_75: 0.2820  coco/bbox_mAP_s: 0.0380  coco/bbox_mAP_m: 0.1740  coco/bbox_mAP_l: 0.4140  data_time: 0.0007  time: 0.0368
2026/03/11 02:33:14 - mmengine - INFO - Epoch(train)  [12][  50/1154]  base_lr: 1.2500e-03 lr: 1.2500e-03  eta: 3:53:02  time: 0.1164  data_time: 0.0012  memory: 708  grad_norm: 4.7215  loss: 0.7421  loss_cls: 0.0400  loss_bbox: 0.1439  loss_centerness: 0.5583
2026/03/11 02:33:20 - mmengine - INFO - Epoch(train)  [12][ 100/1154]  base_lr: 1.2500e-03 lr: 1.2500e-03  eta: 3:52:47  time: 0.1162  data_time: 0.0013  memory: 708  grad_norm: 5.0086  loss: 0.7471  loss_cls: 0.0542  loss_bbox: 0.1381  loss_centerness: 0.5548
2026/03/11 02:33:26 - mmengine - INFO - Epoch(train)  [12][ 150/1154]  base_lr: 1.2500e-03 lr: 1.2500e-03  eta: 3:52:32  time: 0.1166  data_time: 0.0018  memory: 708  grad_norm: 4.2645  loss: 0.7359  loss_cls: 0.0444  loss_bbox: 0.1343  loss_centerness: 0.5573
2026/03/11 02:33:31 - mmengine - INFO - Epoch(train)  [12][ 200/1154]  base_lr: 1.2500e-03 lr: 1.2500e-03  eta: 3:52:17  time: 0.1161  data_time: 0.0007  memory: 708  grad_norm: 5.1119  loss: 0.7595  loss_cls: 0.0497  loss_bbox: 0.1514  loss_centerness: 0.5584
2026/03/11 02:33:36 - mmengine - INFO - Epoch(train)  [12][ 250/1154]  base_lr: 1.2500e-03 lr: 1.2500e-03  eta: 3:51:53  time: 0.0923  data_time: 0.0014  memory: 708  grad_norm: 4.6437  loss: 0.7277  loss_cls: 0.0424  loss_bbox: 0.1292  loss_centerness: 0.5560
2026/03/11 02:33:41 - mmengine - INFO - Epoch(train)  [12][ 300/1154]  base_lr: 1.2500e-03 lr: 1.2500e-03  eta: 3:51:31  time: 0.0962  data_time: 0.0012  memory: 708  grad_norm: 5.2293  loss: 0.7452  loss_cls: 0.0526  loss_bbox: 0.1398  loss_centerness: 0.5529
2026/03/11 02:33:42 - mmengine - INFO - Exp name: fcos_minecraft_20260311_015948
2026/03/11 02:33:46 - mmengine - INFO - Epoch(train)  [12][ 350/1154]  base_lr: 1.2500e-03 lr: 1.2500e-03  eta: 3:51:09  time: 0.0971  data_time: 0.0015  memory: 708  grad_norm: 4.6178  loss: 0.7371  loss_cls: 0.0524  loss_bbox: 0.1259  loss_centerness: 0.5588
2026/03/11 02:33:51 - mmengine - INFO - Epoch(train)  [12][ 400/1154]  base_lr: 1.2500e-03 lr: 1.2500e-03  eta: 3:50:47  time: 0.0958  data_time: 0.0014  memory: 708  grad_norm: 4.7256  loss: 0.7303  loss_cls: 0.0439  loss_bbox: 0.1369  loss_centerness: 0.5495
2026/03/11 02:33:55 - mmengine - INFO - Epoch(train)  [12][ 450/1154]  base_lr: 1.2500e-03 lr: 1.2500e-03  eta: 3:50:20  time: 0.0832  data_time: 0.0016  memory: 708  grad_norm: 5.4084  loss: 0.7690  loss_cls: 0.0645  loss_bbox: 0.1522  loss_centerness: 0.5523
2026/03/11 02:34:01 - mmengine - INFO - Epoch(train)  [12][ 500/1154]  base_lr: 1.2500e-03 lr: 1.2500e-03  eta: 3:50:06  time: 0.1168  data_time: 0.0012  memory: 708  grad_norm: 5.0426  loss: 0.7297  loss_cls: 0.0426  loss_bbox: 0.1285  loss_centerness: 0.5586
2026/03/11 02:34:06 - mmengine - INFO - Epoch(train)  [12][ 550/1154]  base_lr: 1.2500e-03 lr: 1.2500e-03  eta: 3:49:52  time: 0.1173  data_time: 0.0015  memory: 708  grad_norm: 4.9256  loss: 0.7347  loss_cls: 0.0421  loss_bbox: 0.1373  loss_centerness: 0.5553
2026/03/11 02:34:12 - mmengine - INFO - Epoch(train)  [12][ 600/1154]  base_lr: 1.2500e-03 lr: 1.2500e-03  eta: 3:49:38  time: 0.1161  data_time: 0.0013  memory: 708  grad_norm: 4.5969  loss: 0.7389  loss_cls: 0.0409  loss_bbox: 0.1378  loss_centerness: 0.5602
2026/03/11 02:34:18 - mmengine - INFO - Epoch(train)  [12][ 650/1154]  base_lr: 1.2500e-03 lr: 1.2500e-03  eta: 3:49:25  time: 0.1172  data_time: 0.0011  memory: 708  grad_norm: 4.7433  loss: 0.7245  loss_cls: 0.0452  loss_bbox: 0.1174  loss_centerness: 0.5619
2026/03/11 02:34:24 - mmengine - INFO - Epoch(train)  [12][ 700/1154]  base_lr: 1.2500e-03 lr: 1.2500e-03  eta: 3:49:11  time: 0.1170  data_time: 0.0008  memory: 708  grad_norm: 4.6181  loss: 0.7517  loss_cls: 0.0357  loss_bbox: 0.1544  loss_centerness: 0.5617
2026/03/11 02:34:30 - mmengine - INFO - Epoch(train)  [12][ 750/1154]  base_lr: 1.2500e-03 lr: 1.2500e-03  eta: 3:48:57  time: 0.1166  data_time: 0.0018  memory: 708  grad_norm: 4.1373  loss: 0.7254  loss_cls: 0.0328  loss_bbox: 0.1339  loss_centerness: 0.5587
2026/03/11 02:34:36 - mmengine - INFO - Epoch(train)  [12][ 800/1154]  base_lr: 1.2500e-03 lr: 1.2500e-03  eta: 3:48:44  time: 0.1167  data_time: 0.0011  memory: 708  grad_norm: 4.8226  loss: 0.7228  loss_cls: 0.0395  loss_bbox: 0.1321  loss_centerness: 0.5512
2026/03/11 02:34:41 - mmengine - INFO - Epoch(train)  [12][ 850/1154]  base_lr: 1.2500e-03 lr: 1.2500e-03  eta: 3:48:30  time: 0.1169  data_time: 0.0011  memory: 708  grad_norm: 4.7608  loss: 0.7528  loss_cls: 0.0389  loss_bbox: 0.1531  loss_centerness: 0.5607
2026/03/11 02:34:47 - mmengine - INFO - Epoch(train)  [12][ 900/1154]  base_lr: 1.2500e-03 lr: 1.2500e-03  eta: 3:48:17  time: 0.1163  data_time: 0.0016  memory: 708  grad_norm: 4.8652  loss: 0.7305  loss_cls: 0.0380  loss_bbox: 0.1380  loss_centerness: 0.5545
2026/03/11 02:34:53 - mmengine - INFO - Epoch(train)  [12][ 950/1154]  base_lr: 1.2500e-03 lr: 1.2500e-03  eta: 3:48:03  time: 0.1159  data_time: 0.0019  memory: 708  grad_norm: 4.6289  loss: 0.7229  loss_cls: 0.0395  loss_bbox: 0.1333  loss_centerness: 0.5501
2026/03/11 02:34:59 - mmengine - INFO - Epoch(train)  [12][1000/1154]  base_lr: 1.2500e-03 lr: 1.2500e-03  eta: 3:47:50  time: 0.1170  data_time: 0.0012  memory: 708  grad_norm: 5.2554  loss: 0.7557  loss_cls: 0.0546  loss_bbox: 0.1405  loss_centerness: 0.5606
2026/03/11 02:35:05 - mmengine - INFO - Epoch(train)  [12][1050/1154]  base_lr: 1.2500e-03 lr: 1.2500e-03  eta: 3:47:37  time: 0.1168  data_time: 0.0011  memory: 708  grad_norm: 4.6797  loss: 0.7392  loss_cls: 0.0394  loss_bbox: 0.1414  loss_centerness: 0.5584
2026/03/11 02:35:11 - mmengine - INFO - Epoch(train)  [12][1100/1154]  base_lr: 1.2500e-03 lr: 1.2500e-03  eta: 3:47:24  time: 0.1170  data_time: 0.0015  memory: 708  grad_norm: 4.8792  loss: 0.7548  loss_cls: 0.0476  loss_bbox: 0.1411  loss_centerness: 0.5661
2026/03/11 02:35:16 - mmengine - INFO - Epoch(train)  [12][1150/1154]  base_lr: 1.2500e-03 lr: 1.2500e-03  eta: 3:47:10  time: 0.1167  data_time: 0.0013  memory: 708  grad_norm: 4.8018  loss: 0.7194  loss_cls: 0.0386  loss_bbox: 0.1261  loss_centerness: 0.5548
2026/03/11 02:35:17 - mmengine - INFO - Exp name: fcos_minecraft_20260311_015948
2026/03/11 02:35:17 - mmengine - INFO - Saving checkpoint at 12 epochs
2026/03/11 02:35:20 - mmengine - INFO - Epoch(val)  [12][ 50/422]    eta: 0:00:14  time: 0.0382  data_time: 0.0006  memory: 708  
2026/03/11 02:35:22 - mmengine - INFO - Epoch(val)  [12][100/422]    eta: 0:00:12  time: 0.0368  data_time: 0.0006  memory: 403  
2026/03/11 02:35:24 - mmengine - INFO - Epoch(val)  [12][150/422]    eta: 0:00:10  time: 0.0377  data_time: 0.0009  memory: 403  
2026/03/11 02:35:26 - mmengine - INFO - Epoch(val)  [12][200/422]    eta: 0:00:08  time: 0.0361  data_time: 0.0006  memory: 403  
2026/03/11 02:35:28 - mmengine - INFO - Epoch(val)  [12][250/422]    eta: 0:00:06  time: 0.0382  data_time: 0.0003  memory: 403  
2026/03/11 02:35:30 - mmengine - INFO - Epoch(val)  [12][300/422]    eta: 0:00:04  time: 0.0385  data_time: 0.0007  memory: 403  
2026/03/11 02:35:32 - mmengine - INFO - Epoch(val)  [12][350/422]    eta: 0:00:02  time: 0.0366  data_time: 0.0009  memory: 403  
2026/03/11 02:35:34 - mmengine - INFO - Epoch(val)  [12][400/422]    eta: 0:00:00  time: 0.0386  data_time: 0.0006  memory: 403  
2026/03/11 02:35:34 - mmengine - INFO - Evaluating bbox...
2026/03/11 02:35:35 - mmengine - INFO - bbox_mAP_copypaste: 0.282 0.493 0.301 0.030 0.186 0.411
2026/03/11 02:35:35 - mmengine - INFO - Epoch(val) [12][422/422]    coco/bbox_mAP: 0.2820  coco/bbox_mAP_50: 0.4930  coco/bbox_mAP_75: 0.3010  coco/bbox_mAP_s: 0.0300  coco/bbox_mAP_m: 0.1860  coco/bbox_mAP_l: 0.4110  data_time: 0.0007  time: 0.0376
2026/03/11 02:35:41 - mmengine - INFO - Epoch(train)  [13][  50/1154]  base_lr: 1.2500e-03 lr: 1.2500e-03  eta: 3:46:56  time: 0.1157  data_time: 0.0013  memory: 708  grad_norm: 4.8600  loss: 0.7507  loss_cls: 0.0408  loss_bbox: 0.1427  loss_centerness: 0.5672
2026/03/11 02:35:47 - mmengine - INFO - Epoch(train)  [13][ 100/1154]  base_lr: 1.2500e-03 lr: 1.2500e-03  eta: 3:46:43  time: 0.1162  data_time: 0.0008  memory: 708  grad_norm: 4.2357  loss: 0.7086  loss_cls: 0.0295  loss_bbox: 0.1252  loss_centerness: 0.5539
2026/03/11 02:35:53 - mmengine - INFO - Epoch(train)  [13][ 150/1154]  base_lr: 1.2500e-03 lr: 1.2500e-03  eta: 3:46:29  time: 0.1157  data_time: 0.0008  memory: 708  grad_norm: 4.8942  loss: 0.7507  loss_cls: 0.0446  loss_bbox: 0.1547  loss_centerness: 0.5513
2026/03/11 02:35:53 - mmengine - INFO - Exp name: fcos_minecraft_20260311_015948
2026/03/11 02:35:59 - mmengine - INFO - Epoch(train)  [13][ 200/1154]  base_lr: 1.2500e-03 lr: 1.2500e-03  eta: 3:46:16  time: 0.1164  data_time: 0.0016  memory: 708  grad_norm: 4.6543  loss: 0.7342  loss_cls: 0.0380  loss_bbox: 0.1360  loss_centerness: 0.5602
2026/03/11 02:36:04 - mmengine - INFO - Epoch(train)  [13][ 250/1154]  base_lr: 1.2500e-03 lr: 1.2500e-03  eta: 3:45:57  time: 0.0999  data_time: 0.0017  memory: 708  grad_norm: 4.6129  loss: 0.7263  loss_cls: 0.0349  loss_bbox: 0.1367  loss_centerness: 0.5546
2026/03/11 02:36:08 - mmengine - INFO - Epoch(train)  [13][ 300/1154]  base_lr: 1.2500e-03 lr: 1.2500e-03  eta: 3:45:36  time: 0.0946  data_time: 0.0011  memory: 708  grad_norm: 4.4234  loss: 0.7113  loss_cls: 0.0340  loss_bbox: 0.1214  loss_centerness: 0.5559
2026/03/11 02:36:13 - mmengine - INFO - Epoch(train)  [13][ 350/1154]  base_lr: 1.2500e-03 lr: 1.2500e-03  eta: 3:45:17  time: 0.0978  data_time: 0.0008  memory: 708  grad_norm: 4.4783  loss: 0.7087  loss_cls: 0.0312  loss_bbox: 0.1228  loss_centerness: 0.5547
2026/03/11 02:36:18 - mmengine - INFO - Epoch(train)  [13][ 400/1154]  base_lr: 1.2500e-03 lr: 1.2500e-03  eta: 3:44:58  time: 0.0982  data_time: 0.0015  memory: 708  grad_norm: 4.8057  loss: 0.7376  loss_cls: 0.0400  loss_bbox: 0.1352  loss_centerness: 0.5623
2026/03/11 02:36:22 - mmengine - INFO - Epoch(train)  [13][ 450/1154]  base_lr: 1.2500e-03 lr: 1.2500e-03  eta: 3:44:32  time: 0.0792  data_time: 0.0009  memory: 708  grad_norm: 4.8128  loss: 0.7314  loss_cls: 0.0345  loss_bbox: 0.1401  loss_centerness: 0.5567
2026/03/11 02:36:28 - mmengine - INFO - Epoch(train)  [13][ 500/1154]  base_lr: 1.2500e-03 lr: 1.2500e-03  eta: 3:44:19  time: 0.1158  data_time: 0.0011  memory: 708  grad_norm: 4.6294  loss: 0.7142  loss_cls: 0.0347  loss_bbox: 0.1272  loss_centerness: 0.5523
2026/03/11 02:36:34 - mmengine - INFO - Epoch(train)  [13][ 550/1154]  base_lr: 1.2500e-03 lr: 1.2500e-03  eta: 3:44:06  time: 0.1157  data_time: 0.0014  memory: 708  grad_norm: 4.7581  loss: 0.7318  loss_cls: 0.0360  loss_bbox: 0.1322  loss_centerness: 0.5637
2026/03/11 02:36:39 - mmengine - INFO - Epoch(train)  [13][ 600/1154]  base_lr: 1.2500e-03 lr: 1.2500e-03  eta: 3:43:54  time: 0.1158  data_time: 0.0012  memory: 708  grad_norm: 4.6479  loss: 0.7130  loss_cls: 0.0365  loss_bbox: 0.1229  loss_centerness: 0.5537
2026/03/11 02:36:45 - mmengine - INFO - Epoch(train)  [13][ 650/1154]  base_lr: 1.2500e-03 lr: 1.2500e-03  eta: 3:43:41  time: 0.1161  data_time: 0.0008  memory: 708  grad_norm: 4.7547  loss: 0.7243  loss_cls: 0.0354  loss_bbox: 0.1320  loss_centerness: 0.5569
2026/03/11 02:36:51 - mmengine - INFO - Epoch(train)  [13][ 700/1154]  base_lr: 1.2500e-03 lr: 1.2500e-03  eta: 3:43:28  time: 0.1150  data_time: 0.0018  memory: 708  grad_norm: 4.4790  loss: 0.7273  loss_cls: 0.0436  loss_bbox: 0.1294  loss_centerness: 0.5543
2026/03/11 02:36:57 - mmengine - INFO - Epoch(train)  [13][ 750/1154]  base_lr: 1.2500e-03 lr: 1.2500e-03  eta: 3:43:16  time: 0.1166  data_time: 0.0013  memory: 708  grad_norm: 5.0586  loss: 0.7234  loss_cls: 0.0422  loss_bbox: 0.1239  loss_centerness: 0.5573
2026/03/11 02:37:03 - mmengine - INFO - Epoch(train)  [13][ 800/1154]  base_lr: 1.2500e-03 lr: 1.2500e-03  eta: 3:43:03  time: 0.1156  data_time: 0.0009  memory: 708  grad_norm: 5.2101  loss: 0.7560  loss_cls: 0.0411  loss_bbox: 0.1553  loss_centerness: 0.5596
2026/03/11 02:37:08 - mmengine - INFO - Epoch(train)  [13][ 850/1154]  base_lr: 1.2500e-03 lr: 1.2500e-03  eta: 3:42:51  time: 0.1158  data_time: 0.0006  memory: 708  grad_norm: 5.6919  loss: 0.7596  loss_cls: 0.0542  loss_bbox: 0.1512  loss_centerness: 0.5542
2026/03/11 02:37:14 - mmengine - INFO - Epoch(train)  [13][ 900/1154]  base_lr: 1.2500e-03 lr: 1.2500e-03  eta: 3:42:38  time: 0.1157  data_time: 0.0010  memory: 708  grad_norm: 6.0623  loss: 0.7835  loss_cls: 0.0834  loss_bbox: 0.1437  loss_centerness: 0.5564
2026/03/11 02:37:20 - mmengine - INFO - Epoch(train)  [13][ 950/1154]  base_lr: 1.2500e-03 lr: 1.2500e-03  eta: 3:42:26  time: 0.1168  data_time: 0.0014  memory: 708  grad_norm: 4.9304  loss: 0.7543  loss_cls: 0.0600  loss_bbox: 0.1411  loss_centerness: 0.5532
2026/03/11 02:37:26 - mmengine - INFO - Epoch(train)  [13][1000/1154]  base_lr: 1.2500e-03 lr: 1.2500e-03  eta: 3:42:14  time: 0.1168  data_time: 0.0013  memory: 708  grad_norm: 4.9532  loss: 0.7450  loss_cls: 0.0410  loss_bbox: 0.1425  loss_centerness: 0.5615
2026/03/11 02:37:32 - mmengine - INFO - Epoch(train)  [13][1050/1154]  base_lr: 1.2500e-03 lr: 1.2500e-03  eta: 3:42:02  time: 0.1150  data_time: 0.0014  memory: 708  grad_norm: 4.4583  loss: 0.7127  loss_cls: 0.0307  loss_bbox: 0.1247  loss_centerness: 0.5573
2026/03/11 02:37:37 - mmengine - INFO - Epoch(train)  [13][1100/1154]  base_lr: 1.2500e-03 lr: 1.2500e-03  eta: 3:41:50  time: 0.1168  data_time: 0.0013  memory: 708  grad_norm: 4.7321  loss: 0.7398  loss_cls: 0.0424  loss_bbox: 0.1433  loss_centerness: 0.5541
2026/03/11 02:37:43 - mmengine - INFO - Epoch(train)  [13][1150/1154]  base_lr: 1.2500e-03 lr: 1.2500e-03  eta: 3:41:38  time: 0.1161  data_time: 0.0012  memory: 708  grad_norm: 4.5037  loss: 0.7482  loss_cls: 0.0409  loss_bbox: 0.1462  loss_centerness: 0.5612
2026/03/11 02:37:43 - mmengine - INFO - Exp name: fcos_minecraft_20260311_015948
2026/03/11 02:37:44 - mmengine - INFO - Exp name: fcos_minecraft_20260311_015948
2026/03/11 02:37:44 - mmengine - INFO - Saving checkpoint at 13 epochs
2026/03/11 02:37:47 - mmengine - INFO - Epoch(val)  [13][ 50/422]    eta: 0:00:14  time: 0.0379  data_time: 0.0004  memory: 708  
2026/03/11 02:37:49 - mmengine - INFO - Epoch(val)  [13][100/422]    eta: 0:00:12  time: 0.0372  data_time: 0.0008  memory: 403  
2026/03/11 02:37:51 - mmengine - INFO - Epoch(val)  [13][150/422]    eta: 0:00:10  time: 0.0361  data_time: 0.0006  memory: 403  
2026/03/11 02:37:53 - mmengine - INFO - Epoch(val)  [13][200/422]    eta: 0:00:08  time: 0.0369  data_time: 0.0007  memory: 403  
2026/03/11 02:37:54 - mmengine - INFO - Epoch(val)  [13][250/422]    eta: 0:00:06  time: 0.0367  data_time: 0.0006  memory: 403  
2026/03/11 02:37:56 - mmengine - INFO - Epoch(val)  [13][300/422]    eta: 0:00:04  time: 0.0384  data_time: 0.0006  memory: 403  
2026/03/11 02:37:58 - mmengine - INFO - Epoch(val)  [13][350/422]    eta: 0:00:02  time: 0.0380  data_time: 0.0003  memory: 403  
2026/03/11 02:38:00 - mmengine - INFO - Epoch(val)  [13][400/422]    eta: 0:00:00  time: 0.0380  data_time: 0.0006  memory: 403  
2026/03/11 02:38:01 - mmengine - INFO - Evaluating bbox...
2026/03/11 02:38:02 - mmengine - INFO - bbox_mAP_copypaste: 0.301 0.464 0.351 0.028 0.215 0.438
2026/03/11 02:38:02 - mmengine - INFO - Epoch(val) [13][422/422]    coco/bbox_mAP: 0.3010  coco/bbox_mAP_50: 0.4640  coco/bbox_mAP_75: 0.3510  coco/bbox_mAP_s: 0.0280  coco/bbox_mAP_m: 0.2150  coco/bbox_mAP_l: 0.4380  data_time: 0.0006  time: 0.0374
2026/03/11 02:38:08 - mmengine - INFO - Epoch(train)  [14][  50/1154]  base_lr: 1.2500e-03 lr: 1.2500e-03  eta: 3:41:25  time: 0.1177  data_time: 0.0018  memory: 708  grad_norm: 4.3310  loss: 0.7202  loss_cls: 0.0362  loss_bbox: 0.1211  loss_centerness: 0.5628
2026/03/11 02:38:14 - mmengine - INFO - Epoch(train)  [14][ 100/1154]  base_lr: 1.2500e-03 lr: 1.2500e-03  eta: 3:41:13  time: 0.1169  data_time: 0.0010  memory: 708  grad_norm: 4.5974  loss: 0.7254  loss_cls: 0.0359  loss_bbox: 0.1354  loss_centerness: 0.5542
2026/03/11 02:38:19 - mmengine - INFO - Epoch(train)  [14][ 150/1154]  base_lr: 1.2500e-03 lr: 1.2500e-03  eta: 3:41:02  time: 0.1171  data_time: 0.0015  memory: 708  grad_norm: 4.5077  loss: 0.7275  loss_cls: 0.0395  loss_bbox: 0.1362  loss_centerness: 0.5518
2026/03/11 02:38:25 - mmengine - INFO - Epoch(train)  [14][ 200/1154]  base_lr: 1.2500e-03 lr: 1.2500e-03  eta: 3:40:50  time: 0.1170  data_time: 0.0012  memory: 708  grad_norm: 4.5989  loss: 0.7350  loss_cls: 0.0342  loss_bbox: 0.1454  loss_centerness: 0.5554
2026/03/11 02:38:31 - mmengine - INFO - Epoch(train)  [14][ 250/1154]  base_lr: 1.2500e-03 lr: 1.2500e-03  eta: 3:40:37  time: 0.1141  data_time: 0.0015  memory: 708  grad_norm: 4.7329  loss: 0.7475  loss_cls: 0.0396  loss_bbox: 0.1413  loss_centerness: 0.5666
2026/03/11 02:38:35 - mmengine - INFO - Epoch(train)  [14][ 300/1154]  base_lr: 1.2500e-03 lr: 1.2500e-03  eta: 3:40:14  time: 0.0825  data_time: 0.0012  memory: 708  grad_norm: 4.4646  loss: 0.7120  loss_cls: 0.0286  loss_bbox: 0.1237  loss_centerness: 0.5597
2026/03/11 02:38:40 - mmengine - INFO - Epoch(train)  [14][ 350/1154]  base_lr: 1.2500e-03 lr: 1.2500e-03  eta: 3:39:56  time: 0.0972  data_time: 0.0010  memory: 708  grad_norm: 4.2188  loss: 0.7095  loss_cls: 0.0267  loss_bbox: 0.1294  loss_centerness: 0.5533
2026/03/11 02:38:45 - mmengine - INFO - Epoch(train)  [14][ 400/1154]  base_lr: 1.2500e-03 lr: 1.2500e-03  eta: 3:39:39  time: 0.0973  data_time: 0.0011  memory: 708  grad_norm: 4.7787  loss: 0.7092  loss_cls: 0.0318  loss_bbox: 0.1231  loss_centerness: 0.5544
2026/03/11 02:38:49 - mmengine - INFO - Epoch(train)  [14][ 450/1154]  base_lr: 1.2500e-03 lr: 1.2500e-03  eta: 3:39:17  time: 0.0864  data_time: 0.0011  memory: 708  grad_norm: 5.1027  loss: 0.7436  loss_cls: 0.0367  loss_bbox: 0.1520  loss_centerness: 0.5548
2026/03/11 02:38:54 - mmengine - INFO - Epoch(train)  [14][ 500/1154]  base_lr: 1.2500e-03 lr: 1.2500e-03  eta: 3:39:02  time: 0.1037  data_time: 0.0012  memory: 708  grad_norm: 5.2826  loss: 0.7546  loss_cls: 0.0512  loss_bbox: 0.1509  loss_centerness: 0.5525
2026/03/11 02:39:00 - mmengine - INFO - Epoch(train)  [14][ 550/1154]  base_lr: 1.2500e-03 lr: 1.2500e-03  eta: 3:38:50  time: 0.1165  data_time: 0.0013  memory: 708  grad_norm: 5.2921  loss: 0.7626  loss_cls: 0.0458  loss_bbox: 0.1609  loss_centerness: 0.5559
2026/03/11 02:39:06 - mmengine - INFO - Epoch(train)  [14][ 600/1154]  base_lr: 1.2500e-03 lr: 1.2500e-03  eta: 3:38:39  time: 0.1160  data_time: 0.0018  memory: 708  grad_norm: 4.4589  loss: 0.7197  loss_cls: 0.0363  loss_bbox: 0.1297  loss_centerness: 0.5537
2026/03/11 02:39:12 - mmengine - INFO - Epoch(train)  [14][ 650/1154]  base_lr: 1.2500e-03 lr: 1.2500e-03  eta: 3:38:28  time: 0.1168  data_time: 0.0014  memory: 708  grad_norm: 4.8214  loss: 0.7403  loss_cls: 0.0326  loss_bbox: 0.1438  loss_centerness: 0.5639
2026/03/11 02:39:18 - mmengine - INFO - Epoch(train)  [14][ 700/1154]  base_lr: 1.2500e-03 lr: 1.2500e-03  eta: 3:38:16  time: 0.1162  data_time: 0.0007  memory: 708  grad_norm: 5.2420  loss: 0.7267  loss_cls: 0.0392  loss_bbox: 0.1288  loss_centerness: 0.5587
2026/03/11 02:39:24 - mmengine - INFO - Epoch(train)  [14][ 750/1154]  base_lr: 1.2500e-03 lr: 1.2500e-03  eta: 3:38:05  time: 0.1168  data_time: 0.0016  memory: 708  grad_norm: 5.4269  loss: 0.7576  loss_cls: 0.0515  loss_bbox: 0.1460  loss_centerness: 0.5601
2026/03/11 02:39:29 - mmengine - INFO - Epoch(train)  [14][ 800/1154]  base_lr: 1.2500e-03 lr: 1.2500e-03  eta: 3:37:53  time: 0.1154  data_time: 0.0012  memory: 708  grad_norm: 4.5531  loss: 0.7014  loss_cls: 0.0321  loss_bbox: 0.1123  loss_centerness: 0.5570
2026/03/11 02:39:35 - mmengine - INFO - Epoch(train)  [14][ 850/1154]  base_lr: 1.2500e-03 lr: 1.2500e-03  eta: 3:37:42  time: 0.1170  data_time: 0.0011  memory: 708  grad_norm: 4.9982  loss: 0.7365  loss_cls: 0.0405  loss_bbox: 0.1391  loss_centerness: 0.5569
2026/03/11 02:39:41 - mmengine - INFO - Epoch(train)  [14][ 900/1154]  base_lr: 1.2500e-03 lr: 1.2500e-03  eta: 3:37:31  time: 0.1160  data_time: 0.0012  memory: 708  grad_norm: 4.9871  loss: 0.7288  loss_cls: 0.0408  loss_bbox: 0.1334  loss_centerness: 0.5546
2026/03/11 02:39:47 - mmengine - INFO - Epoch(train)  [14][ 950/1154]  base_lr: 1.2500e-03 lr: 1.2500e-03  eta: 3:37:20  time: 0.1162  data_time: 0.0009  memory: 708  grad_norm: 4.5562  loss: 0.7056  loss_cls: 0.0363  loss_bbox: 0.1176  loss_centerness: 0.5517
2026/03/11 02:39:52 - mmengine - INFO - Exp name: fcos_minecraft_20260311_015948
2026/03/11 02:39:53 - mmengine - INFO - Epoch(train)  [14][1000/1154]  base_lr: 1.2500e-03 lr: 1.2500e-03  eta: 3:37:09  time: 0.1160  data_time: 0.0016  memory: 708  grad_norm: 4.7934  loss: 0.7251  loss_cls: 0.0360  loss_bbox: 0.1323  loss_centerness: 0.5568
2026/03/11 02:39:58 - mmengine - INFO - Epoch(train)  [14][1050/1154]  base_lr: 1.2500e-03 lr: 1.2500e-03  eta: 3:36:58  time: 0.1164  data_time: 0.0012  memory: 708  grad_norm: 4.3300  loss: 0.6908  loss_cls: 0.0265  loss_bbox: 0.1122  loss_centerness: 0.5521
2026/03/11 02:40:04 - mmengine - INFO - Epoch(train)  [14][1100/1154]  base_lr: 1.2500e-03 lr: 1.2500e-03  eta: 3:36:46  time: 0.1165  data_time: 0.0013  memory: 708  grad_norm: 4.7298  loss: 0.7086  loss_cls: 0.0290  loss_bbox: 0.1244  loss_centerness: 0.5552
2026/03/11 02:40:10 - mmengine - INFO - Epoch(train)  [14][1150/1154]  base_lr: 1.2500e-03 lr: 1.2500e-03  eta: 3:36:35  time: 0.1160  data_time: 0.0016  memory: 708  grad_norm: 4.5440  loss: 0.7205  loss_cls: 0.0323  loss_bbox: 0.1323  loss_centerness: 0.5559
2026/03/11 02:40:10 - mmengine - INFO - Exp name: fcos_minecraft_20260311_015948
2026/03/11 02:40:10 - mmengine - INFO - Saving checkpoint at 14 epochs
2026/03/11 02:40:14 - mmengine - INFO - Epoch(val)  [14][ 50/422]    eta: 0:00:13  time: 0.0363  data_time: 0.0004  memory: 708  
2026/03/11 02:40:16 - mmengine - INFO - Epoch(val)  [14][100/422]    eta: 0:00:11  time: 0.0366  data_time: 0.0006  memory: 403  
2026/03/11 02:40:17 - mmengine - INFO - Epoch(val)  [14][150/422]    eta: 0:00:09  time: 0.0373  data_time: 0.0008  memory: 403  
2026/03/11 02:40:19 - mmengine - INFO - Epoch(val)  [14][200/422]    eta: 0:00:08  time: 0.0367  data_time: 0.0006  memory: 403  
2026/03/11 02:40:21 - mmengine - INFO - Epoch(val)  [14][250/422]    eta: 0:00:06  time: 0.0375  data_time: 0.0005  memory: 403  
2026/03/11 02:40:23 - mmengine - INFO - Epoch(val)  [14][300/422]    eta: 0:00:04  time: 0.0383  data_time: 0.0005  memory: 403  
2026/03/11 02:40:25 - mmengine - INFO - Epoch(val)  [14][350/422]    eta: 0:00:02  time: 0.0374  data_time: 0.0006  memory: 403  
2026/03/11 02:40:27 - mmengine - INFO - Epoch(val)  [14][400/422]    eta: 0:00:00  time: 0.0376  data_time: 0.0005  memory: 403  
2026/03/11 02:40:28 - mmengine - INFO - Evaluating bbox...
2026/03/11 02:40:28 - mmengine - INFO - bbox_mAP_copypaste: 0.287 0.441 0.351 0.009 0.234 0.431
2026/03/11 02:40:28 - mmengine - INFO - Epoch(val) [14][422/422]    coco/bbox_mAP: 0.2870  coco/bbox_mAP_50: 0.4410  coco/bbox_mAP_75: 0.3510  coco/bbox_mAP_s: 0.0090  coco/bbox_mAP_m: 0.2340  coco/bbox_mAP_l: 0.4310  data_time: 0.0005  time: 0.0371
2026/03/11 02:40:34 - mmengine - INFO - Epoch(train)  [15][  50/1154]  base_lr: 1.2500e-03 lr: 1.2500e-03  eta: 3:36:23  time: 0.1167  data_time: 0.0018  memory: 708  grad_norm: 4.6395  loss: 0.7170  loss_cls: 0.0334  loss_bbox: 0.1304  loss_centerness: 0.5532
2026/03/11 02:40:40 - mmengine - INFO - Epoch(train)  [15][ 100/1154]  base_lr: 1.2500e-03 lr: 1.2500e-03  eta: 3:36:13  time: 0.1171  data_time: 0.0011  memory: 708  grad_norm: 4.7457  loss: 0.7222  loss_cls: 0.0277  loss_bbox: 0.1346  loss_centerness: 0.5600
2026/03/11 02:40:46 - mmengine - INFO - Epoch(train)  [15][ 150/1154]  base_lr: 1.2500e-03 lr: 1.2500e-03  eta: 3:36:01  time: 0.1158  data_time: 0.0008  memory: 708  grad_norm: 4.2177  loss: 0.6980  loss_cls: 0.0309  loss_bbox: 0.1168  loss_centerness: 0.5502
2026/03/11 02:40:52 - mmengine - INFO - Epoch(train)  [15][ 200/1154]  base_lr: 1.2500e-03 lr: 1.2500e-03  eta: 3:35:50  time: 0.1154  data_time: 0.0012  memory: 708  grad_norm: 4.3548  loss: 0.7197  loss_cls: 0.0310  loss_bbox: 0.1232  loss_centerness: 0.5654
2026/03/11 02:40:57 - mmengine - INFO - Epoch(train)  [15][ 250/1154]  base_lr: 1.2500e-03 lr: 1.2500e-03  eta: 3:35:39  time: 0.1151  data_time: 0.0014  memory: 708  grad_norm: 4.5356  loss: 0.7137  loss_cls: 0.0328  loss_bbox: 0.1215  loss_centerness: 0.5594
2026/03/11 02:41:02 - mmengine - INFO - Epoch(train)  [15][ 300/1154]  base_lr: 1.2500e-03 lr: 1.2500e-03  eta: 3:35:19  time: 0.0854  data_time: 0.0013  memory: 708  grad_norm: 4.2200  loss: 0.6946  loss_cls: 0.0270  loss_bbox: 0.1150  loss_centerness: 0.5527
2026/03/11 02:41:06 - mmengine - INFO - Epoch(train)  [15][ 350/1154]  base_lr: 1.2500e-03 lr: 1.2500e-03  eta: 3:35:02  time: 0.0977  data_time: 0.0013  memory: 708  grad_norm: 4.9638  loss: 0.7172  loss_cls: 0.0303  loss_bbox: 0.1358  loss_centerness: 0.5511
2026/03/11 02:41:11 - mmengine - INFO - Epoch(train)  [15][ 400/1154]  base_lr: 1.2500e-03 lr: 1.2500e-03  eta: 3:34:46  time: 0.0966  data_time: 0.0016  memory: 708  grad_norm: 4.2698  loss: 0.7070  loss_cls: 0.0298  loss_bbox: 0.1244  loss_centerness: 0.5528
2026/03/11 02:41:16 - mmengine - INFO - Epoch(train)  [15][ 450/1154]  base_lr: 1.2500e-03 lr: 1.2500e-03  eta: 3:34:30  time: 0.0985  data_time: 0.0014  memory: 708  grad_norm: 4.6117  loss: 0.7107  loss_cls: 0.0275  loss_bbox: 0.1319  loss_centerness: 0.5514
2026/03/11 02:41:20 - mmengine - INFO - Epoch(train)  [15][ 500/1154]  base_lr: 1.2500e-03 lr: 1.2500e-03  eta: 3:34:09  time: 0.0828  data_time: 0.0009  memory: 708  grad_norm: 4.3825  loss: 0.7162  loss_cls: 0.0359  loss_bbox: 0.1260  loss_centerness: 0.5543
2026/03/11 02:41:26 - mmengine - INFO - Epoch(train)  [15][ 550/1154]  base_lr: 1.2500e-03 lr: 1.2500e-03  eta: 3:33:59  time: 0.1163  data_time: 0.0016  memory: 708  grad_norm: 4.8796  loss: 0.7125  loss_cls: 0.0278  loss_bbox: 0.1287  loss_centerness: 0.5560
2026/03/11 02:41:32 - mmengine - INFO - Epoch(train)  [15][ 600/1154]  base_lr: 1.2500e-03 lr: 1.2500e-03  eta: 3:33:48  time: 0.1166  data_time: 0.0012  memory: 708  grad_norm: 6.0226  loss: 0.7560  loss_cls: 0.0534  loss_bbox: 0.1430  loss_centerness: 0.5596
2026/03/11 02:41:38 - mmengine - INFO - Epoch(train)  [15][ 650/1154]  base_lr: 1.2500e-03 lr: 1.2500e-03  eta: 3:33:38  time: 0.1166  data_time: 0.0013  memory: 708  grad_norm: 5.6135  loss: 0.7577  loss_cls: 0.0793  loss_bbox: 0.1174  loss_centerness: 0.5610
2026/03/11 02:41:44 - mmengine - INFO - Epoch(train)  [15][ 700/1154]  base_lr: 1.2500e-03 lr: 1.2500e-03  eta: 3:33:27  time: 0.1172  data_time: 0.0009  memory: 708  grad_norm: 4.4827  loss: 0.7116  loss_cls: 0.0303  loss_bbox: 0.1235  loss_centerness: 0.5579
2026/03/11 02:41:50 - mmengine - INFO - Epoch(train)  [15][ 750/1154]  base_lr: 1.2500e-03 lr: 1.2500e-03  eta: 3:33:17  time: 0.1167  data_time: 0.0012  memory: 708  grad_norm: 4.6424  loss: 0.7132  loss_cls: 0.0329  loss_bbox: 0.1264  loss_centerness: 0.5539
2026/03/11 02:41:55 - mmengine - INFO - Epoch(train)  [15][ 800/1154]  base_lr: 1.2500e-03 lr: 1.2500e-03  eta: 3:33:07  time: 0.1168  data_time: 0.0013  memory: 708  grad_norm: 5.3086  loss: 0.7267  loss_cls: 0.0450  loss_bbox: 0.1260  loss_centerness: 0.5557
2026/03/11 02:42:01 - mmengine - INFO - Exp name: fcos_minecraft_20260311_015948
2026/03/11 02:42:01 - mmengine - INFO - Epoch(train)  [15][ 850/1154]  base_lr: 1.2500e-03 lr: 1.2500e-03  eta: 3:32:57  time: 0.1168  data_time: 0.0014  memory: 708  grad_norm: 4.6164  loss: 0.7241  loss_cls: 0.0366  loss_bbox: 0.1278  loss_centerness: 0.5597
2026/03/11 02:42:07 - mmengine - INFO - Epoch(train)  [15][ 900/1154]  base_lr: 1.2500e-03 lr: 1.2500e-03  eta: 3:32:46  time: 0.1171  data_time: 0.0009  memory: 708  grad_norm: 4.4721  loss: 0.7153  loss_cls: 0.0341  loss_bbox: 0.1264  loss_centerness: 0.5548
2026/03/11 02:42:13 - mmengine - INFO - Epoch(train)  [15][ 950/1154]  base_lr: 1.2500e-03 lr: 1.2500e-03  eta: 3:32:36  time: 0.1168  data_time: 0.0007  memory: 708  grad_norm: 4.6186  loss: 0.7285  loss_cls: 0.0387  loss_bbox: 0.1306  loss_centerness: 0.5592
2026/03/11 02:42:19 - mmengine - INFO - Epoch(train)  [15][1000/1154]  base_lr: 1.2500e-03 lr: 1.2500e-03  eta: 3:32:26  time: 0.1166  data_time: 0.0014  memory: 708  grad_norm: 5.0189  loss: 0.7287  loss_cls: 0.0307  loss_bbox: 0.1365  loss_centerness: 0.5615
2026/03/11 02:42:25 - mmengine - INFO - Epoch(train)  [15][1050/1154]  base_lr: 1.2500e-03 lr: 1.2500e-03  eta: 3:32:16  time: 0.1170  data_time: 0.0014  memory: 708  grad_norm: 5.0344  loss: 0.7158  loss_cls: 0.0306  loss_bbox: 0.1366  loss_centerness: 0.5486
2026/03/11 02:42:30 - mmengine - INFO - Epoch(train)  [15][1100/1154]  base_lr: 1.2500e-03 lr: 1.2500e-03  eta: 3:32:06  time: 0.1167  data_time: 0.0007  memory: 708  grad_norm: 4.6599  loss: 0.7147  loss_cls: 0.0295  loss_bbox: 0.1255  loss_centerness: 0.5597
2026/03/11 02:42:36 - mmengine - INFO - Epoch(train)  [15][1150/1154]  base_lr: 1.2500e-03 lr: 1.2500e-03  eta: 3:31:56  time: 0.1171  data_time: 0.0009  memory: 708  grad_norm: 4.6153  loss: 0.7120  loss_cls: 0.0304  loss_bbox: 0.1267  loss_centerness: 0.5549
2026/03/11 02:42:37 - mmengine - INFO - Exp name: fcos_minecraft_20260311_015948
2026/03/11 02:42:37 - mmengine - INFO - Saving checkpoint at 15 epochs
2026/03/11 02:42:41 - mmengine - INFO - Epoch(val)  [15][ 50/422]    eta: 0:00:14  time: 0.0378  data_time: 0.0009  memory: 708  
2026/03/11 02:42:43 - mmengine - INFO - Epoch(val)  [15][100/422]    eta: 0:00:11  time: 0.0360  data_time: 0.0006  memory: 403  
2026/03/11 02:42:44 - mmengine - INFO - Epoch(val)  [15][150/422]    eta: 0:00:10  time: 0.0374  data_time: 0.0003  memory: 403  
2026/03/11 02:42:46 - mmengine - INFO - Epoch(val)  [15][200/422]    eta: 0:00:08  time: 0.0364  data_time: 0.0009  memory: 403  
2026/03/11 02:42:48 - mmengine - INFO - Epoch(val)  [15][250/422]    eta: 0:00:06  time: 0.0367  data_time: 0.0005  memory: 403  
2026/03/11 02:42:50 - mmengine - INFO - Epoch(val)  [15][300/422]    eta: 0:00:04  time: 0.0369  data_time: 0.0004  memory: 403  
2026/03/11 02:42:52 - mmengine - INFO - Epoch(val)  [15][350/422]    eta: 0:00:02  time: 0.0372  data_time: 0.0003  memory: 403  
2026/03/11 02:42:54 - mmengine - INFO - Epoch(val)  [15][400/422]    eta: 0:00:00  time: 0.0371  data_time: 0.0005  memory: 403  
2026/03/11 02:42:55 - mmengine - INFO - Evaluating bbox...
2026/03/11 02:42:55 - mmengine - INFO - bbox_mAP_copypaste: 0.277 0.484 0.319 0.020 0.206 0.392
2026/03/11 02:42:55 - mmengine - INFO - Epoch(val) [15][422/422]    coco/bbox_mAP: 0.2770  coco/bbox_mAP_50: 0.4840  coco/bbox_mAP_75: 0.3190  coco/bbox_mAP_s: 0.0200  coco/bbox_mAP_m: 0.2060  coco/bbox_mAP_l: 0.3920  data_time: 0.0005  time: 0.0370
2026/03/11 02:43:01 - mmengine - INFO - Epoch(train)  [16][  50/1154]  base_lr: 1.2500e-03 lr: 1.2500e-03  eta: 3:31:45  time: 0.1178  data_time: 0.0017  memory: 708  grad_norm: 3.9567  loss: 0.7013  loss_cls: 0.0291  loss_bbox: 0.1152  loss_centerness: 0.5569
2026/03/11 02:43:07 - mmengine - INFO - Epoch(train)  [16][ 100/1154]  base_lr: 1.2500e-03 lr: 1.2500e-03  eta: 3:31:35  time: 0.1168  data_time: 0.0011  memory: 708  grad_norm: 4.3535  loss: 0.7006  loss_cls: 0.0273  loss_bbox: 0.1167  loss_centerness: 0.5566
2026/03/11 02:43:13 - mmengine - INFO - Epoch(train)  [16][ 150/1154]  base_lr: 1.2500e-03 lr: 1.2500e-03  eta: 3:31:25  time: 0.1166  data_time: 0.0011  memory: 708  grad_norm: 4.4922  loss: 0.6976  loss_cls: 0.0285  loss_bbox: 0.1166  loss_centerness: 0.5524
2026/03/11 02:43:19 - mmengine - INFO - Epoch(train)  [16][ 200/1154]  base_lr: 1.2500e-03 lr: 1.2500e-03  eta: 3:31:15  time: 0.1175  data_time: 0.0017  memory: 708  grad_norm: 4.8588  loss: 0.7126  loss_cls: 0.0210  loss_bbox: 0.1405  loss_centerness: 0.5512
2026/03/11 02:43:25 - mmengine - INFO - Epoch(train)  [16][ 250/1154]  base_lr: 1.2500e-03 lr: 1.2500e-03  eta: 3:31:04  time: 0.1155  data_time: 0.0009  memory: 708  grad_norm: 4.1118  loss: 0.7026  loss_cls: 0.0309  loss_bbox: 0.1155  loss_centerness: 0.5562
2026/03/11 02:43:29 - mmengine - INFO - Epoch(train)  [16][ 300/1154]  base_lr: 1.2500e-03 lr: 1.2500e-03  eta: 3:30:48  time: 0.0921  data_time: 0.0015  memory: 708  grad_norm: 4.2546  loss: 0.6847  loss_cls: 0.0216  loss_bbox: 0.1187  loss_centerness: 0.5445
2026/03/11 02:43:34 - mmengine - INFO - Epoch(train)  [16][ 350/1154]  base_lr: 1.2500e-03 lr: 1.2500e-03  eta: 3:30:32  time: 0.0963  data_time: 0.0010  memory: 708  grad_norm: 4.4765  loss: 0.7312  loss_cls: 0.0364  loss_bbox: 0.1362  loss_centerness: 0.5586
2026/03/11 02:43:39 - mmengine - INFO - Epoch(train)  [16][ 400/1154]  base_lr: 1.2500e-03 lr: 1.2500e-03  eta: 3:30:17  time: 0.0984  data_time: 0.0016  memory: 708  grad_norm: 4.2331  loss: 0.6870  loss_cls: 0.0251  loss_bbox: 0.1084  loss_centerness: 0.5535
2026/03/11 02:43:44 - mmengine - INFO - Epoch(train)  [16][ 450/1154]  base_lr: 1.2500e-03 lr: 1.2500e-03  eta: 3:30:02  time: 0.0981  data_time: 0.0013  memory: 708  grad_norm: 4.6183  loss: 0.7069  loss_cls: 0.0272  loss_bbox: 0.1209  loss_centerness: 0.5589
2026/03/11 02:43:48 - mmengine - INFO - Epoch(train)  [16][ 500/1154]  base_lr: 1.2500e-03 lr: 1.2500e-03  eta: 3:29:42  time: 0.0811  data_time: 0.0012  memory: 708  grad_norm: 4.3206  loss: 0.6984  loss_cls: 0.0249  loss_bbox: 0.1170  loss_centerness: 0.5566
2026/03/11 02:43:54 - mmengine - INFO - Epoch(train)  [16][ 550/1154]  base_lr: 1.2500e-03 lr: 1.2500e-03  eta: 3:29:32  time: 0.1156  data_time: 0.0013  memory: 708  grad_norm: 4.4420  loss: 0.6960  loss_cls: 0.0245  loss_bbox: 0.1188  loss_centerness: 0.5526
2026/03/11 02:43:59 - mmengine - INFO - Epoch(train)  [16][ 600/1154]  base_lr: 1.2500e-03 lr: 1.2500e-03  eta: 3:29:22  time: 0.1162  data_time: 0.0012  memory: 708  grad_norm: 4.1169  loss: 0.6859  loss_cls: 0.0223  loss_bbox: 0.1137  loss_centerness: 0.5499
2026/03/11 02:44:05 - mmengine - INFO - Epoch(train)  [16][ 650/1154]  base_lr: 1.2500e-03 lr: 1.2500e-03  eta: 3:29:13  time: 0.1162  data_time: 0.0011  memory: 708  grad_norm: 4.2640  loss: 0.6896  loss_cls: 0.0240  loss_bbox: 0.1075  loss_centerness: 0.5581
2026/03/11 02:44:10 - mmengine - INFO - Exp name: fcos_minecraft_20260311_015948
2026/03/11 02:44:11 - mmengine - INFO - Epoch(train)  [16][ 700/1154]  base_lr: 1.2500e-03 lr: 1.2500e-03  eta: 3:29:02  time: 0.1155  data_time: 0.0016  memory: 708  grad_norm: 4.1997  loss: 0.6994  loss_cls: 0.0310  loss_bbox: 0.1121  loss_centerness: 0.5563
2026/03/11 02:44:17 - mmengine - INFO - Epoch(train)  [16][ 750/1154]  base_lr: 1.2500e-03 lr: 1.2500e-03  eta: 3:28:53  time: 0.1168  data_time: 0.0015  memory: 708  grad_norm: 4.2002  loss: 0.6973  loss_cls: 0.0294  loss_bbox: 0.1100  loss_centerness: 0.5578
2026/03/11 02:44:23 - mmengine - INFO - Epoch(train)  [16][ 800/1154]  base_lr: 1.2500e-03 lr: 1.2500e-03  eta: 3:28:43  time: 0.1161  data_time: 0.0011  memory: 708  grad_norm: 4.5205  loss: 0.7129  loss_cls: 0.0344  loss_bbox: 0.1181  loss_centerness: 0.5604
2026/03/11 02:44:29 - mmengine - INFO - Epoch(train)  [16][ 850/1154]  base_lr: 1.2500e-03 lr: 1.2500e-03  eta: 3:28:33  time: 0.1158  data_time: 0.0012  memory: 708  grad_norm: 4.7996  loss: 0.7335  loss_cls: 0.0328  loss_bbox: 0.1426  loss_centerness: 0.5580
2026/03/11 02:44:34 - mmengine - INFO - Epoch(train)  [16][ 900/1154]  base_lr: 1.2500e-03 lr: 1.2500e-03  eta: 3:28:23  time: 0.1158  data_time: 0.0014  memory: 708  grad_norm: 5.0034  loss: 0.7371  loss_cls: 0.0416  loss_bbox: 0.1442  loss_centerness: 0.5513
2026/03/11 02:44:40 - mmengine - INFO - Epoch(train)  [16][ 950/1154]  base_lr: 1.2500e-03 lr: 1.2500e-03  eta: 3:28:13  time: 0.1160  data_time: 0.0014  memory: 708  grad_norm: 4.6250  loss: 0.7057  loss_cls: 0.0303  loss_bbox: 0.1163  loss_centerness: 0.5591
2026/03/11 02:44:46 - mmengine - INFO - Epoch(train)  [16][1000/1154]  base_lr: 1.2500e-03 lr: 1.2500e-03  eta: 3:28:04  time: 0.1159  data_time: 0.0019  memory: 708  grad_norm: 5.1612  loss: 0.7462  loss_cls: 0.0437  loss_bbox: 0.1449  loss_centerness: 0.5576
2026/03/11 02:44:52 - mmengine - INFO - Epoch(train)  [16][1050/1154]  base_lr: 1.2500e-03 lr: 1.2500e-03  eta: 3:27:54  time: 0.1153  data_time: 0.0010  memory: 708  grad_norm: 4.5098  loss: 0.7010  loss_cls: 0.0323  loss_bbox: 0.1144  loss_centerness: 0.5543
2026/03/11 02:44:57 - mmengine - INFO - Epoch(train)  [16][1100/1154]  base_lr: 1.2500e-03 lr: 1.2500e-03  eta: 3:27:44  time: 0.1162  data_time: 0.0011  memory: 708  grad_norm: 4.9064  loss: 0.7282  loss_cls: 0.0301  loss_bbox: 0.1379  loss_centerness: 0.5602
2026/03/11 02:45:03 - mmengine - INFO - Epoch(train)  [16][1150/1154]  base_lr: 1.2500e-03 lr: 1.2500e-03  eta: 3:27:34  time: 0.1157  data_time: 0.0013  memory: 708  grad_norm: 5.3301  loss: 0.7529  loss_cls: 0.0390  loss_bbox: 0.1546  loss_centerness: 0.5593
2026/03/11 02:45:04 - mmengine - INFO - Exp name: fcos_minecraft_20260311_015948
2026/03/11 02:45:04 - mmengine - INFO - Saving checkpoint at 16 epochs
2026/03/11 02:45:07 - mmengine - INFO - Epoch(val)  [16][ 50/422]    eta: 0:00:13  time: 0.0373  data_time: 0.0007  memory: 708  
2026/03/11 02:45:09 - mmengine - INFO - Epoch(val)  [16][100/422]    eta: 0:00:11  time: 0.0363  data_time: 0.0004  memory: 403  
2026/03/11 02:45:11 - mmengine - INFO - Epoch(val)  [16][150/422]    eta: 0:00:09  time: 0.0363  data_time: 0.0005  memory: 403  
2026/03/11 02:45:13 - mmengine - INFO - Epoch(val)  [16][200/422]    eta: 0:00:08  time: 0.0370  data_time: 0.0004  memory: 403  
2026/03/11 02:45:14 - mmengine - INFO - Epoch(val)  [16][250/422]    eta: 0:00:06  time: 0.0377  data_time: 0.0008  memory: 403  
2026/03/11 02:45:16 - mmengine - INFO - Epoch(val)  [16][300/422]    eta: 0:00:04  time: 0.0385  data_time: 0.0012  memory: 403  
2026/03/11 02:45:18 - mmengine - INFO - Epoch(val)  [16][350/422]    eta: 0:00:02  time: 0.0374  data_time: 0.0009  memory: 403  
2026/03/11 02:45:20 - mmengine - INFO - Epoch(val)  [16][400/422]    eta: 0:00:00  time: 0.0355  data_time: 0.0006  memory: 403  
2026/03/11 02:45:21 - mmengine - INFO - Evaluating bbox...
2026/03/11 02:45:22 - mmengine - INFO - bbox_mAP_copypaste: 0.292 0.434 0.348 0.008 0.247 0.451
2026/03/11 02:45:22 - mmengine - INFO - Epoch(val) [16][422/422]    coco/bbox_mAP: 0.2920  coco/bbox_mAP_50: 0.4340  coco/bbox_mAP_75: 0.3480  coco/bbox_mAP_s: 0.0080  coco/bbox_mAP_m: 0.2470  coco/bbox_mAP_l: 0.4510  data_time: 0.0007  time: 0.0369
2026/03/11 02:45:28 - mmengine - INFO - Epoch(train)  [17][  50/1154]  base_lr: 1.2500e-03 lr: 1.2500e-03  eta: 3:27:24  time: 0.1169  data_time: 0.0013  memory: 708  grad_norm: 4.4190  loss: 0.7166  loss_cls: 0.0274  loss_bbox: 0.1281  loss_centerness: 0.5611
2026/03/11 02:45:33 - mmengine - INFO - Epoch(train)  [17][ 100/1154]  base_lr: 1.2500e-03 lr: 1.2500e-03  eta: 3:27:14  time: 0.1167  data_time: 0.0009  memory: 708  grad_norm: 4.9816  loss: 0.7006  loss_cls: 0.0295  loss_bbox: 0.1286  loss_centerness: 0.5425
2026/03/11 02:45:39 - mmengine - INFO - Epoch(train)  [17][ 150/1154]  base_lr: 1.2500e-03 lr: 1.2500e-03  eta: 3:27:05  time: 0.1176  data_time: 0.0009  memory: 708  grad_norm: 4.8788  loss: 0.7031  loss_cls: 0.0265  loss_bbox: 0.1207  loss_centerness: 0.5559
2026/03/11 02:45:45 - mmengine - INFO - Epoch(train)  [17][ 200/1154]  base_lr: 1.2500e-03 lr: 1.2500e-03  eta: 3:26:56  time: 0.1171  data_time: 0.0010  memory: 708  grad_norm: 4.6472  loss: 0.7204  loss_cls: 0.0230  loss_bbox: 0.1436  loss_centerness: 0.5539
2026/03/11 02:45:51 - mmengine - INFO - Epoch(train)  [17][ 250/1154]  base_lr: 1.2500e-03 lr: 1.2500e-03  eta: 3:26:46  time: 0.1161  data_time: 0.0009  memory: 708  grad_norm: 4.0426  loss: 0.6897  loss_cls: 0.0310  loss_bbox: 0.1060  loss_centerness: 0.5527
2026/03/11 02:45:56 - mmengine - INFO - Epoch(train)  [17][ 300/1154]  base_lr: 1.2500e-03 lr: 1.2500e-03  eta: 3:26:35  time: 0.1112  data_time: 0.0013  memory: 708  grad_norm: 4.7412  loss: 0.7023  loss_cls: 0.0291  loss_bbox: 0.1191  loss_centerness: 0.5541
2026/03/11 02:46:01 - mmengine - INFO - Epoch(train)  [17][ 350/1154]  base_lr: 1.2500e-03 lr: 1.2500e-03  eta: 3:26:18  time: 0.0845  data_time: 0.0012  memory: 708  grad_norm: 3.9047  loss: 0.6873  loss_cls: 0.0244  loss_bbox: 0.1078  loss_centerness: 0.5551
2026/03/11 02:46:06 - mmengine - INFO - Epoch(train)  [17][ 400/1154]  base_lr: 1.2500e-03 lr: 1.2500e-03  eta: 3:26:03  time: 0.0971  data_time: 0.0014  memory: 708  grad_norm: 4.6837  loss: 0.7056  loss_cls: 0.0230  loss_bbox: 0.1265  loss_centerness: 0.5561
2026/03/11 02:46:10 - mmengine - INFO - Epoch(train)  [17][ 450/1154]  base_lr: 1.2500e-03 lr: 1.2500e-03  eta: 3:25:49  time: 0.0980  data_time: 0.0010  memory: 708  grad_norm: 4.6569  loss: 0.7185  loss_cls: 0.0294  loss_bbox: 0.1249  loss_centerness: 0.5642
2026/03/11 02:46:15 - mmengine - INFO - Epoch(train)  [17][ 500/1154]  base_lr: 1.2500e-03 lr: 1.2500e-03  eta: 3:25:32  time: 0.0856  data_time: 0.0011  memory: 708  grad_norm: 4.3280  loss: 0.6915  loss_cls: 0.0254  loss_bbox: 0.1181  loss_centerness: 0.5480
2026/03/11 02:46:18 - mmengine - INFO - Exp name: fcos_minecraft_20260311_015948
2026/03/11 02:46:20 - mmengine - INFO - Epoch(train)  [17][ 550/1154]  base_lr: 1.2500e-03 lr: 1.2500e-03  eta: 3:25:20  time: 0.1051  data_time: 0.0009  memory: 708  grad_norm: 4.3552  loss: 0.7029  loss_cls: 0.0264  loss_bbox: 0.1239  loss_centerness: 0.5526
2026/03/11 02:46:26 - mmengine - INFO - Epoch(train)  [17][ 600/1154]  base_lr: 1.2500e-03 lr: 1.2500e-03  eta: 3:25:11  time: 0.1160  data_time: 0.0008  memory: 708  grad_norm: 4.5469  loss: 0.6956  loss_cls: 0.0209  loss_bbox: 0.1146  loss_centerness: 0.5601
2026/03/11 02:46:32 - mmengine - INFO - Epoch(train)  [17][ 650/1154]  base_lr: 1.2500e-03 lr: 1.2500e-03  eta: 3:25:01  time: 0.1161  data_time: 0.0011  memory: 708  grad_norm: 4.5100  loss: 0.6956  loss_cls: 0.0248  loss_bbox: 0.1145  loss_centerness: 0.5563
2026/03/11 02:46:37 - mmengine - INFO - Epoch(train)  [17][ 700/1154]  base_lr: 1.2500e-03 lr: 1.2500e-03  eta: 3:24:52  time: 0.1156  data_time: 0.0012  memory: 708  grad_norm: 4.5625  loss: 0.7078  loss_cls: 0.0293  loss_bbox: 0.1272  loss_centerness: 0.5513
2026/03/11 02:46:43 - mmengine - INFO - Epoch(train)  [17][ 750/1154]  base_lr: 1.2500e-03 lr: 1.2500e-03  eta: 3:24:43  time: 0.1164  data_time: 0.0013  memory: 708  grad_norm: 4.7284  loss: 0.7061  loss_cls: 0.0318  loss_bbox: 0.1189  loss_centerness: 0.5554
2026/03/11 02:46:49 - mmengine - INFO - Epoch(train)  [17][ 800/1154]  base_lr: 1.2500e-03 lr: 1.2500e-03  eta: 3:24:33  time: 0.1166  data_time: 0.0009  memory: 708  grad_norm: 4.7215  loss: 0.7100  loss_cls: 0.0340  loss_bbox: 0.1243  loss_centerness: 0.5518
2026/03/11 02:46:55 - mmengine - INFO - Epoch(train)  [17][ 850/1154]  base_lr: 1.2500e-03 lr: 1.2500e-03  eta: 3:24:24  time: 0.1154  data_time: 0.0012  memory: 708  grad_norm: 4.4124  loss: 0.6892  loss_cls: 0.0215  loss_bbox: 0.1117  loss_centerness: 0.5560
2026/03/11 02:47:01 - mmengine - INFO - Epoch(train)  [17][ 900/1154]  base_lr: 1.2500e-03 lr: 1.2500e-03  eta: 3:24:14  time: 0.1151  data_time: 0.0008  memory: 708  grad_norm: 4.7314  loss: 0.6912  loss_cls: 0.0259  loss_bbox: 0.1153  loss_centerness: 0.5500
2026/03/11 02:47:06 - mmengine - INFO - Epoch(train)  [17][ 950/1154]  base_lr: 1.2500e-03 lr: 1.2500e-03  eta: 3:24:05  time: 0.1159  data_time: 0.0012  memory: 708  grad_norm: 5.1289  loss: 0.7299  loss_cls: 0.0288  loss_bbox: 0.1426  loss_centerness: 0.5586
2026/03/11 02:47:12 - mmengine - INFO - Epoch(train)  [17][1000/1154]  base_lr: 1.2500e-03 lr: 1.2500e-03  eta: 3:23:56  time: 0.1163  data_time: 0.0012  memory: 708  grad_norm: 4.5872  loss: 0.7146  loss_cls: 0.0312  loss_bbox: 0.1297  loss_centerness: 0.5537
2026/03/11 02:47:18 - mmengine - INFO - Epoch(train)  [17][1050/1154]  base_lr: 1.2500e-03 lr: 1.2500e-03  eta: 3:23:47  time: 0.1157  data_time: 0.0011  memory: 708  grad_norm: 4.1602  loss: 0.6976  loss_cls: 0.0242  loss_bbox: 0.1120  loss_centerness: 0.5614
2026/03/11 02:47:24 - mmengine - INFO - Epoch(train)  [17][1100/1154]  base_lr: 1.2500e-03 lr: 1.2500e-03  eta: 3:23:38  time: 0.1163  data_time: 0.0009  memory: 708  grad_norm: 4.4957  loss: 0.7127  loss_cls: 0.0267  loss_bbox: 0.1234  loss_centerness: 0.5626
2026/03/11 02:47:30 - mmengine - INFO - Epoch(train)  [17][1150/1154]  base_lr: 1.2500e-03 lr: 1.2500e-03  eta: 3:23:29  time: 0.1164  data_time: 0.0017  memory: 708  grad_norm: 4.4324  loss: 0.7281  loss_cls: 0.0257  loss_bbox: 0.1410  loss_centerness: 0.5614
2026/03/11 02:47:30 - mmengine - INFO - Exp name: fcos_minecraft_20260311_015948
2026/03/11 02:47:30 - mmengine - INFO - Saving checkpoint at 17 epochs
2026/03/11 02:47:33 - mmengine - INFO - Epoch(val)  [17][ 50/422]    eta: 0:00:13  time: 0.0362  data_time: 0.0010  memory: 708  
2026/03/11 02:47:35 - mmengine - INFO - Epoch(val)  [17][100/422]    eta: 0:00:11  time: 0.0359  data_time: 0.0006  memory: 403  
2026/03/11 02:47:37 - mmengine - INFO - Epoch(val)  [17][150/422]    eta: 0:00:09  time: 0.0370  data_time: 0.0006  memory: 403  
2026/03/11 02:47:39 - mmengine - INFO - Epoch(val)  [17][200/422]    eta: 0:00:08  time: 0.0371  data_time: 0.0010  memory: 403  
2026/03/11 02:47:41 - mmengine - INFO - Epoch(val)  [17][250/422]    eta: 0:00:06  time: 0.0375  data_time: 0.0007  memory: 403  
2026/03/11 02:47:43 - mmengine - INFO - Epoch(val)  [17][300/422]    eta: 0:00:04  time: 0.0368  data_time: 0.0003  memory: 403  
2026/03/11 02:47:44 - mmengine - INFO - Epoch(val)  [17][350/422]    eta: 0:00:02  time: 0.0364  data_time: 0.0003  memory: 403  
2026/03/11 02:47:46 - mmengine - INFO - Epoch(val)  [17][400/422]    eta: 0:00:00  time: 0.0374  data_time: 0.0006  memory: 403  
2026/03/11 02:47:47 - mmengine - INFO - Evaluating bbox...
2026/03/11 02:47:48 - mmengine - INFO - bbox_mAP_copypaste: 0.299 0.501 0.335 0.030 0.177 0.454
2026/03/11 02:47:48 - mmengine - INFO - Epoch(val) [17][422/422]    coco/bbox_mAP: 0.2990  coco/bbox_mAP_50: 0.5010  coco/bbox_mAP_75: 0.3350  coco/bbox_mAP_s: 0.0300  coco/bbox_mAP_m: 0.1770  coco/bbox_mAP_l: 0.4540  data_time: 0.0006  time: 0.0368
2026/03/11 02:47:54 - mmengine - INFO - Epoch(train)  [18][  50/1154]  base_lr: 1.2500e-03 lr: 1.2500e-03  eta: 3:23:19  time: 0.1173  data_time: 0.0014  memory: 708  grad_norm: 4.6587  loss: 0.7113  loss_cls: 0.0261  loss_bbox: 0.1241  loss_centerness: 0.5611
2026/03/11 02:48:00 - mmengine - INFO - Epoch(train)  [18][ 100/1154]  base_lr: 1.2500e-03 lr: 1.2500e-03  eta: 3:23:10  time: 0.1163  data_time: 0.0013  memory: 708  grad_norm: 4.3693  loss: 0.6878  loss_cls: 0.0254  loss_bbox: 0.1065  loss_centerness: 0.5558
2026/03/11 02:48:05 - mmengine - INFO - Epoch(train)  [18][ 150/1154]  base_lr: 1.2500e-03 lr: 1.2500e-03  eta: 3:23:01  time: 0.1162  data_time: 0.0016  memory: 708  grad_norm: 4.3614  loss: 0.6798  loss_cls: 0.0215  loss_bbox: 0.1095  loss_centerness: 0.5487
2026/03/11 02:48:11 - mmengine - INFO - Epoch(train)  [18][ 200/1154]  base_lr: 1.2500e-03 lr: 1.2500e-03  eta: 3:22:51  time: 0.1150  data_time: 0.0015  memory: 708  grad_norm: 4.3050  loss: 0.6801  loss_cls: 0.0204  loss_bbox: 0.1093  loss_centerness: 0.5504
2026/03/11 02:48:17 - mmengine - INFO - Epoch(train)  [18][ 250/1154]  base_lr: 1.2500e-03 lr: 1.2500e-03  eta: 3:22:42  time: 0.1168  data_time: 0.0009  memory: 708  grad_norm: 4.6990  loss: 0.6944  loss_cls: 0.0243  loss_bbox: 0.1165  loss_centerness: 0.5536
2026/03/11 02:48:23 - mmengine - INFO - Epoch(train)  [18][ 300/1154]  base_lr: 1.2500e-03 lr: 1.2500e-03  eta: 3:22:33  time: 0.1163  data_time: 0.0014  memory: 708  grad_norm: 5.5368  loss: 0.7223  loss_cls: 0.0322  loss_bbox: 0.1275  loss_centerness: 0.5626
2026/03/11 02:48:27 - mmengine - INFO - Epoch(train)  [18][ 350/1154]  base_lr: 1.2500e-03 lr: 1.2500e-03  eta: 3:22:17  time: 0.0864  data_time: 0.0009  memory: 708  grad_norm: 4.8839  loss: 0.7231  loss_cls: 0.0351  loss_bbox: 0.1264  loss_centerness: 0.5616
2026/03/11 02:48:30 - mmengine - INFO - Exp name: fcos_minecraft_20260311_015948
2026/03/11 02:48:32 - mmengine - INFO - Epoch(train)  [18][ 400/1154]  base_lr: 1.2500e-03 lr: 1.2500e-03  eta: 3:22:04  time: 0.0981  data_time: 0.0011  memory: 708  grad_norm: 4.4069  loss: 0.6972  loss_cls: 0.0281  loss_bbox: 0.1133  loss_centerness: 0.5559
2026/03/11 02:48:37 - mmengine - INFO - Epoch(train)  [18][ 450/1154]  base_lr: 1.2500e-03 lr: 1.2500e-03  eta: 3:21:51  time: 0.0978  data_time: 0.0014  memory: 708  grad_norm: 5.6880  loss: 0.7268  loss_cls: 0.0360  loss_bbox: 0.1374  loss_centerness: 0.5533
2026/03/11 02:48:42 - mmengine - INFO - Epoch(train)  [18][ 500/1154]  base_lr: 1.2500e-03 lr: 1.2500e-03  eta: 3:21:37  time: 0.0961  data_time: 0.0007  memory: 708  grad_norm: 4.8258  loss: 0.7026  loss_cls: 0.0230  loss_bbox: 0.1237  loss_centerness: 0.5559
2026/03/11 02:48:46 - mmengine - INFO - Epoch(train)  [18][ 550/1154]  base_lr: 1.2500e-03 lr: 1.2500e-03  eta: 3:21:21  time: 0.0872  data_time: 0.0011  memory: 708  grad_norm: 4.8656  loss: 0.7122  loss_cls: 0.0328  loss_bbox: 0.1214  loss_centerness: 0.5581
2026/03/11 02:48:52 - mmengine - INFO - Epoch(train)  [18][ 600/1154]  base_lr: 1.2500e-03 lr: 1.2500e-03  eta: 3:21:13  time: 0.1170  data_time: 0.0013  memory: 708  grad_norm: 5.1356  loss: 0.7385  loss_cls: 0.0238  loss_bbox: 0.1590  loss_centerness: 0.5557
2026/03/11 02:48:58 - mmengine - INFO - Epoch(train)  [18][ 650/1154]  base_lr: 1.2500e-03 lr: 1.2500e-03  eta: 3:21:04  time: 0.1165  data_time: 0.0012  memory: 708  grad_norm: 4.4135  loss: 0.7009  loss_cls: 0.0271  loss_bbox: 0.1223  loss_centerness: 0.5515
2026/03/11 02:49:04 - mmengine - INFO - Epoch(train)  [18][ 700/1154]  base_lr: 1.2500e-03 lr: 1.2500e-03  eta: 3:20:55  time: 0.1176  data_time: 0.0011  memory: 708  grad_norm: 4.9641  loss: 0.7364  loss_cls: 0.0313  loss_bbox: 0.1485  loss_centerness: 0.5566
2026/03/11 02:49:10 - mmengine - INFO - Epoch(train)  [18][ 750/1154]  base_lr: 1.2500e-03 lr: 1.2500e-03  eta: 3:20:47  time: 0.1169  data_time: 0.0014  memory: 708  grad_norm: 4.9000  loss: 0.6914  loss_cls: 0.0213  loss_bbox: 0.1160  loss_centerness: 0.5541
2026/03/11 02:49:15 - mmengine - INFO - Epoch(train)  [18][ 800/1154]  base_lr: 1.2500e-03 lr: 1.2500e-03  eta: 3:20:38  time: 0.1159  data_time: 0.0014  memory: 708  grad_norm: 4.5084  loss: 0.7139  loss_cls: 0.0252  loss_bbox: 0.1316  loss_centerness: 0.5572
2026/03/11 02:49:21 - mmengine - INFO - Epoch(train)  [18][ 850/1154]  base_lr: 1.2500e-03 lr: 1.2500e-03  eta: 3:20:29  time: 0.1168  data_time: 0.0012  memory: 708  grad_norm: 4.3509  loss: 0.6896  loss_cls: 0.0244  loss_bbox: 0.1160  loss_centerness: 0.5492
2026/03/11 02:49:27 - mmengine - INFO - Epoch(train)  [18][ 900/1154]  base_lr: 1.2500e-03 lr: 1.2500e-03  eta: 3:20:20  time: 0.1162  data_time: 0.0013  memory: 708  grad_norm: 4.3118  loss: 0.6928  loss_cls: 0.0246  loss_bbox: 0.1084  loss_centerness: 0.5598
2026/03/11 02:49:33 - mmengine - INFO - Epoch(train)  [18][ 950/1154]  base_lr: 1.2500e-03 lr: 1.2500e-03  eta: 3:20:12  time: 0.1160  data_time: 0.0011  memory: 708  grad_norm: 4.3928  loss: 0.6922  loss_cls: 0.0292  loss_bbox: 0.1134  loss_centerness: 0.5496
2026/03/11 02:49:39 - mmengine - INFO - Epoch(train)  [18][1000/1154]  base_lr: 1.2500e-03 lr: 1.2500e-03  eta: 3:20:03  time: 0.1154  data_time: 0.0013  memory: 708  grad_norm: 4.3081  loss: 0.6768  loss_cls: 0.0240  loss_bbox: 0.1053  loss_centerness: 0.5474
2026/03/11 02:49:44 - mmengine - INFO - Epoch(train)  [18][1050/1154]  base_lr: 1.2500e-03 lr: 1.2500e-03  eta: 3:19:54  time: 0.1167  data_time: 0.0016  memory: 708  grad_norm: 3.8732  loss: 0.6813  loss_cls: 0.0215  loss_bbox: 0.1092  loss_centerness: 0.5506
2026/03/11 02:49:50 - mmengine - INFO - Epoch(train)  [18][1100/1154]  base_lr: 1.2500e-03 lr: 1.2500e-03  eta: 3:19:45  time: 0.1166  data_time: 0.0014  memory: 708  grad_norm: 4.9382  loss: 0.6926  loss_cls: 0.0285  loss_bbox: 0.1060  loss_centerness: 0.5581
2026/03/11 02:49:56 - mmengine - INFO - Epoch(train)  [18][1150/1154]  base_lr: 1.2500e-03 lr: 1.2500e-03  eta: 3:19:37  time: 0.1168  data_time: 0.0008  memory: 708  grad_norm: 4.7052  loss: 0.7056  loss_cls: 0.0271  loss_bbox: 0.1220  loss_centerness: 0.5565
2026/03/11 02:49:56 - mmengine - INFO - Exp name: fcos_minecraft_20260311_015948
2026/03/11 02:49:56 - mmengine - INFO - Saving checkpoint at 18 epochs
2026/03/11 02:50:00 - mmengine - INFO - Epoch(val)  [18][ 50/422]    eta: 0:00:13  time: 0.0375  data_time: 0.0008  memory: 708  
2026/03/11 02:50:02 - mmengine - INFO - Epoch(val)  [18][100/422]    eta: 0:00:11  time: 0.0370  data_time: 0.0005  memory: 403  
2026/03/11 02:50:03 - mmengine - INFO - Epoch(val)  [18][150/422]    eta: 0:00:10  time: 0.0368  data_time: 0.0008  memory: 403  
2026/03/11 02:50:05 - mmengine - INFO - Epoch(val)  [18][200/422]    eta: 0:00:08  time: 0.0375  data_time: 0.0006  memory: 403  
2026/03/11 02:50:07 - mmengine - INFO - Epoch(val)  [18][250/422]    eta: 0:00:06  time: 0.0378  data_time: 0.0006  memory: 403  
2026/03/11 02:50:09 - mmengine - INFO - Epoch(val)  [18][300/422]    eta: 0:00:04  time: 0.0388  data_time: 0.0008  memory: 403  
2026/03/11 02:50:11 - mmengine - INFO - Epoch(val)  [18][350/422]    eta: 0:00:02  time: 0.0377  data_time: 0.0005  memory: 403  
2026/03/11 02:50:13 - mmengine - INFO - Epoch(val)  [18][400/422]    eta: 0:00:00  time: 0.0368  data_time: 0.0005  memory: 403  
2026/03/11 02:50:14 - mmengine - INFO - Evaluating bbox...
2026/03/11 02:50:15 - mmengine - INFO - bbox_mAP_copypaste: 0.309 0.514 0.367 0.019 0.202 0.460
2026/03/11 02:50:15 - mmengine - INFO - Epoch(val) [18][422/422]    coco/bbox_mAP: 0.3090  coco/bbox_mAP_50: 0.5140  coco/bbox_mAP_75: 0.3670  coco/bbox_mAP_s: 0.0190  coco/bbox_mAP_m: 0.2020  coco/bbox_mAP_l: 0.4600  data_time: 0.0006  time: 0.0374
2026/03/11 02:50:20 - mmengine - INFO - Epoch(train)  [19][  50/1154]  base_lr: 1.2500e-03 lr: 1.2500e-03  eta: 3:19:28  time: 0.1172  data_time: 0.0016  memory: 708  grad_norm: 4.3527  loss: 0.6925  loss_cls: 0.0239  loss_bbox: 0.1135  loss_centerness: 0.5551
2026/03/11 02:50:26 - mmengine - INFO - Epoch(train)  [19][ 100/1154]  base_lr: 1.2500e-03 lr: 1.2500e-03  eta: 3:19:19  time: 0.1160  data_time: 0.0011  memory: 708  grad_norm: 4.9144  loss: 0.7124  loss_cls: 0.0284  loss_bbox: 0.1280  loss_centerness: 0.5559
2026/03/11 02:50:32 - mmengine - INFO - Epoch(train)  [19][ 150/1154]  base_lr: 1.2500e-03 lr: 1.2500e-03  eta: 3:19:10  time: 0.1161  data_time: 0.0009  memory: 708  grad_norm: 5.1716  loss: 0.7258  loss_cls: 0.0231  loss_bbox: 0.1458  loss_centerness: 0.5569
2026/03/11 02:50:38 - mmengine - INFO - Epoch(train)  [19][ 200/1154]  base_lr: 1.2500e-03 lr: 1.2500e-03  eta: 3:19:02  time: 0.1159  data_time: 0.0013  memory: 708  grad_norm: 4.6472  loss: 0.7034  loss_cls: 0.0190  loss_bbox: 0.1292  loss_centerness: 0.5552
2026/03/11 02:50:41 - mmengine - INFO - Exp name: fcos_minecraft_20260311_015948
2026/03/11 02:50:44 - mmengine - INFO - Epoch(train)  [19][ 250/1154]  base_lr: 1.2500e-03 lr: 1.2500e-03  eta: 3:18:53  time: 0.1160  data_time: 0.0009  memory: 708  grad_norm: 4.2516  loss: 0.6861  loss_cls: 0.0241  loss_bbox: 0.1053  loss_centerness: 0.5567
2026/03/11 02:50:49 - mmengine - INFO - Epoch(train)  [19][ 300/1154]  base_lr: 1.2500e-03 lr: 1.2500e-03  eta: 3:18:44  time: 0.1157  data_time: 0.0014  memory: 708  grad_norm: 4.5772  loss: 0.6967  loss_cls: 0.0274  loss_bbox: 0.1149  loss_centerness: 0.5544
2026/03/11 02:50:54 - mmengine - INFO - Epoch(train)  [19][ 350/1154]  base_lr: 1.2500e-03 lr: 1.2500e-03  eta: 3:18:32  time: 0.1002  data_time: 0.0014  memory: 708  grad_norm: 4.4790  loss: 0.6851  loss_cls: 0.0188  loss_bbox: 0.1113  loss_centerness: 0.5549
2026/03/11 02:50:59 - mmengine - INFO - Epoch(train)  [19][ 400/1154]  base_lr: 1.2500e-03 lr: 1.2500e-03  eta: 3:18:18  time: 0.0907  data_time: 0.0013  memory: 708  grad_norm: 4.8145  loss: 0.7120  loss_cls: 0.0244  loss_bbox: 0.1306  loss_centerness: 0.5569
2026/03/11 02:51:04 - mmengine - INFO - Epoch(train)  [19][ 450/1154]  base_lr: 1.2500e-03 lr: 1.2500e-03  eta: 3:18:05  time: 0.0973  data_time: 0.0011  memory: 708  grad_norm: 4.3781  loss: 0.6836  loss_cls: 0.0248  loss_bbox: 0.1076  loss_centerness: 0.5513
2026/03/11 02:51:09 - mmengine - INFO - Epoch(train)  [19][ 500/1154]  base_lr: 1.2500e-03 lr: 1.2500e-03  eta: 3:17:52  time: 0.0972  data_time: 0.0016  memory: 708  grad_norm: 4.1826  loss: 0.6855  loss_cls: 0.0194  loss_bbox: 0.1119  loss_centerness: 0.5541
2026/03/11 02:51:13 - mmengine - INFO - Epoch(train)  [19][ 550/1154]  base_lr: 1.2500e-03 lr: 1.2500e-03  eta: 3:17:36  time: 0.0795  data_time: 0.0013  memory: 708  grad_norm: 4.0278  loss: 0.6853  loss_cls: 0.0211  loss_bbox: 0.1079  loss_centerness: 0.5563
2026/03/11 02:51:18 - mmengine - INFO - Epoch(train)  [19][ 600/1154]  base_lr: 1.2500e-03 lr: 1.2500e-03  eta: 3:17:27  time: 0.1143  data_time: 0.0009  memory: 708  grad_norm: 4.3716  loss: 0.6931  loss_cls: 0.0285  loss_bbox: 0.1111  loss_centerness: 0.5535
2026/03/11 02:51:24 - mmengine - INFO - Epoch(train)  [19][ 650/1154]  base_lr: 1.2500e-03 lr: 1.2500e-03  eta: 3:17:18  time: 0.1163  data_time: 0.0012  memory: 708  grad_norm: 4.1866  loss: 0.6885  loss_cls: 0.0217  loss_bbox: 0.1123  loss_centerness: 0.5546
2026/03/11 02:51:30 - mmengine - INFO - Epoch(train)  [19][ 700/1154]  base_lr: 1.2500e-03 lr: 1.2500e-03  eta: 3:17:10  time: 0.1158  data_time: 0.0010  memory: 708  grad_norm: 4.7444  loss: 0.7180  loss_cls: 0.0273  loss_bbox: 0.1317  loss_centerness: 0.5590
2026/03/11 02:51:36 - mmengine - INFO - Epoch(train)  [19][ 750/1154]  base_lr: 1.2500e-03 lr: 1.2500e-03  eta: 3:17:01  time: 0.1149  data_time: 0.0011  memory: 708  grad_norm: 4.7712  loss: 0.6994  loss_cls: 0.0307  loss_bbox: 0.1126  loss_centerness: 0.5561
2026/03/11 02:51:42 - mmengine - INFO - Epoch(train)  [19][ 800/1154]  base_lr: 1.2500e-03 lr: 1.2500e-03  eta: 3:16:53  time: 0.1164  data_time: 0.0014  memory: 708  grad_norm: 4.9772  loss: 0.7170  loss_cls: 0.0253  loss_bbox: 0.1412  loss_centerness: 0.5505
2026/03/11 02:51:47 - mmengine - INFO - Epoch(train)  [19][ 850/1154]  base_lr: 1.2500e-03 lr: 1.2500e-03  eta: 3:16:44  time: 0.1164  data_time: 0.0018  memory: 708  grad_norm: 4.9292  loss: 0.7187  loss_cls: 0.0274  loss_bbox: 0.1397  loss_centerness: 0.5516
2026/03/11 02:51:53 - mmengine - INFO - Epoch(train)  [19][ 900/1154]  base_lr: 1.2500e-03 lr: 1.2500e-03  eta: 3:16:36  time: 0.1167  data_time: 0.0018  memory: 708  grad_norm: 4.6331  loss: 0.6952  loss_cls: 0.0206  loss_bbox: 0.1198  loss_centerness: 0.5549
2026/03/11 02:51:59 - mmengine - INFO - Epoch(train)  [19][ 950/1154]  base_lr: 1.2500e-03 lr: 1.2500e-03  eta: 3:16:28  time: 0.1162  data_time: 0.0014  memory: 708  grad_norm: 3.9813  loss: 0.6675  loss_cls: 0.0169  loss_bbox: 0.0944  loss_centerness: 0.5563
2026/03/11 02:52:05 - mmengine - INFO - Epoch(train)  [19][1000/1154]  base_lr: 1.2500e-03 lr: 1.2500e-03  eta: 3:16:19  time: 0.1162  data_time: 0.0019  memory: 708  grad_norm: 4.8541  loss: 0.7003  loss_cls: 0.0273  loss_bbox: 0.1165  loss_centerness: 0.5564
2026/03/11 02:52:11 - mmengine - INFO - Epoch(train)  [19][1050/1154]  base_lr: 1.2500e-03 lr: 1.2500e-03  eta: 3:16:11  time: 0.1162  data_time: 0.0008  memory: 708  grad_norm: 4.8352  loss: 0.6992  loss_cls: 0.0258  loss_bbox: 0.1138  loss_centerness: 0.5596
2026/03/11 02:52:16 - mmengine - INFO - Epoch(train)  [19][1100/1154]  base_lr: 1.2500e-03 lr: 1.2500e-03  eta: 3:16:03  time: 0.1164  data_time: 0.0013  memory: 708  grad_norm: 3.8161  loss: 0.6662  loss_cls: 0.0162  loss_bbox: 0.0972  loss_centerness: 0.5528
2026/03/11 02:52:22 - mmengine - INFO - Epoch(train)  [19][1150/1154]  base_lr: 1.2500e-03 lr: 1.2500e-03  eta: 3:15:54  time: 0.1159  data_time: 0.0013  memory: 708  grad_norm: 4.9502  loss: 0.6945  loss_cls: 0.0215  loss_bbox: 0.1237  loss_centerness: 0.5493
2026/03/11 02:52:23 - mmengine - INFO - Exp name: fcos_minecraft_20260311_015948
2026/03/11 02:52:23 - mmengine - INFO - Saving checkpoint at 19 epochs
2026/03/11 02:52:27 - mmengine - INFO - Epoch(val)  [19][ 50/422]    eta: 0:00:13  time: 0.0367  data_time: 0.0008  memory: 708  
2026/03/11 02:52:29 - mmengine - INFO - Epoch(val)  [19][100/422]    eta: 0:00:11  time: 0.0364  data_time: 0.0004  memory: 403  
2026/03/11 02:52:31 - mmengine - INFO - Epoch(val)  [19][150/422]    eta: 0:00:09  time: 0.0363  data_time: 0.0009  memory: 403  
2026/03/11 02:52:33 - mmengine - INFO - Epoch(val)  [19][200/422]    eta: 0:00:08  time: 0.0367  data_time: 0.0009  memory: 403  
2026/03/11 02:52:34 - mmengine - INFO - Epoch(val)  [19][250/422]    eta: 0:00:06  time: 0.0380  data_time: 0.0006  memory: 403  
2026/03/11 02:52:36 - mmengine - INFO - Epoch(val)  [19][300/422]    eta: 0:00:04  time: 0.0384  data_time: 0.0007  memory: 403  
2026/03/11 02:52:38 - mmengine - INFO - Epoch(val)  [19][350/422]    eta: 0:00:02  time: 0.0378  data_time: 0.0004  memory: 403  
2026/03/11 02:52:40 - mmengine - INFO - Epoch(val)  [19][400/422]    eta: 0:00:00  time: 0.0368  data_time: 0.0005  memory: 403  
2026/03/11 02:52:41 - mmengine - INFO - Evaluating bbox...
2026/03/11 02:52:42 - mmengine - INFO - bbox_mAP_copypaste: 0.306 0.442 0.361 0.013 0.195 0.459
2026/03/11 02:52:42 - mmengine - INFO - Epoch(val) [19][422/422]    coco/bbox_mAP: 0.3060  coco/bbox_mAP_50: 0.4420  coco/bbox_mAP_75: 0.3610  coco/bbox_mAP_s: 0.0130  coco/bbox_mAP_m: 0.1950  coco/bbox_mAP_l: 0.4590  data_time: 0.0007  time: 0.0371
2026/03/11 02:52:48 - mmengine - INFO - Epoch(train)  [20][  50/1154]  base_lr: 1.2500e-03 lr: 1.2500e-03  eta: 3:15:46  time: 0.1171  data_time: 0.0014  memory: 708  grad_norm: 4.3048  loss: 0.7043  loss_cls: 0.0198  loss_bbox: 0.1242  loss_centerness: 0.5603
2026/03/11 02:52:50 - mmengine - INFO - Exp name: fcos_minecraft_20260311_015948
2026/03/11 02:52:53 - mmengine - INFO - Epoch(train)  [20][ 100/1154]  base_lr: 1.2500e-03 lr: 1.2500e-03  eta: 3:15:37  time: 0.1155  data_time: 0.0014  memory: 708  grad_norm: 4.1770  loss: 0.6788  loss_cls: 0.0173  loss_bbox: 0.1100  loss_centerness: 0.5515
2026/03/11 02:52:59 - mmengine - INFO - Epoch(train)  [20][ 150/1154]  base_lr: 1.2500e-03 lr: 1.2500e-03  eta: 3:15:29  time: 0.1166  data_time: 0.0009  memory: 708  grad_norm: 4.3213  loss: 0.6810  loss_cls: 0.0215  loss_bbox: 0.1019  loss_centerness: 0.5576
2026/03/11 02:53:05 - mmengine - INFO - Epoch(train)  [20][ 200/1154]  base_lr: 1.2500e-03 lr: 1.2500e-03  eta: 3:15:21  time: 0.1166  data_time: 0.0012  memory: 708  grad_norm: 4.0959  loss: 0.6790  loss_cls: 0.0182  loss_bbox: 0.1062  loss_centerness: 0.5546
2026/03/11 02:53:11 - mmengine - INFO - Epoch(train)  [20][ 250/1154]  base_lr: 1.2500e-03 lr: 1.2500e-03  eta: 3:15:13  time: 0.1165  data_time: 0.0014  memory: 708  grad_norm: 4.4584  loss: 0.7092  loss_cls: 0.0242  loss_bbox: 0.1281  loss_centerness: 0.5570
2026/03/11 02:53:17 - mmengine - INFO - Epoch(train)  [20][ 300/1154]  base_lr: 1.2500e-03 lr: 1.2500e-03  eta: 3:15:04  time: 0.1165  data_time: 0.0005  memory: 708  grad_norm: 4.5496  loss: 0.7010  loss_cls: 0.0255  loss_bbox: 0.1128  loss_centerness: 0.5626
2026/03/11 02:53:22 - mmengine - INFO - Epoch(train)  [20][ 350/1154]  base_lr: 1.2500e-03 lr: 1.2500e-03  eta: 3:14:54  time: 0.1071  data_time: 0.0010  memory: 708  grad_norm: 4.3359  loss: 0.6848  loss_cls: 0.0211  loss_bbox: 0.1109  loss_centerness: 0.5528
2026/03/11 02:53:26 - mmengine - INFO - Epoch(train)  [20][ 400/1154]  base_lr: 1.2500e-03 lr: 1.2500e-03  eta: 3:14:40  time: 0.0874  data_time: 0.0009  memory: 708  grad_norm: 4.2881  loss: 0.6891  loss_cls: 0.0277  loss_bbox: 0.1065  loss_centerness: 0.5549
2026/03/11 02:53:31 - mmengine - INFO - Epoch(train)  [20][ 450/1154]  base_lr: 1.2500e-03 lr: 1.2500e-03  eta: 3:14:28  time: 0.0975  data_time: 0.0013  memory: 708  grad_norm: 4.4707  loss: 0.6941  loss_cls: 0.0216  loss_bbox: 0.1152  loss_centerness: 0.5574
2026/03/11 02:53:36 - mmengine - INFO - Epoch(train)  [20][ 500/1154]  base_lr: 1.2500e-03 lr: 1.2500e-03  eta: 3:14:16  time: 0.0975  data_time: 0.0017  memory: 708  grad_norm: 4.9078  loss: 0.6729  loss_cls: 0.0197  loss_bbox: 0.0991  loss_centerness: 0.5541
2026/03/11 02:53:40 - mmengine - INFO - Epoch(train)  [20][ 550/1154]  base_lr: 1.2500e-03 lr: 1.2500e-03  eta: 3:14:01  time: 0.0832  data_time: 0.0012  memory: 708  grad_norm: 4.6509  loss: 0.6816  loss_cls: 0.0245  loss_bbox: 0.1109  loss_centerness: 0.5462
2026/03/11 02:53:46 - mmengine - INFO - Epoch(train)  [20][ 600/1154]  base_lr: 1.2500e-03 lr: 1.2500e-03  eta: 3:13:52  time: 0.1106  data_time: 0.0012  memory: 708  grad_norm: 4.6996  loss: 0.6953  loss_cls: 0.0227  loss_bbox: 0.1184  loss_centerness: 0.5543
2026/03/11 02:53:52 - mmengine - INFO - Epoch(train)  [20][ 650/1154]  base_lr: 1.2500e-03 lr: 1.2500e-03  eta: 3:13:44  time: 0.1168  data_time: 0.0012  memory: 708  grad_norm: 4.5988  loss: 0.6919  loss_cls: 0.0192  loss_bbox: 0.1196  loss_centerness: 0.5531
2026/03/11 02:53:57 - mmengine - INFO - Epoch(train)  [20][ 700/1154]  base_lr: 1.2500e-03 lr: 1.2500e-03  eta: 3:13:35  time: 0.1165  data_time: 0.0012  memory: 708  grad_norm: 4.3026  loss: 0.6866  loss_cls: 0.0199  loss_bbox: 0.1082  loss_centerness: 0.5585
2026/03/11 02:54:03 - mmengine - INFO - Epoch(train)  [20][ 750/1154]  base_lr: 1.2500e-03 lr: 1.2500e-03  eta: 3:13:27  time: 0.1168  data_time: 0.0012  memory: 708  grad_norm: 4.7724  loss: 0.6833  loss_cls: 0.0243  loss_bbox: 0.1092  loss_centerness: 0.5498
2026/03/11 02:54:09 - mmengine - INFO - Epoch(train)  [20][ 800/1154]  base_lr: 1.2500e-03 lr: 1.2500e-03  eta: 3:13:19  time: 0.1166  data_time: 0.0013  memory: 708  grad_norm: 5.2524  loss: 0.7100  loss_cls: 0.0267  loss_bbox: 0.1283  loss_centerness: 0.5550
2026/03/11 02:54:15 - mmengine - INFO - Epoch(train)  [20][ 850/1154]  base_lr: 1.2500e-03 lr: 1.2500e-03  eta: 3:13:11  time: 0.1159  data_time: 0.0011  memory: 708  grad_norm: 4.4435  loss: 0.6877  loss_cls: 0.0203  loss_bbox: 0.1133  loss_centerness: 0.5541
2026/03/11 02:54:21 - mmengine - INFO - Epoch(train)  [20][ 900/1154]  base_lr: 1.2500e-03 lr: 1.2500e-03  eta: 3:13:03  time: 0.1167  data_time: 0.0010  memory: 708  grad_norm: 4.3760  loss: 0.6802  loss_cls: 0.0213  loss_bbox: 0.1030  loss_centerness: 0.5559
2026/03/11 02:54:27 - mmengine - INFO - Epoch(train)  [20][ 950/1154]  base_lr: 1.2500e-03 lr: 1.2500e-03  eta: 3:12:55  time: 0.1167  data_time: 0.0014  memory: 708  grad_norm: 4.3669  loss: 0.6919  loss_cls: 0.0253  loss_bbox: 0.1120  loss_centerness: 0.5545
2026/03/11 02:54:32 - mmengine - INFO - Epoch(train)  [20][1000/1154]  base_lr: 1.2500e-03 lr: 1.2500e-03  eta: 3:12:47  time: 0.1162  data_time: 0.0011  memory: 708  grad_norm: 5.0664  loss: 0.7183  loss_cls: 0.0235  loss_bbox: 0.1348  loss_centerness: 0.5600
2026/03/11 02:54:38 - mmengine - INFO - Epoch(train)  [20][1050/1154]  base_lr: 1.2500e-03 lr: 1.2500e-03  eta: 3:12:39  time: 0.1159  data_time: 0.0012  memory: 708  grad_norm: 4.5198  loss: 0.6939  loss_cls: 0.0260  loss_bbox: 0.1116  loss_centerness: 0.5563
2026/03/11 02:54:41 - mmengine - INFO - Exp name: fcos_minecraft_20260311_015948
2026/03/11 02:54:44 - mmengine - INFO - Epoch(train)  [20][1100/1154]  base_lr: 1.2500e-03 lr: 1.2500e-03  eta: 3:12:32  time: 0.1178  data_time: 0.0011  memory: 708  grad_norm: 4.7157  loss: 0.7009  loss_cls: 0.0291  loss_bbox: 0.1231  loss_centerness: 0.5488
2026/03/11 02:54:50 - mmengine - INFO - Epoch(train)  [20][1150/1154]  base_lr: 1.2500e-03 lr: 1.2500e-03  eta: 3:12:24  time: 0.1168  data_time: 0.0012  memory: 708  grad_norm: 4.4143  loss: 0.6866  loss_cls: 0.0288  loss_bbox: 0.1079  loss_centerness: 0.5498
2026/03/11 02:54:50 - mmengine - INFO - Exp name: fcos_minecraft_20260311_015948
2026/03/11 02:54:50 - mmengine - INFO - Saving checkpoint at 20 epochs
2026/03/11 02:54:54 - mmengine - INFO - Epoch(val)  [20][ 50/422]    eta: 0:00:13  time: 0.0362  data_time: 0.0006  memory: 708  
2026/03/11 02:54:56 - mmengine - INFO - Epoch(val)  [20][100/422]    eta: 0:00:11  time: 0.0369  data_time: 0.0005  memory: 403  
2026/03/11 02:54:57 - mmengine - INFO - Epoch(val)  [20][150/422]    eta: 0:00:10  time: 0.0374  data_time: 0.0009  memory: 403  
2026/03/11 02:54:59 - mmengine - INFO - Epoch(val)  [20][200/422]    eta: 0:00:08  time: 0.0373  data_time: 0.0006  memory: 403  
2026/03/11 02:55:01 - mmengine - INFO - Epoch(val)  [20][250/422]    eta: 0:00:06  time: 0.0378  data_time: 0.0009  memory: 403  
2026/03/11 02:55:03 - mmengine - INFO - Epoch(val)  [20][300/422]    eta: 0:00:04  time: 0.0372  data_time: 0.0006  memory: 403  
2026/03/11 02:55:05 - mmengine - INFO - Epoch(val)  [20][350/422]    eta: 0:00:02  time: 0.0365  data_time: 0.0006  memory: 403  
2026/03/11 02:55:07 - mmengine - INFO - Epoch(val)  [20][400/422]    eta: 0:00:00  time: 0.0378  data_time: 0.0009  memory: 403  
2026/03/11 02:55:08 - mmengine - INFO - Evaluating bbox...
2026/03/11 02:55:08 - mmengine - INFO - bbox_mAP_copypaste: 0.292 0.439 0.338 0.014 0.187 0.427
2026/03/11 02:55:08 - mmengine - INFO - Epoch(val) [20][422/422]    coco/bbox_mAP: 0.2920  coco/bbox_mAP_50: 0.4390  coco/bbox_mAP_75: 0.3380  coco/bbox_mAP_s: 0.0140  coco/bbox_mAP_m: 0.1870  coco/bbox_mAP_l: 0.4270  data_time: 0.0007  time: 0.0371
2026/03/11 02:55:14 - mmengine - INFO - Epoch(train)  [21][  50/1154]  base_lr: 1.2500e-03 lr: 1.2500e-03  eta: 3:12:15  time: 0.1167  data_time: 0.0014  memory: 708  grad_norm: 4.5805  loss: 0.6992  loss_cls: 0.0219  loss_bbox: 0.1222  loss_centerness: 0.5552
2026/03/11 02:55:20 - mmengine - INFO - Epoch(train)  [21][ 100/1154]  base_lr: 1.2500e-03 lr: 1.2500e-03  eta: 3:12:07  time: 0.1180  data_time: 0.0014  memory: 708  grad_norm: 5.1761  loss: 0.7127  loss_cls: 0.0205  loss_bbox: 0.1338  loss_centerness: 0.5584
2026/03/11 02:55:26 - mmengine - INFO - Epoch(train)  [21][ 150/1154]  base_lr: 1.2500e-03 lr: 1.2500e-03  eta: 3:11:59  time: 0.1167  data_time: 0.0011  memory: 708  grad_norm: 4.5358  loss: 0.6883  loss_cls: 0.0158  loss_bbox: 0.1139  loss_centerness: 0.5586
2026/03/11 02:55:32 - mmengine - INFO - Epoch(train)  [21][ 200/1154]  base_lr: 1.2500e-03 lr: 1.2500e-03  eta: 3:11:52  time: 0.1181  data_time: 0.0013  memory: 708  grad_norm: 4.1377  loss: 0.6809  loss_cls: 0.0213  loss_bbox: 0.1028  loss_centerness: 0.5568
2026/03/11 02:55:38 - mmengine - INFO - Epoch(train)  [21][ 250/1154]  base_lr: 1.2500e-03 lr: 1.2500e-03  eta: 3:11:44  time: 0.1174  data_time: 0.0013  memory: 708  grad_norm: 4.4249  loss: 0.6922  loss_cls: 0.0233  loss_bbox: 0.1140  loss_centerness: 0.5548
2026/03/11 02:55:44 - mmengine - INFO - Epoch(train)  [21][ 300/1154]  base_lr: 1.2500e-03 lr: 1.2500e-03  eta: 3:11:36  time: 0.1173  data_time: 0.0012  memory: 708  grad_norm: 4.4368  loss: 0.6748  loss_cls: 0.0246  loss_bbox: 0.0984  loss_centerness: 0.5518
2026/03/11 02:55:50 - mmengine - INFO - Epoch(train)  [21][ 350/1154]  base_lr: 1.2500e-03 lr: 1.2500e-03  eta: 3:11:29  time: 0.1181  data_time: 0.0014  memory: 708  grad_norm: 4.4615  loss: 0.6715  loss_cls: 0.0159  loss_bbox: 0.1061  loss_centerness: 0.5495
2026/03/11 02:55:53 - mmengine - INFO - Epoch(train)  [21][ 400/1154]  base_lr: 1.2500e-03 lr: 1.2500e-03  eta: 3:11:13  time: 0.0747  data_time: 0.0012  memory: 708  grad_norm: 4.0188  loss: 0.6628  loss_cls: 0.0187  loss_bbox: 0.0919  loss_centerness: 0.5522
2026/03/11 02:55:58 - mmengine - INFO - Epoch(train)  [21][ 450/1154]  base_lr: 1.2500e-03 lr: 1.2500e-03  eta: 3:11:01  time: 0.0988  data_time: 0.0012  memory: 708  grad_norm: 4.5399  loss: 0.6784  loss_cls: 0.0175  loss_bbox: 0.1157  loss_centerness: 0.5452
2026/03/11 02:56:03 - mmengine - INFO - Epoch(train)  [21][ 500/1154]  base_lr: 1.2500e-03 lr: 1.2500e-03  eta: 3:10:50  time: 0.0977  data_time: 0.0013  memory: 708  grad_norm: 4.4995  loss: 0.7069  loss_cls: 0.0250  loss_bbox: 0.1254  loss_centerness: 0.5565
2026/03/11 02:56:08 - mmengine - INFO - Epoch(train)  [21][ 550/1154]  base_lr: 1.2500e-03 lr: 1.2500e-03  eta: 3:10:38  time: 0.0977  data_time: 0.0012  memory: 708  grad_norm: 4.1810  loss: 0.6798  loss_cls: 0.0177  loss_bbox: 0.1016  loss_centerness: 0.5605
2026/03/11 02:56:12 - mmengine - INFO - Epoch(train)  [21][ 600/1154]  base_lr: 1.2500e-03 lr: 1.2500e-03  eta: 3:10:23  time: 0.0791  data_time: 0.0012  memory: 708  grad_norm: 4.5483  loss: 0.6756  loss_cls: 0.0238  loss_bbox: 0.1034  loss_centerness: 0.5485
2026/03/11 02:56:18 - mmengine - INFO - Epoch(train)  [21][ 650/1154]  base_lr: 1.2500e-03 lr: 1.2500e-03  eta: 3:10:16  time: 0.1185  data_time: 0.0013  memory: 708  grad_norm: 4.3884  loss: 0.6874  loss_cls: 0.0324  loss_bbox: 0.0991  loss_centerness: 0.5560
2026/03/11 02:56:24 - mmengine - INFO - Epoch(train)  [21][ 700/1154]  base_lr: 1.2500e-03 lr: 1.2500e-03  eta: 3:10:08  time: 0.1175  data_time: 0.0013  memory: 708  grad_norm: 4.2342  loss: 0.7003  loss_cls: 0.0187  loss_bbox: 0.1210  loss_centerness: 0.5606
2026/03/11 02:56:30 - mmengine - INFO - Epoch(train)  [21][ 750/1154]  base_lr: 1.2500e-03 lr: 1.2500e-03  eta: 3:10:01  time: 0.1176  data_time: 0.0013  memory: 708  grad_norm: 5.0957  loss: 0.6963  loss_cls: 0.0220  loss_bbox: 0.1215  loss_centerness: 0.5528
2026/03/11 02:56:36 - mmengine - INFO - Epoch(train)  [21][ 800/1154]  base_lr: 1.2500e-03 lr: 1.2500e-03  eta: 3:09:53  time: 0.1177  data_time: 0.0012  memory: 708  grad_norm: 4.9484  loss: 0.6965  loss_cls: 0.0231  loss_bbox: 0.1156  loss_centerness: 0.5579
2026/03/11 02:56:41 - mmengine - INFO - Epoch(train)  [21][ 850/1154]  base_lr: 1.2500e-03 lr: 1.2500e-03  eta: 3:09:46  time: 0.1178  data_time: 0.0013  memory: 708  grad_norm: 4.3594  loss: 0.6845  loss_cls: 0.0248  loss_bbox: 0.1060  loss_centerness: 0.5537
2026/03/11 02:56:47 - mmengine - INFO - Epoch(train)  [21][ 900/1154]  base_lr: 1.2500e-03 lr: 1.2500e-03  eta: 3:09:38  time: 0.1177  data_time: 0.0013  memory: 708  grad_norm: 4.4789  loss: 0.6815  loss_cls: 0.0161  loss_bbox: 0.1120  loss_centerness: 0.5534
2026/03/11 02:56:50 - mmengine - INFO - Exp name: fcos_minecraft_20260311_015948
2026/03/11 02:56:53 - mmengine - INFO - Epoch(train)  [21][ 950/1154]  base_lr: 1.2500e-03 lr: 1.2500e-03  eta: 3:09:30  time: 0.1168  data_time: 0.0012  memory: 708  grad_norm: 4.3500  loss: 0.6868  loss_cls: 0.0266  loss_bbox: 0.1029  loss_centerness: 0.5573
2026/03/11 02:56:59 - mmengine - INFO - Epoch(train)  [21][1000/1154]  base_lr: 1.2500e-03 lr: 1.2500e-03  eta: 3:09:23  time: 0.1181  data_time: 0.0012  memory: 708  grad_norm: 4.7070  loss: 0.6954  loss_cls: 0.0277  loss_bbox: 0.1125  loss_centerness: 0.5552
2026/03/11 02:57:05 - mmengine - INFO - Epoch(train)  [21][1050/1154]  base_lr: 1.2500e-03 lr: 1.2500e-03  eta: 3:09:16  time: 0.1177  data_time: 0.0013  memory: 708  grad_norm: 4.1983  loss: 0.6829  loss_cls: 0.0266  loss_bbox: 0.1058  loss_centerness: 0.5504
2026/03/11 02:57:11 - mmengine - INFO - Epoch(train)  [21][1100/1154]  base_lr: 1.2500e-03 lr: 1.2500e-03  eta: 3:09:08  time: 0.1176  data_time: 0.0012  memory: 708  grad_norm: 4.5908  loss: 0.6856  loss_cls: 0.0219  loss_bbox: 0.1075  loss_centerness: 0.5563
2026/03/11 02:57:17 - mmengine - INFO - Epoch(train)  [21][1150/1154]  base_lr: 1.2500e-03 lr: 1.2500e-03  eta: 3:09:01  time: 0.1179  data_time: 0.0012  memory: 708  grad_norm: 6.0558  loss: 0.7376  loss_cls: 0.0549  loss_bbox: 0.1288  loss_centerness: 0.5538
2026/03/11 02:57:17 - mmengine - INFO - Exp name: fcos_minecraft_20260311_015948
2026/03/11 02:57:17 - mmengine - INFO - Saving checkpoint at 21 epochs
2026/03/11 02:57:21 - mmengine - INFO - Epoch(val)  [21][ 50/422]    eta: 0:00:13  time: 0.0376  data_time: 0.0008  memory: 708  
2026/03/11 02:57:22 - mmengine - INFO - Epoch(val)  [21][100/422]    eta: 0:00:11  time: 0.0360  data_time: 0.0006  memory: 403  
2026/03/11 02:57:24 - mmengine - INFO - Epoch(val)  [21][150/422]    eta: 0:00:10  time: 0.0372  data_time: 0.0006  memory: 403  
2026/03/11 02:57:26 - mmengine - INFO - Epoch(val)  [21][200/422]    eta: 0:00:08  time: 0.0386  data_time: 0.0006  memory: 403  
2026/03/11 02:57:28 - mmengine - INFO - Epoch(val)  [21][250/422]    eta: 0:00:06  time: 0.0370  data_time: 0.0004  memory: 403  
2026/03/11 02:57:30 - mmengine - INFO - Epoch(val)  [21][300/422]    eta: 0:00:04  time: 0.0380  data_time: 0.0007  memory: 403  
2026/03/11 02:57:32 - mmengine - INFO - Epoch(val)  [21][350/422]    eta: 0:00:02  time: 0.0364  data_time: 0.0005  memory: 403  
2026/03/11 02:57:34 - mmengine - INFO - Epoch(val)  [21][400/422]    eta: 0:00:00  time: 0.0373  data_time: 0.0005  memory: 403  
2026/03/11 02:57:34 - mmengine - INFO - Evaluating bbox...
2026/03/11 02:57:35 - mmengine - INFO - bbox_mAP_copypaste: 0.265 0.434 0.304 0.008 0.208 0.390
2026/03/11 02:57:35 - mmengine - INFO - Epoch(val) [21][422/422]    coco/bbox_mAP: 0.2650  coco/bbox_mAP_50: 0.4340  coco/bbox_mAP_75: 0.3040  coco/bbox_mAP_s: 0.0080  coco/bbox_mAP_m: 0.2080  coco/bbox_mAP_l: 0.3900  data_time: 0.0006  time: 0.0373
2026/03/11 02:57:41 - mmengine - INFO - Epoch(train)  [22][  50/1154]  base_lr: 1.2500e-03 lr: 1.2500e-03  eta: 3:08:53  time: 0.1182  data_time: 0.0017  memory: 708  grad_norm: 4.6359  loss: 0.7118  loss_cls: 0.0238  loss_bbox: 0.1294  loss_centerness: 0.5586
2026/03/11 02:57:47 - mmengine - INFO - Epoch(train)  [22][ 100/1154]  base_lr: 1.2500e-03 lr: 1.2500e-03  eta: 3:08:45  time: 0.1171  data_time: 0.0012  memory: 708  grad_norm: 4.5559  loss: 0.6739  loss_cls: 0.0222  loss_bbox: 0.0947  loss_centerness: 0.5570
2026/03/11 02:57:53 - mmengine - INFO - Epoch(train)  [22][ 150/1154]  base_lr: 1.2500e-03 lr: 1.2500e-03  eta: 3:08:37  time: 0.1177  data_time: 0.0012  memory: 708  grad_norm: 4.5071  loss: 0.6871  loss_cls: 0.0223  loss_bbox: 0.1116  loss_centerness: 0.5531
2026/03/11 02:57:59 - mmengine - INFO - Epoch(train)  [22][ 200/1154]  base_lr: 1.2500e-03 lr: 1.2500e-03  eta: 3:08:30  time: 0.1179  data_time: 0.0012  memory: 708  grad_norm: 4.2678  loss: 0.6869  loss_cls: 0.0220  loss_bbox: 0.1088  loss_centerness: 0.5561
2026/03/11 02:58:05 - mmengine - INFO - Epoch(train)  [22][ 250/1154]  base_lr: 1.2500e-03 lr: 1.2500e-03  eta: 3:08:23  time: 0.1176  data_time: 0.0013  memory: 708  grad_norm: 4.5343  loss: 0.6789  loss_cls: 0.0214  loss_bbox: 0.1104  loss_centerness: 0.5470
2026/03/11 02:58:10 - mmengine - INFO - Epoch(train)  [22][ 300/1154]  base_lr: 1.2500e-03 lr: 1.2500e-03  eta: 3:08:15  time: 0.1172  data_time: 0.0011  memory: 708  grad_norm: 4.6713  loss: 0.6808  loss_cls: 0.0283  loss_bbox: 0.1024  loss_centerness: 0.5501
2026/03/11 02:58:16 - mmengine - INFO - Epoch(train)  [22][ 350/1154]  base_lr: 1.2500e-03 lr: 1.2500e-03  eta: 3:08:08  time: 0.1185  data_time: 0.0014  memory: 708  grad_norm: 4.7475  loss: 0.7061  loss_cls: 0.0296  loss_bbox: 0.1187  loss_centerness: 0.5578
2026/03/11 02:58:22 - mmengine - INFO - Epoch(train)  [22][ 400/1154]  base_lr: 1.2500e-03 lr: 1.2500e-03  eta: 3:08:00  time: 0.1177  data_time: 0.0012  memory: 708  grad_norm: 4.1553  loss: 0.6804  loss_cls: 0.0189  loss_bbox: 0.1094  loss_centerness: 0.5520
2026/03/11 02:58:26 - mmengine - INFO - Epoch(train)  [22][ 450/1154]  base_lr: 1.2500e-03 lr: 1.2500e-03  eta: 3:07:46  time: 0.0821  data_time: 0.0014  memory: 708  grad_norm: 5.2793  loss: 0.7014  loss_cls: 0.0349  loss_bbox: 0.1110  loss_centerness: 0.5555
2026/03/11 02:58:31 - mmengine - INFO - Epoch(train)  [22][ 500/1154]  base_lr: 1.2500e-03 lr: 1.2500e-03  eta: 3:07:35  time: 0.0981  data_time: 0.0013  memory: 708  grad_norm: 5.3343  loss: 0.6923  loss_cls: 0.0308  loss_bbox: 0.1084  loss_centerness: 0.5531
2026/03/11 02:58:36 - mmengine - INFO - Epoch(train)  [22][ 550/1154]  base_lr: 1.2500e-03 lr: 1.2500e-03  eta: 3:07:24  time: 0.0980  data_time: 0.0013  memory: 708  grad_norm: 5.0015  loss: 0.7006  loss_cls: 0.0296  loss_bbox: 0.1181  loss_centerness: 0.5529
2026/03/11 02:58:41 - mmengine - INFO - Epoch(train)  [22][ 600/1154]  base_lr: 1.2500e-03 lr: 1.2500e-03  eta: 3:07:12  time: 0.0914  data_time: 0.0013  memory: 708  grad_norm: 5.5133  loss: 0.7185  loss_cls: 0.0291  loss_bbox: 0.1287  loss_centerness: 0.5608
2026/03/11 02:58:46 - mmengine - INFO - Epoch(train)  [22][ 650/1154]  base_lr: 1.2500e-03 lr: 1.2500e-03  eta: 3:07:02  time: 0.0997  data_time: 0.0013  memory: 708  grad_norm: 4.4573  loss: 0.6879  loss_cls: 0.0234  loss_bbox: 0.1112  loss_centerness: 0.5534
2026/03/11 02:58:52 - mmengine - INFO - Epoch(train)  [22][ 700/1154]  base_lr: 1.2500e-03 lr: 1.2500e-03  eta: 3:06:54  time: 0.1182  data_time: 0.0014  memory: 708  grad_norm: 4.1025  loss: 0.6902  loss_cls: 0.0221  loss_bbox: 0.1095  loss_centerness: 0.5586
2026/03/11 02:58:57 - mmengine - INFO - Epoch(train)  [22][ 750/1154]  base_lr: 1.2500e-03 lr: 1.2500e-03  eta: 3:06:47  time: 0.1179  data_time: 0.0013  memory: 708  grad_norm: 4.4913  loss: 0.6842  loss_cls: 0.0272  loss_bbox: 0.0987  loss_centerness: 0.5583
2026/03/11 02:58:59 - mmengine - INFO - Exp name: fcos_minecraft_20260311_015948
2026/03/11 02:59:03 - mmengine - INFO - Epoch(train)  [22][ 800/1154]  base_lr: 1.2500e-03 lr: 1.2500e-03  eta: 3:06:40  time: 0.1178  data_time: 0.0012  memory: 708  grad_norm: 4.3640  loss: 0.6645  loss_cls: 0.0199  loss_bbox: 0.0964  loss_centerness: 0.5482
2026/03/11 02:59:09 - mmengine - INFO - Epoch(train)  [22][ 850/1154]  base_lr: 1.2500e-03 lr: 1.2500e-03  eta: 3:06:32  time: 0.1172  data_time: 0.0013  memory: 708  grad_norm: 4.9793  loss: 0.6922  loss_cls: 0.0217  loss_bbox: 0.1207  loss_centerness: 0.5499
2026/03/11 02:59:15 - mmengine - INFO - Epoch(train)  [22][ 900/1154]  base_lr: 1.2500e-03 lr: 1.2500e-03  eta: 3:06:25  time: 0.1173  data_time: 0.0013  memory: 708  grad_norm: 4.2069  loss: 0.6790  loss_cls: 0.0184  loss_bbox: 0.1069  loss_centerness: 0.5537
2026/03/11 02:59:21 - mmengine - INFO - Epoch(train)  [22][ 950/1154]  base_lr: 1.2500e-03 lr: 1.2500e-03  eta: 3:06:18  time: 0.1178  data_time: 0.0012  memory: 708  grad_norm: 4.5514  loss: 0.6888  loss_cls: 0.0235  loss_bbox: 0.1155  loss_centerness: 0.5498
2026/03/11 02:59:27 - mmengine - INFO - Epoch(train)  [22][1000/1154]  base_lr: 1.2500e-03 lr: 1.2500e-03  eta: 3:06:10  time: 0.1175  data_time: 0.0013  memory: 708  grad_norm: 4.4389  loss: 0.6880  loss_cls: 0.0195  loss_bbox: 0.1095  loss_centerness: 0.5590
2026/03/11 02:59:33 - mmengine - INFO - Epoch(train)  [22][1050/1154]  base_lr: 1.2500e-03 lr: 1.2500e-03  eta: 3:06:03  time: 0.1173  data_time: 0.0012  memory: 708  grad_norm: 4.1102  loss: 0.6903  loss_cls: 0.0195  loss_bbox: 0.1169  loss_centerness: 0.5539
2026/03/11 02:59:39 - mmengine - INFO - Epoch(train)  [22][1100/1154]  base_lr: 1.2500e-03 lr: 1.2500e-03  eta: 3:05:56  time: 0.1178  data_time: 0.0014  memory: 708  grad_norm: 3.9471  loss: 0.6799  loss_cls: 0.0199  loss_bbox: 0.0986  loss_centerness: 0.5614
2026/03/11 02:59:45 - mmengine - INFO - Epoch(train)  [22][1150/1154]  base_lr: 1.2500e-03 lr: 1.2500e-03  eta: 3:05:48  time: 0.1179  data_time: 0.0014  memory: 708  grad_norm: 4.5337  loss: 0.6929  loss_cls: 0.0269  loss_bbox: 0.1101  loss_centerness: 0.5559
2026/03/11 02:59:45 - mmengine - INFO - Exp name: fcos_minecraft_20260311_015948
2026/03/11 02:59:45 - mmengine - INFO - Saving checkpoint at 22 epochs
2026/03/11 02:59:51 - mmengine - INFO - Epoch(val)  [22][ 50/422]    eta: 0:00:13  time: 0.0369  data_time: 0.0007  memory: 708  
2026/03/11 02:59:53 - mmengine - INFO - Epoch(val)  [22][100/422]    eta: 0:00:12  time: 0.0381  data_time: 0.0006  memory: 403  
2026/03/11 02:59:55 - mmengine - INFO - Epoch(val)  [22][150/422]    eta: 0:00:10  time: 0.0372  data_time: 0.0006  memory: 403  
2026/03/11 02:59:57 - mmengine - INFO - Epoch(val)  [22][200/422]    eta: 0:00:08  time: 0.0375  data_time: 0.0005  memory: 403  
2026/03/11 02:59:59 - mmengine - INFO - Epoch(val)  [22][250/422]    eta: 0:00:06  time: 0.0378  data_time: 0.0005  memory: 403  
2026/03/11 03:00:01 - mmengine - INFO - Epoch(val)  [22][300/422]    eta: 0:00:04  time: 0.0389  data_time: 0.0006  memory: 403  
2026/03/11 03:00:03 - mmengine - INFO - Epoch(val)  [22][350/422]    eta: 0:00:02  time: 0.0377  data_time: 0.0007  memory: 403  
2026/03/11 03:00:04 - mmengine - INFO - Epoch(val)  [22][400/422]    eta: 0:00:00  time: 0.0368  data_time: 0.0005  memory: 403  
2026/03/11 03:00:05 - mmengine - INFO - Evaluating bbox...
2026/03/11 03:00:06 - mmengine - INFO - bbox_mAP_copypaste: 0.278 0.430 0.326 0.012 0.180 0.443
2026/03/11 03:00:06 - mmengine - INFO - Epoch(val) [22][422/422]    coco/bbox_mAP: 0.2780  coco/bbox_mAP_50: 0.4300  coco/bbox_mAP_75: 0.3260  coco/bbox_mAP_s: 0.0120  coco/bbox_mAP_m: 0.1800  coco/bbox_mAP_l: 0.4430  data_time: 0.0006  time: 0.0376
2026/03/11 03:00:12 - mmengine - INFO - Epoch(train)  [23][  50/1154]  base_lr: 1.2500e-03 lr: 1.2500e-03  eta: 3:05:41  time: 0.1180  data_time: 0.0016  memory: 708  grad_norm: 4.9598  loss: 0.7013  loss_cls: 0.0207  loss_bbox: 0.1253  loss_centerness: 0.5553
2026/03/11 03:00:18 - mmengine - INFO - Epoch(train)  [23][ 100/1154]  base_lr: 1.2500e-03 lr: 1.2500e-03  eta: 3:05:33  time: 0.1168  data_time: 0.0013  memory: 708  grad_norm: 4.1664  loss: 0.6735  loss_cls: 0.0164  loss_bbox: 0.1007  loss_centerness: 0.5564
2026/03/11 03:00:24 - mmengine - INFO - Epoch(train)  [23][ 150/1154]  base_lr: 1.2500e-03 lr: 1.2500e-03  eta: 3:05:26  time: 0.1181  data_time: 0.0013  memory: 708  grad_norm: 5.2319  loss: 0.7164  loss_cls: 0.0182  loss_bbox: 0.1429  loss_centerness: 0.5553
2026/03/11 03:00:30 - mmengine - INFO - Epoch(train)  [23][ 200/1154]  base_lr: 1.2500e-03 lr: 1.2500e-03  eta: 3:05:19  time: 0.1176  data_time: 0.0013  memory: 708  grad_norm: 4.9305  loss: 0.6824  loss_cls: 0.0200  loss_bbox: 0.1067  loss_centerness: 0.5557
2026/03/11 03:00:36 - mmengine - INFO - Epoch(train)  [23][ 250/1154]  base_lr: 1.2500e-03 lr: 1.2500e-03  eta: 3:05:11  time: 0.1176  data_time: 0.0012  memory: 708  grad_norm: 4.4304  loss: 0.6804  loss_cls: 0.0216  loss_bbox: 0.0992  loss_centerness: 0.5596
2026/03/11 03:00:41 - mmengine - INFO - Epoch(train)  [23][ 300/1154]  base_lr: 1.2500e-03 lr: 1.2500e-03  eta: 3:05:04  time: 0.1173  data_time: 0.0013  memory: 708  grad_norm: 4.5552  loss: 0.6755  loss_cls: 0.0178  loss_bbox: 0.1050  loss_centerness: 0.5527
2026/03/11 03:00:47 - mmengine - INFO - Epoch(train)  [23][ 350/1154]  base_lr: 1.2500e-03 lr: 1.2500e-03  eta: 3:04:57  time: 0.1175  data_time: 0.0013  memory: 708  grad_norm: 4.8619  loss: 0.6962  loss_cls: 0.0251  loss_bbox: 0.1144  loss_centerness: 0.5568
2026/03/11 03:00:52 - mmengine - INFO - Epoch(train)  [23][ 400/1154]  base_lr: 1.2500e-03 lr: 1.2500e-03  eta: 3:04:45  time: 0.0919  data_time: 0.0012  memory: 708  grad_norm: 4.6896  loss: 0.6957  loss_cls: 0.0208  loss_bbox: 0.1149  loss_centerness: 0.5599
2026/03/11 03:00:57 - mmengine - INFO - Epoch(train)  [23][ 450/1154]  base_lr: 1.2500e-03 lr: 1.2500e-03  eta: 3:04:35  time: 0.0987  data_time: 0.0014  memory: 708  grad_norm: 4.3789  loss: 0.6942  loss_cls: 0.0223  loss_bbox: 0.1177  loss_centerness: 0.5542
2026/03/11 03:01:02 - mmengine - INFO - Epoch(train)  [23][ 500/1154]  base_lr: 1.2500e-03 lr: 1.2500e-03  eta: 3:04:24  time: 0.0983  data_time: 0.0013  memory: 708  grad_norm: 4.5706  loss: 0.6751  loss_cls: 0.0194  loss_bbox: 0.1052  loss_centerness: 0.5505
2026/03/11 03:01:07 - mmengine - INFO - Epoch(train)  [23][ 550/1154]  base_lr: 1.2500e-03 lr: 1.2500e-03  eta: 3:04:13  time: 0.0982  data_time: 0.0014  memory: 708  grad_norm: 4.3040  loss: 0.6709  loss_cls: 0.0159  loss_bbox: 0.1013  loss_centerness: 0.5536
2026/03/11 03:01:11 - mmengine - INFO - Epoch(train)  [23][ 600/1154]  base_lr: 1.2500e-03 lr: 1.2500e-03  eta: 3:04:00  time: 0.0832  data_time: 0.0014  memory: 708  grad_norm: 4.0038  loss: 0.6607  loss_cls: 0.0150  loss_bbox: 0.0908  loss_centerness: 0.5549
2026/03/11 03:01:12 - mmengine - INFO - Exp name: fcos_minecraft_20260311_015948
2026/03/11 03:01:17 - mmengine - INFO - Epoch(train)  [23][ 650/1154]  base_lr: 1.2500e-03 lr: 1.2500e-03  eta: 3:03:53  time: 0.1184  data_time: 0.0013  memory: 708  grad_norm: 4.2923  loss: 0.6793  loss_cls: 0.0171  loss_bbox: 0.1043  loss_centerness: 0.5579
2026/03/11 03:01:23 - mmengine - INFO - Epoch(train)  [23][ 700/1154]  base_lr: 1.2500e-03 lr: 1.2500e-03  eta: 3:03:46  time: 0.1181  data_time: 0.0012  memory: 708  grad_norm: 4.0612  loss: 0.6786  loss_cls: 0.0194  loss_bbox: 0.1037  loss_centerness: 0.5555
2026/03/11 03:01:29 - mmengine - INFO - Epoch(train)  [23][ 750/1154]  base_lr: 1.2500e-03 lr: 1.2500e-03  eta: 3:03:39  time: 0.1190  data_time: 0.0014  memory: 708  grad_norm: 3.9211  loss: 0.6599  loss_cls: 0.0129  loss_bbox: 0.0945  loss_centerness: 0.5525
2026/03/11 03:01:34 - mmengine - INFO - Epoch(train)  [23][ 800/1154]  base_lr: 1.2500e-03 lr: 1.2500e-03  eta: 3:03:32  time: 0.1173  data_time: 0.0014  memory: 708  grad_norm: 4.1655  loss: 0.6620  loss_cls: 0.0183  loss_bbox: 0.0935  loss_centerness: 0.5503
2026/03/11 03:01:40 - mmengine - INFO - Epoch(train)  [23][ 850/1154]  base_lr: 1.2500e-03 lr: 1.2500e-03  eta: 3:03:25  time: 0.1179  data_time: 0.0011  memory: 708  grad_norm: 4.8103  loss: 0.6931  loss_cls: 0.0199  loss_bbox: 0.1197  loss_centerness: 0.5535
2026/03/11 03:01:46 - mmengine - INFO - Epoch(train)  [23][ 900/1154]  base_lr: 1.2500e-03 lr: 1.2500e-03  eta: 3:03:18  time: 0.1180  data_time: 0.0013  memory: 708  grad_norm: 4.1181  loss: 0.6736  loss_cls: 0.0174  loss_bbox: 0.0985  loss_centerness: 0.5577
2026/03/11 03:01:52 - mmengine - INFO - Epoch(train)  [23][ 950/1154]  base_lr: 1.2500e-03 lr: 1.2500e-03  eta: 3:03:11  time: 0.1179  data_time: 0.0013  memory: 708  grad_norm: 4.6251  loss: 0.6723  loss_cls: 0.0148  loss_bbox: 0.1068  loss_centerness: 0.5506
2026/03/11 03:01:58 - mmengine - INFO - Epoch(train)  [23][1000/1154]  base_lr: 1.2500e-03 lr: 1.2500e-03  eta: 3:03:04  time: 0.1179  data_time: 0.0013  memory: 708  grad_norm: 4.6112  loss: 0.6862  loss_cls: 0.0204  loss_bbox: 0.1135  loss_centerness: 0.5523
2026/03/11 03:02:04 - mmengine - INFO - Epoch(train)  [23][1050/1154]  base_lr: 1.2500e-03 lr: 1.2500e-03  eta: 3:02:57  time: 0.1187  data_time: 0.0014  memory: 708  grad_norm: 4.2197  loss: 0.6680  loss_cls: 0.0161  loss_bbox: 0.1003  loss_centerness: 0.5517
2026/03/11 03:02:10 - mmengine - INFO - Epoch(train)  [23][1100/1154]  base_lr: 1.2500e-03 lr: 1.2500e-03  eta: 3:02:49  time: 0.1177  data_time: 0.0013  memory: 708  grad_norm: 4.0545  loss: 0.6787  loss_cls: 0.0176  loss_bbox: 0.1091  loss_centerness: 0.5520
2026/03/11 03:02:16 - mmengine - INFO - Epoch(train)  [23][1150/1154]  base_lr: 1.2500e-03 lr: 1.2500e-03  eta: 3:02:42  time: 0.1172  data_time: 0.0013  memory: 708  grad_norm: 4.0849  loss: 0.6625  loss_cls: 0.0164  loss_bbox: 0.0912  loss_centerness: 0.5549
2026/03/11 03:02:16 - mmengine - INFO - Exp name: fcos_minecraft_20260311_015948
2026/03/11 03:02:16 - mmengine - INFO - Saving checkpoint at 23 epochs
2026/03/11 03:02:20 - mmengine - INFO - Epoch(val)  [23][ 50/422]    eta: 0:00:14  time: 0.0384  data_time: 0.0008  memory: 708  
2026/03/11 03:02:21 - mmengine - INFO - Epoch(val)  [23][100/422]    eta: 0:00:12  time: 0.0381  data_time: 0.0005  memory: 403  
2026/03/11 03:02:23 - mmengine - INFO - Epoch(val)  [23][150/422]    eta: 0:00:10  time: 0.0373  data_time: 0.0005  memory: 403  
2026/03/11 03:02:25 - mmengine - INFO - Epoch(val)  [23][200/422]    eta: 0:00:08  time: 0.0369  data_time: 0.0006  memory: 403  
2026/03/11 03:02:27 - mmengine - INFO - Epoch(val)  [23][250/422]    eta: 0:00:06  time: 0.0378  data_time: 0.0005  memory: 403  
2026/03/11 03:02:29 - mmengine - INFO - Epoch(val)  [23][300/422]    eta: 0:00:04  time: 0.0374  data_time: 0.0006  memory: 403  
2026/03/11 03:02:31 - mmengine - INFO - Epoch(val)  [23][350/422]    eta: 0:00:02  time: 0.0378  data_time: 0.0005  memory: 403  
2026/03/11 03:02:33 - mmengine - INFO - Epoch(val)  [23][400/422]    eta: 0:00:00  time: 0.0374  data_time: 0.0005  memory: 403  
2026/03/11 03:02:34 - mmengine - INFO - Evaluating bbox...
2026/03/11 03:02:34 - mmengine - INFO - bbox_mAP_copypaste: 0.289 0.488 0.323 0.021 0.164 0.449
2026/03/11 03:02:34 - mmengine - INFO - Epoch(val) [23][422/422]    coco/bbox_mAP: 0.2890  coco/bbox_mAP_50: 0.4880  coco/bbox_mAP_75: 0.3230  coco/bbox_mAP_s: 0.0210  coco/bbox_mAP_m: 0.1640  coco/bbox_mAP_l: 0.4490  data_time: 0.0006  time: 0.0376
2026/03/11 03:02:40 - mmengine - INFO - Epoch(train)  [24][  50/1154]  base_lr: 1.2500e-03 lr: 1.2500e-03  eta: 3:02:35  time: 0.1183  data_time: 0.0016  memory: 708  grad_norm: 4.1236  loss: 0.6701  loss_cls: 0.0153  loss_bbox: 0.0978  loss_centerness: 0.5569
2026/03/11 03:02:46 - mmengine - INFO - Epoch(train)  [24][ 100/1154]  base_lr: 1.2500e-03 lr: 1.2500e-03  eta: 3:02:27  time: 0.1163  data_time: 0.0013  memory: 708  grad_norm: 4.4916  loss: 0.6813  loss_cls: 0.0178  loss_bbox: 0.1080  loss_centerness: 0.5556
2026/03/11 03:02:52 - mmengine - INFO - Epoch(train)  [24][ 150/1154]  base_lr: 1.2500e-03 lr: 1.2500e-03  eta: 3:02:20  time: 0.1180  data_time: 0.0013  memory: 708  grad_norm: 4.5818  loss: 0.6875  loss_cls: 0.0208  loss_bbox: 0.1102  loss_centerness: 0.5564
2026/03/11 03:02:58 - mmengine - INFO - Epoch(train)  [24][ 200/1154]  base_lr: 1.2500e-03 lr: 1.2500e-03  eta: 3:02:13  time: 0.1179  data_time: 0.0012  memory: 708  grad_norm: 4.2016  loss: 0.6684  loss_cls: 0.0151  loss_bbox: 0.0966  loss_centerness: 0.5568
2026/03/11 03:03:04 - mmengine - INFO - Epoch(train)  [24][ 250/1154]  base_lr: 1.2500e-03 lr: 1.2500e-03  eta: 3:02:06  time: 0.1183  data_time: 0.0014  memory: 708  grad_norm: 4.4170  loss: 0.6838  loss_cls: 0.0188  loss_bbox: 0.1097  loss_centerness: 0.5553
2026/03/11 03:03:10 - mmengine - INFO - Epoch(train)  [24][ 300/1154]  base_lr: 1.2500e-03 lr: 1.2500e-03  eta: 3:01:59  time: 0.1178  data_time: 0.0012  memory: 708  grad_norm: 4.3700  loss: 0.6712  loss_cls: 0.0152  loss_bbox: 0.1012  loss_centerness: 0.5547
2026/03/11 03:03:15 - mmengine - INFO - Epoch(train)  [24][ 350/1154]  base_lr: 1.2500e-03 lr: 1.2500e-03  eta: 3:01:52  time: 0.1172  data_time: 0.0012  memory: 708  grad_norm: 4.8226  loss: 0.6651  loss_cls: 0.0181  loss_bbox: 0.0988  loss_centerness: 0.5483
2026/03/11 03:03:21 - mmengine - INFO - Epoch(train)  [24][ 400/1154]  base_lr: 1.2500e-03 lr: 1.2500e-03  eta: 3:01:44  time: 0.1137  data_time: 0.0013  memory: 708  grad_norm: 4.3523  loss: 0.6636  loss_cls: 0.0156  loss_bbox: 0.0995  loss_centerness: 0.5486
2026/03/11 03:03:25 - mmengine - INFO - Epoch(train)  [24][ 450/1154]  base_lr: 1.2500e-03 lr: 1.2500e-03  eta: 3:01:32  time: 0.0843  data_time: 0.0014  memory: 708  grad_norm: 4.6243  loss: 0.6981  loss_cls: 0.0180  loss_bbox: 0.1194  loss_centerness: 0.5607
2026/03/11 03:03:26 - mmengine - INFO - Exp name: fcos_minecraft_20260311_015948
2026/03/11 03:03:30 - mmengine - INFO - Epoch(train)  [24][ 500/1154]  base_lr: 1.2500e-03 lr: 1.2500e-03  eta: 3:01:21  time: 0.0975  data_time: 0.0012  memory: 708  grad_norm: 4.3579  loss: 0.6895  loss_cls: 0.0263  loss_bbox: 0.1058  loss_centerness: 0.5575
2026/03/11 03:03:35 - mmengine - INFO - Epoch(train)  [24][ 550/1154]  base_lr: 1.2500e-03 lr: 1.2500e-03  eta: 3:01:11  time: 0.0984  data_time: 0.0012  memory: 708  grad_norm: 4.1050  loss: 0.6739  loss_cls: 0.0171  loss_bbox: 0.1089  loss_centerness: 0.5480
2026/03/11 03:03:40 - mmengine - INFO - Epoch(train)  [24][ 600/1154]  base_lr: 1.2500e-03 lr: 1.2500e-03  eta: 3:00:59  time: 0.0870  data_time: 0.0012  memory: 708  grad_norm: 4.0544  loss: 0.6551  loss_cls: 0.0132  loss_bbox: 0.0916  loss_centerness: 0.5504
2026/03/11 03:03:45 - mmengine - INFO - Epoch(train)  [24][ 650/1154]  base_lr: 1.2500e-03 lr: 1.2500e-03  eta: 3:00:50  time: 0.1047  data_time: 0.0013  memory: 708  grad_norm: 4.2413  loss: 0.6779  loss_cls: 0.0167  loss_bbox: 0.1055  loss_centerness: 0.5557
2026/03/11 03:03:51 - mmengine - INFO - Epoch(train)  [24][ 700/1154]  base_lr: 1.2500e-03 lr: 1.2500e-03  eta: 3:00:43  time: 0.1175  data_time: 0.0013  memory: 708  grad_norm: 4.2144  loss: 0.6704  loss_cls: 0.0158  loss_bbox: 0.1013  loss_centerness: 0.5533
2026/03/11 03:03:57 - mmengine - INFO - Epoch(train)  [24][ 750/1154]  base_lr: 1.2500e-03 lr: 1.2500e-03  eta: 3:00:36  time: 0.1176  data_time: 0.0013  memory: 708  grad_norm: 4.0735  loss: 0.6739  loss_cls: 0.0146  loss_bbox: 0.1019  loss_centerness: 0.5574
2026/03/11 03:04:02 - mmengine - INFO - Epoch(train)  [24][ 800/1154]  base_lr: 1.2500e-03 lr: 1.2500e-03  eta: 3:00:29  time: 0.1178  data_time: 0.0012  memory: 708  grad_norm: 4.0606  loss: 0.6639  loss_cls: 0.0159  loss_bbox: 0.0994  loss_centerness: 0.5486
2026/03/11 03:04:08 - mmengine - INFO - Epoch(train)  [24][ 850/1154]  base_lr: 1.2500e-03 lr: 1.2500e-03  eta: 3:00:22  time: 0.1171  data_time: 0.0013  memory: 708  grad_norm: 4.0249  loss: 0.6629  loss_cls: 0.0144  loss_bbox: 0.0921  loss_centerness: 0.5565
2026/03/11 03:04:14 - mmengine - INFO - Epoch(train)  [24][ 900/1154]  base_lr: 1.2500e-03 lr: 1.2500e-03  eta: 3:00:15  time: 0.1177  data_time: 0.0013  memory: 708  grad_norm: 4.3481  loss: 0.6736  loss_cls: 0.0165  loss_bbox: 0.1058  loss_centerness: 0.5513
2026/03/11 03:04:20 - mmengine - INFO - Epoch(train)  [24][ 950/1154]  base_lr: 1.2500e-03 lr: 1.2500e-03  eta: 3:00:08  time: 0.1180  data_time: 0.0013  memory: 708  grad_norm: 4.4915  loss: 0.6774  loss_cls: 0.0168  loss_bbox: 0.1098  loss_centerness: 0.5509
2026/03/11 03:04:26 - mmengine - INFO - Epoch(train)  [24][1000/1154]  base_lr: 1.2500e-03 lr: 1.2500e-03  eta: 3:00:01  time: 0.1178  data_time: 0.0013  memory: 708  grad_norm: 4.3381  loss: 0.6772  loss_cls: 0.0155  loss_bbox: 0.1046  loss_centerness: 0.5571
2026/03/11 03:04:32 - mmengine - INFO - Epoch(train)  [24][1050/1154]  base_lr: 1.2500e-03 lr: 1.2500e-03  eta: 2:59:54  time: 0.1174  data_time: 0.0012  memory: 708  grad_norm: 4.4311  loss: 0.6763  loss_cls: 0.0174  loss_bbox: 0.1039  loss_centerness: 0.5549
2026/03/11 03:04:38 - mmengine - INFO - Epoch(train)  [24][1100/1154]  base_lr: 1.2500e-03 lr: 1.2500e-03  eta: 2:59:47  time: 0.1180  data_time: 0.0013  memory: 708  grad_norm: 4.2595  loss: 0.6752  loss_cls: 0.0203  loss_bbox: 0.1054  loss_centerness: 0.5495
2026/03/11 03:04:44 - mmengine - INFO - Epoch(train)  [24][1150/1154]  base_lr: 1.2500e-03 lr: 1.2500e-03  eta: 2:59:40  time: 0.1178  data_time: 0.0013  memory: 708  grad_norm: 4.2372  loss: 0.6688  loss_cls: 0.0156  loss_bbox: 0.0961  loss_centerness: 0.5572
2026/03/11 03:04:44 - mmengine - INFO - Exp name: fcos_minecraft_20260311_015948
2026/03/11 03:04:44 - mmengine - INFO - Saving checkpoint at 24 epochs
2026/03/11 03:04:47 - mmengine - INFO - Epoch(val)  [24][ 50/422]    eta: 0:00:13  time: 0.0366  data_time: 0.0006  memory: 708  
2026/03/11 03:04:49 - mmengine - INFO - Epoch(val)  [24][100/422]    eta: 0:00:11  time: 0.0372  data_time: 0.0006  memory: 403  
2026/03/11 03:04:51 - mmengine - INFO - Epoch(val)  [24][150/422]    eta: 0:00:10  time: 0.0373  data_time: 0.0007  memory: 403  
2026/03/11 03:04:53 - mmengine - INFO - Epoch(val)  [24][200/422]    eta: 0:00:08  time: 0.0375  data_time: 0.0007  memory: 403  
2026/03/11 03:04:55 - mmengine - INFO - Epoch(val)  [24][250/422]    eta: 0:00:06  time: 0.0379  data_time: 0.0005  memory: 403  
2026/03/11 03:04:57 - mmengine - INFO - Epoch(val)  [24][300/422]    eta: 0:00:04  time: 0.0384  data_time: 0.0006  memory: 403  
2026/03/11 03:04:59 - mmengine - INFO - Epoch(val)  [24][350/422]    eta: 0:00:02  time: 0.0375  data_time: 0.0005  memory: 403  
2026/03/11 03:05:01 - mmengine - INFO - Epoch(val)  [24][400/422]    eta: 0:00:00  time: 0.0384  data_time: 0.0006  memory: 403  
2026/03/11 03:05:01 - mmengine - INFO - Evaluating bbox...
2026/03/11 03:05:02 - mmengine - INFO - bbox_mAP_copypaste: 0.286 0.436 0.337 0.011 0.158 0.453
2026/03/11 03:05:02 - mmengine - INFO - Epoch(val) [24][422/422]    coco/bbox_mAP: 0.2860  coco/bbox_mAP_50: 0.4360  coco/bbox_mAP_75: 0.3370  coco/bbox_mAP_s: 0.0110  coco/bbox_mAP_m: 0.1580  coco/bbox_mAP_l: 0.4530  data_time: 0.0006  time: 0.0376
2026/03/11 03:05:08 - mmengine - INFO - Epoch(train)  [25][  50/1154]  base_lr: 1.2500e-03 lr: 1.2500e-03  eta: 2:59:32  time: 0.1179  data_time: 0.0014  memory: 708  grad_norm: 3.7811  loss: 0.6661  loss_cls: 0.0137  loss_bbox: 0.0965  loss_centerness: 0.5559
2026/03/11 03:05:14 - mmengine - INFO - Epoch(train)  [25][ 100/1154]  base_lr: 1.2500e-03 lr: 1.2500e-03  eta: 2:59:25  time: 0.1174  data_time: 0.0012  memory: 708  grad_norm: 4.0265  loss: 0.6520  loss_cls: 0.0109  loss_bbox: 0.0888  loss_centerness: 0.5523
2026/03/11 03:05:20 - mmengine - INFO - Epoch(train)  [25][ 150/1154]  base_lr: 1.2500e-03 lr: 1.2500e-03  eta: 2:59:18  time: 0.1166  data_time: 0.0012  memory: 708  grad_norm: 4.4834  loss: 0.6724  loss_cls: 0.0139  loss_bbox: 0.1046  loss_centerness: 0.5539
2026/03/11 03:05:26 - mmengine - INFO - Epoch(train)  [25][ 200/1154]  base_lr: 1.2500e-03 lr: 1.2500e-03  eta: 2:59:11  time: 0.1180  data_time: 0.0013  memory: 708  grad_norm: 4.6956  loss: 0.6654  loss_cls: 0.0137  loss_bbox: 0.1057  loss_centerness: 0.5460
2026/03/11 03:05:31 - mmengine - INFO - Epoch(train)  [25][ 250/1154]  base_lr: 1.2500e-03 lr: 1.2500e-03  eta: 2:59:04  time: 0.1177  data_time: 0.0013  memory: 708  grad_norm: 4.3759  loss: 0.6822  loss_cls: 0.0207  loss_bbox: 0.1061  loss_centerness: 0.5554
2026/03/11 03:05:37 - mmengine - INFO - Epoch(train)  [25][ 300/1154]  base_lr: 1.2500e-03 lr: 1.2500e-03  eta: 2:58:57  time: 0.1178  data_time: 0.0012  memory: 708  grad_norm: 4.3404  loss: 0.6731  loss_cls: 0.0133  loss_bbox: 0.1104  loss_centerness: 0.5495
2026/03/11 03:05:38 - mmengine - INFO - Exp name: fcos_minecraft_20260311_015948
2026/03/11 03:05:43 - mmengine - INFO - Epoch(train)  [25][ 350/1154]  base_lr: 1.2500e-03 lr: 1.2500e-03  eta: 2:58:50  time: 0.1176  data_time: 0.0012  memory: 708  grad_norm: 4.5410  loss: 0.6870  loss_cls: 0.0205  loss_bbox: 0.1107  loss_centerness: 0.5558
2026/03/11 03:05:49 - mmengine - INFO - Epoch(train)  [25][ 400/1154]  base_lr: 1.2500e-03 lr: 1.2500e-03  eta: 2:58:44  time: 0.1177  data_time: 0.0014  memory: 708  grad_norm: 4.3961  loss: 0.6750  loss_cls: 0.0131  loss_bbox: 0.1040  loss_centerness: 0.5578
2026/03/11 03:05:54 - mmengine - INFO - Epoch(train)  [25][ 450/1154]  base_lr: 1.2500e-03 lr: 1.2500e-03  eta: 2:58:32  time: 0.0900  data_time: 0.0013  memory: 708  grad_norm: 4.9971  loss: 0.6880  loss_cls: 0.0180  loss_bbox: 0.1176  loss_centerness: 0.5523
2026/03/11 03:05:59 - mmengine - INFO - Epoch(train)  [25][ 500/1154]  base_lr: 1.2500e-03 lr: 1.2500e-03  eta: 2:58:22  time: 0.0980  data_time: 0.0014  memory: 708  grad_norm: 4.4672  loss: 0.6825  loss_cls: 0.0178  loss_bbox: 0.1043  loss_centerness: 0.5604
2026/03/11 03:06:03 - mmengine - INFO - Epoch(train)  [25][ 550/1154]  base_lr: 1.2500e-03 lr: 1.2500e-03  eta: 2:58:12  time: 0.0981  data_time: 0.0013  memory: 708  grad_norm: 3.9921  loss: 0.6691  loss_cls: 0.0153  loss_bbox: 0.0948  loss_centerness: 0.5590
2026/03/11 03:06:08 - mmengine - INFO - Epoch(train)  [25][ 600/1154]  base_lr: 1.2500e-03 lr: 1.2500e-03  eta: 2:58:02  time: 0.0977  data_time: 0.0013  memory: 708  grad_norm: 4.7231  loss: 0.6771  loss_cls: 0.0177  loss_bbox: 0.1103  loss_centerness: 0.5491
2026/03/11 03:06:13 - mmengine - INFO - Epoch(train)  [25][ 650/1154]  base_lr: 1.2500e-03 lr: 1.2500e-03  eta: 2:57:51  time: 0.0851  data_time: 0.0014  memory: 708  grad_norm: 4.3419  loss: 0.6750  loss_cls: 0.0157  loss_bbox: 0.1032  loss_centerness: 0.5561
2026/03/11 03:06:18 - mmengine - INFO - Epoch(train)  [25][ 700/1154]  base_lr: 1.2500e-03 lr: 1.2500e-03  eta: 2:57:44  time: 0.1179  data_time: 0.0012  memory: 708  grad_norm: 4.5245  loss: 0.6792  loss_cls: 0.0150  loss_bbox: 0.1093  loss_centerness: 0.5549
2026/03/11 03:06:24 - mmengine - INFO - Epoch(train)  [25][ 750/1154]  base_lr: 1.2500e-03 lr: 1.2500e-03  eta: 2:57:37  time: 0.1178  data_time: 0.0013  memory: 708  grad_norm: 4.6471  loss: 0.6714  loss_cls: 0.0158  loss_bbox: 0.1021  loss_centerness: 0.5535
2026/03/11 03:06:30 - mmengine - INFO - Epoch(train)  [25][ 800/1154]  base_lr: 1.2500e-03 lr: 1.2500e-03  eta: 2:57:30  time: 0.1178  data_time: 0.0013  memory: 708  grad_norm: 4.4853  loss: 0.6721  loss_cls: 0.0177  loss_bbox: 0.1069  loss_centerness: 0.5474
2026/03/11 03:06:36 - mmengine - INFO - Epoch(train)  [25][ 850/1154]  base_lr: 1.2500e-03 lr: 1.2500e-03  eta: 2:57:23  time: 0.1175  data_time: 0.0013  memory: 708  grad_norm: 4.0793  loss: 0.6656  loss_cls: 0.0158  loss_bbox: 0.0971  loss_centerness: 0.5527
2026/03/11 03:06:42 - mmengine - INFO - Epoch(train)  [25][ 900/1154]  base_lr: 1.2500e-03 lr: 1.2500e-03  eta: 2:57:16  time: 0.1174  data_time: 0.0012  memory: 708  grad_norm: 4.1030  loss: 0.6641  loss_cls: 0.0119  loss_bbox: 0.0927  loss_centerness: 0.5596
2026/03/11 03:06:48 - mmengine - INFO - Epoch(train)  [25][ 950/1154]  base_lr: 1.2500e-03 lr: 1.2500e-03  eta: 2:57:09  time: 0.1184  data_time: 0.0013  memory: 708  grad_norm: 4.7775  loss: 0.6687  loss_cls: 0.0224  loss_bbox: 0.0937  loss_centerness: 0.5526
2026/03/11 03:06:54 - mmengine - INFO - Epoch(train)  [25][1000/1154]  base_lr: 1.2500e-03 lr: 1.2500e-03  eta: 2:57:03  time: 0.1174  data_time: 0.0013  memory: 708  grad_norm: 4.3329  loss: 0.6674  loss_cls: 0.0178  loss_bbox: 0.0958  loss_centerness: 0.5539
2026/03/11 03:07:00 - mmengine - INFO - Epoch(train)  [25][1050/1154]  base_lr: 1.2500e-03 lr: 1.2500e-03  eta: 2:56:56  time: 0.1180  data_time: 0.0013  memory: 708  grad_norm: 3.9695  loss: 0.6714  loss_cls: 0.0147  loss_bbox: 0.0988  loss_centerness: 0.5579
2026/03/11 03:07:06 - mmengine - INFO - Epoch(train)  [25][1100/1154]  base_lr: 1.2500e-03 lr: 1.2500e-03  eta: 2:56:49  time: 0.1179  data_time: 0.0013  memory: 708  grad_norm: 4.6713  loss: 0.7006  loss_cls: 0.0150  loss_bbox: 0.1327  loss_centerness: 0.5529
2026/03/11 03:07:11 - mmengine - INFO - Epoch(train)  [25][1150/1154]  base_lr: 1.2500e-03 lr: 1.2500e-03  eta: 2:56:42  time: 0.1178  data_time: 0.0013  memory: 708  grad_norm: 4.7687  loss: 0.6845  loss_cls: 0.0159  loss_bbox: 0.1140  loss_centerness: 0.5546
2026/03/11 03:07:12 - mmengine - INFO - Exp name: fcos_minecraft_20260311_015948
2026/03/11 03:07:12 - mmengine - INFO - Saving checkpoint at 25 epochs
2026/03/11 03:07:15 - mmengine - INFO - Epoch(val)  [25][ 50/422]    eta: 0:00:13  time: 0.0365  data_time: 0.0007  memory: 708  
2026/03/11 03:07:17 - mmengine - INFO - Epoch(val)  [25][100/422]    eta: 0:00:11  time: 0.0361  data_time: 0.0006  memory: 403  
2026/03/11 03:07:19 - mmengine - INFO - Epoch(val)  [25][150/422]    eta: 0:00:10  time: 0.0386  data_time: 0.0006  memory: 403  
2026/03/11 03:07:21 - mmengine - INFO - Epoch(val)  [25][200/422]    eta: 0:00:08  time: 0.0370  data_time: 0.0006  memory: 403  
2026/03/11 03:07:23 - mmengine - INFO - Epoch(val)  [25][250/422]    eta: 0:00:06  time: 0.0382  data_time: 0.0007  memory: 403  
2026/03/11 03:07:25 - mmengine - INFO - Epoch(val)  [25][300/422]    eta: 0:00:04  time: 0.0386  data_time: 0.0006  memory: 403  
2026/03/11 03:07:26 - mmengine - INFO - Epoch(val)  [25][350/422]    eta: 0:00:02  time: 0.0365  data_time: 0.0006  memory: 403  
2026/03/11 03:07:28 - mmengine - INFO - Epoch(val)  [25][400/422]    eta: 0:00:00  time: 0.0382  data_time: 0.0007  memory: 403  
2026/03/11 03:07:29 - mmengine - INFO - Evaluating bbox...
2026/03/11 03:07:30 - mmengine - INFO - bbox_mAP_copypaste: 0.284 0.430 0.321 0.006 0.165 0.429
2026/03/11 03:07:30 - mmengine - INFO - Epoch(val) [25][422/422]    coco/bbox_mAP: 0.2840  coco/bbox_mAP_50: 0.4300  coco/bbox_mAP_75: 0.3210  coco/bbox_mAP_s: 0.0060  coco/bbox_mAP_m: 0.1650  coco/bbox_mAP_l: 0.4290  data_time: 0.0006  time: 0.0375
2026/03/11 03:07:36 - mmengine - INFO - Epoch(train)  [26][  50/1154]  base_lr: 1.2500e-03 lr: 1.2500e-03  eta: 2:56:35  time: 0.1177  data_time: 0.0015  memory: 708  grad_norm: 3.9138  loss: 0.6556  loss_cls: 0.0136  loss_bbox: 0.0924  loss_centerness: 0.5496
2026/03/11 03:07:42 - mmengine - INFO - Epoch(train)  [26][ 100/1154]  base_lr: 1.2500e-03 lr: 1.2500e-03  eta: 2:56:28  time: 0.1179  data_time: 0.0013  memory: 708  grad_norm: 4.3005  loss: 0.6687  loss_cls: 0.0163  loss_bbox: 0.0931  loss_centerness: 0.5592
2026/03/11 03:07:48 - mmengine - INFO - Exp name: fcos_minecraft_20260311_015948
2026/03/11 03:07:48 - mmengine - INFO - Epoch(train)  [26][ 150/1154]  base_lr: 1.2500e-03 lr: 1.2500e-03  eta: 2:56:21  time: 0.1179  data_time: 0.0012  memory: 708  grad_norm: 3.9772  loss: 0.6564  loss_cls: 0.0114  loss_bbox: 0.0919  loss_centerness: 0.5530
2026/03/11 03:07:53 - mmengine - INFO - Epoch(train)  [26][ 200/1154]  base_lr: 1.2500e-03 lr: 1.2500e-03  eta: 2:56:14  time: 0.1168  data_time: 0.0013  memory: 708  grad_norm: 4.9981  loss: 0.6933  loss_cls: 0.0236  loss_bbox: 0.1190  loss_centerness: 0.5506
2026/03/11 03:07:59 - mmengine - INFO - Epoch(train)  [26][ 250/1154]  base_lr: 1.2500e-03 lr: 1.2500e-03  eta: 2:56:07  time: 0.1181  data_time: 0.0013  memory: 708  grad_norm: 4.0404  loss: 0.6786  loss_cls: 0.0246  loss_bbox: 0.0963  loss_centerness: 0.5577
2026/03/11 03:08:05 - mmengine - INFO - Epoch(train)  [26][ 300/1154]  base_lr: 1.2500e-03 lr: 1.2500e-03  eta: 2:56:00  time: 0.1178  data_time: 0.0013  memory: 708  grad_norm: 3.7862  loss: 0.6461  loss_cls: 0.0123  loss_bbox: 0.0870  loss_centerness: 0.5469
2026/03/11 03:08:11 - mmengine - INFO - Epoch(train)  [26][ 350/1154]  base_lr: 1.2500e-03 lr: 1.2500e-03  eta: 2:55:54  time: 0.1176  data_time: 0.0013  memory: 708  grad_norm: 4.2887  loss: 0.6769  loss_cls: 0.0169  loss_bbox: 0.1068  loss_centerness: 0.5533
2026/03/11 03:08:17 - mmengine - INFO - Epoch(train)  [26][ 400/1154]  base_lr: 1.2500e-03 lr: 1.2500e-03  eta: 2:55:47  time: 0.1179  data_time: 0.0013  memory: 708  grad_norm: 4.1372  loss: 0.6656  loss_cls: 0.0134  loss_bbox: 0.0976  loss_centerness: 0.5547
2026/03/11 03:08:23 - mmengine - INFO - Epoch(train)  [26][ 450/1154]  base_lr: 1.2500e-03 lr: 1.2500e-03  eta: 2:55:39  time: 0.1129  data_time: 0.0013  memory: 708  grad_norm: 4.1640  loss: 0.6730  loss_cls: 0.0117  loss_bbox: 0.1039  loss_centerness: 0.5574
2026/03/11 03:08:27 - mmengine - INFO - Epoch(train)  [26][ 500/1154]  base_lr: 1.2500e-03 lr: 1.2500e-03  eta: 2:55:28  time: 0.0863  data_time: 0.0015  memory: 708  grad_norm: 5.9268  loss: 0.6957  loss_cls: 0.0231  loss_bbox: 0.1150  loss_centerness: 0.5575
2026/03/11 03:08:32 - mmengine - INFO - Epoch(train)  [26][ 550/1154]  base_lr: 1.2500e-03 lr: 1.2500e-03  eta: 2:55:18  time: 0.0973  data_time: 0.0013  memory: 708  grad_norm: 5.1756  loss: 0.6874  loss_cls: 0.0295  loss_bbox: 0.1052  loss_centerness: 0.5528
2026/03/11 03:08:37 - mmengine - INFO - Epoch(train)  [26][ 600/1154]  base_lr: 1.2500e-03 lr: 1.2500e-03  eta: 2:55:08  time: 0.0980  data_time: 0.0012  memory: 708  grad_norm: 5.4469  loss: 0.6913  loss_cls: 0.0222  loss_bbox: 0.1148  loss_centerness: 0.5544
2026/03/11 03:08:41 - mmengine - INFO - Epoch(train)  [26][ 650/1154]  base_lr: 1.2500e-03 lr: 1.2500e-03  eta: 2:54:57  time: 0.0872  data_time: 0.0013  memory: 708  grad_norm: 4.5458  loss: 0.6723  loss_cls: 0.0196  loss_bbox: 0.0977  loss_centerness: 0.5550
2026/03/11 03:08:46 - mmengine - INFO - Epoch(train)  [26][ 700/1154]  base_lr: 1.2500e-03 lr: 1.2500e-03  eta: 2:54:49  time: 0.1056  data_time: 0.0012  memory: 708  grad_norm: 4.4108  loss: 0.6809  loss_cls: 0.0200  loss_bbox: 0.1077  loss_centerness: 0.5531
2026/03/11 03:08:52 - mmengine - INFO - Epoch(train)  [26][ 750/1154]  base_lr: 1.2500e-03 lr: 1.2500e-03  eta: 2:54:42  time: 0.1179  data_time: 0.0013  memory: 708  grad_norm: 4.1192  loss: 0.6641  loss_cls: 0.0173  loss_bbox: 0.0937  loss_centerness: 0.5531
2026/03/11 03:08:58 - mmengine - INFO - Epoch(train)  [26][ 800/1154]  base_lr: 1.2500e-03 lr: 1.2500e-03  eta: 2:54:35  time: 0.1178  data_time: 0.0012  memory: 708  grad_norm: 5.2095  loss: 0.6926  loss_cls: 0.0201  loss_bbox: 0.1198  loss_centerness: 0.5527
2026/03/11 03:09:04 - mmengine - INFO - Epoch(train)  [26][ 850/1154]  base_lr: 1.2500e-03 lr: 1.2500e-03  eta: 2:54:28  time: 0.1178  data_time: 0.0012  memory: 708  grad_norm: 6.5374  loss: 0.8004  loss_cls: 0.1301  loss_bbox: 0.1107  loss_centerness: 0.5595
2026/03/11 03:09:10 - mmengine - INFO - Epoch(train)  [26][ 900/1154]  base_lr: 1.2500e-03 lr: 1.2500e-03  eta: 2:54:22  time: 0.1166  data_time: 0.0013  memory: 708  grad_norm: 5.2353  loss: 0.7277  loss_cls: 0.0473  loss_bbox: 0.1191  loss_centerness: 0.5612
2026/03/11 03:09:16 - mmengine - INFO - Epoch(train)  [26][ 950/1154]  base_lr: 1.2500e-03 lr: 1.2500e-03  eta: 2:54:15  time: 0.1182  data_time: 0.0014  memory: 708  grad_norm: 4.5709  loss: 0.6890  loss_cls: 0.0332  loss_bbox: 0.0992  loss_centerness: 0.5566
2026/03/11 03:09:22 - mmengine - INFO - Epoch(train)  [26][1000/1154]  base_lr: 1.2500e-03 lr: 1.2500e-03  eta: 2:54:08  time: 0.1177  data_time: 0.0013  memory: 708  grad_norm: 4.6945  loss: 0.7039  loss_cls: 0.0336  loss_bbox: 0.1113  loss_centerness: 0.5590
2026/03/11 03:09:28 - mmengine - INFO - Epoch(train)  [26][1050/1154]  base_lr: 1.2500e-03 lr: 1.2500e-03  eta: 2:54:01  time: 0.1180  data_time: 0.0013  memory: 708  grad_norm: 4.2934  loss: 0.6720  loss_cls: 0.0183  loss_bbox: 0.1030  loss_centerness: 0.5506
2026/03/11 03:09:33 - mmengine - INFO - Epoch(train)  [26][1100/1154]  base_lr: 1.2500e-03 lr: 1.2500e-03  eta: 2:53:55  time: 0.1172  data_time: 0.0012  memory: 708  grad_norm: 4.4277  loss: 0.6754  loss_cls: 0.0201  loss_bbox: 0.0982  loss_centerness: 0.5571
2026/03/11 03:09:39 - mmengine - INFO - Exp name: fcos_minecraft_20260311_015948
2026/03/11 03:09:39 - mmengine - INFO - Epoch(train)  [26][1150/1154]  base_lr: 1.2500e-03 lr: 1.2500e-03  eta: 2:53:48  time: 0.1177  data_time: 0.0013  memory: 708  grad_norm: 4.5146  loss: 0.6844  loss_cls: 0.0186  loss_bbox: 0.1101  loss_centerness: 0.5558
2026/03/11 03:09:40 - mmengine - INFO - Exp name: fcos_minecraft_20260311_015948
2026/03/11 03:09:40 - mmengine - INFO - Saving checkpoint at 26 epochs
2026/03/11 03:09:46 - mmengine - INFO - Epoch(val)  [26][ 50/422]    eta: 0:00:13  time: 0.0366  data_time: 0.0007  memory: 708  
2026/03/11 03:09:48 - mmengine - INFO - Epoch(val)  [26][100/422]    eta: 0:00:11  time: 0.0366  data_time: 0.0005  memory: 403  
2026/03/11 03:09:49 - mmengine - INFO - Epoch(val)  [26][150/422]    eta: 0:00:10  time: 0.0371  data_time: 0.0005  memory: 403  
2026/03/11 03:09:51 - mmengine - INFO - Epoch(val)  [26][200/422]    eta: 0:00:08  time: 0.0373  data_time: 0.0006  memory: 403  
2026/03/11 03:09:53 - mmengine - INFO - Epoch(val)  [26][250/422]    eta: 0:00:06  time: 0.0375  data_time: 0.0006  memory: 403  
2026/03/11 03:09:55 - mmengine - INFO - Epoch(val)  [26][300/422]    eta: 0:00:04  time: 0.0365  data_time: 0.0007  memory: 403  
2026/03/11 03:09:57 - mmengine - INFO - Epoch(val)  [26][350/422]    eta: 0:00:02  time: 0.0373  data_time: 0.0006  memory: 403  
2026/03/11 03:09:59 - mmengine - INFO - Epoch(val)  [26][400/422]    eta: 0:00:00  time: 0.0367  data_time: 0.0005  memory: 403  
2026/03/11 03:10:00 - mmengine - INFO - Evaluating bbox...
2026/03/11 03:10:00 - mmengine - INFO - bbox_mAP_copypaste: 0.276 0.470 0.305 0.021 0.146 0.410
2026/03/11 03:10:00 - mmengine - INFO - Epoch(val) [26][422/422]    coco/bbox_mAP: 0.2760  coco/bbox_mAP_50: 0.4700  coco/bbox_mAP_75: 0.3050  coco/bbox_mAP_s: 0.0210  coco/bbox_mAP_m: 0.1460  coco/bbox_mAP_l: 0.4100  data_time: 0.0006  time: 0.0369
2026/03/11 03:10:06 - mmengine - INFO - Epoch(train)  [27][  50/1154]  base_lr: 1.2500e-03 lr: 1.2500e-03  eta: 2:53:41  time: 0.1178  data_time: 0.0013  memory: 708  grad_norm: 4.6304  loss: 0.6905  loss_cls: 0.0284  loss_bbox: 0.1073  loss_centerness: 0.5548
2026/03/11 03:10:12 - mmengine - INFO - Epoch(train)  [27][ 100/1154]  base_lr: 1.2500e-03 lr: 1.2500e-03  eta: 2:53:34  time: 0.1173  data_time: 0.0013  memory: 708  grad_norm: 4.6490  loss: 0.6793  loss_cls: 0.0186  loss_bbox: 0.1104  loss_centerness: 0.5503
2026/03/11 03:10:18 - mmengine - INFO - Epoch(train)  [27][ 150/1154]  base_lr: 1.2500e-03 lr: 1.2500e-03  eta: 2:53:27  time: 0.1180  data_time: 0.0013  memory: 708  grad_norm: 4.1806  loss: 0.6804  loss_cls: 0.0167  loss_bbox: 0.1117  loss_centerness: 0.5520
2026/03/11 03:10:24 - mmengine - INFO - Epoch(train)  [27][ 200/1154]  base_lr: 1.2500e-03 lr: 1.2500e-03  eta: 2:53:20  time: 0.1176  data_time: 0.0013  memory: 708  grad_norm: 4.0252  loss: 0.6567  loss_cls: 0.0160  loss_bbox: 0.0898  loss_centerness: 0.5509
2026/03/11 03:10:30 - mmengine - INFO - Epoch(train)  [27][ 250/1154]  base_lr: 1.2500e-03 lr: 1.2500e-03  eta: 2:53:14  time: 0.1176  data_time: 0.0013  memory: 708  grad_norm: 4.2677  loss: 0.6748  loss_cls: 0.0193  loss_bbox: 0.1008  loss_centerness: 0.5547
2026/03/11 03:10:35 - mmengine - INFO - Epoch(train)  [27][ 300/1154]  base_lr: 1.2500e-03 lr: 1.2500e-03  eta: 2:53:07  time: 0.1176  data_time: 0.0014  memory: 708  grad_norm: 4.3387  loss: 0.6757  loss_cls: 0.0165  loss_bbox: 0.1084  loss_centerness: 0.5509
2026/03/11 03:10:41 - mmengine - INFO - Epoch(train)  [27][ 350/1154]  base_lr: 1.2500e-03 lr: 1.2500e-03  eta: 2:53:00  time: 0.1176  data_time: 0.0012  memory: 708  grad_norm: 4.3745  loss: 0.6797  loss_cls: 0.0194  loss_bbox: 0.1056  loss_centerness: 0.5547
2026/03/11 03:10:47 - mmengine - INFO - Epoch(train)  [27][ 400/1154]  base_lr: 1.2500e-03 lr: 1.2500e-03  eta: 2:52:53  time: 0.1167  data_time: 0.0013  memory: 708  grad_norm: 4.6629  loss: 0.6886  loss_cls: 0.0185  loss_bbox: 0.1172  loss_centerness: 0.5529
2026/03/11 03:10:52 - mmengine - INFO - Epoch(train)  [27][ 450/1154]  base_lr: 1.2500e-03 lr: 1.2500e-03  eta: 2:52:43  time: 0.0952  data_time: 0.0013  memory: 708  grad_norm: 4.6256  loss: 0.6772  loss_cls: 0.0147  loss_bbox: 0.1106  loss_centerness: 0.5518
2026/03/11 03:10:55 - mmengine - INFO - Epoch(train)  [27][ 500/1154]  base_lr: 1.2500e-03 lr: 1.2500e-03  eta: 2:52:29  time: 0.0627  data_time: 0.0012  memory: 708  grad_norm: 3.9867  loss: 0.6520  loss_cls: 0.0134  loss_bbox: 0.0876  loss_centerness: 0.5510
2026/03/11 03:11:00 - mmengine - INFO - Epoch(train)  [27][ 550/1154]  base_lr: 1.2500e-03 lr: 1.2500e-03  eta: 2:52:20  time: 0.0986  data_time: 0.0017  memory: 708  grad_norm: 4.3367  loss: 0.6664  loss_cls: 0.0131  loss_bbox: 0.1063  loss_centerness: 0.5470
2026/03/11 03:11:05 - mmengine - INFO - Epoch(train)  [27][ 600/1154]  base_lr: 1.2500e-03 lr: 1.2500e-03  eta: 2:52:10  time: 0.0979  data_time: 0.0012  memory: 708  grad_norm: 4.1836  loss: 0.6625  loss_cls: 0.0177  loss_bbox: 0.0875  loss_centerness: 0.5574
2026/03/11 03:11:10 - mmengine - INFO - Epoch(train)  [27][ 650/1154]  base_lr: 1.2500e-03 lr: 1.2500e-03  eta: 2:52:01  time: 0.0979  data_time: 0.0014  memory: 708  grad_norm: 4.0005  loss: 0.6558  loss_cls: 0.0128  loss_bbox: 0.0917  loss_centerness: 0.5513
2026/03/11 03:11:14 - mmengine - INFO - Epoch(train)  [27][ 700/1154]  base_lr: 1.2500e-03 lr: 1.2500e-03  eta: 2:51:49  time: 0.0814  data_time: 0.0013  memory: 708  grad_norm: 4.3887  loss: 0.6693  loss_cls: 0.0170  loss_bbox: 0.0947  loss_centerness: 0.5575
2026/03/11 03:11:20 - mmengine - INFO - Epoch(train)  [27][ 750/1154]  base_lr: 1.2500e-03 lr: 1.2500e-03  eta: 2:51:43  time: 0.1179  data_time: 0.0013  memory: 708  grad_norm: 4.2132  loss: 0.6689  loss_cls: 0.0189  loss_bbox: 0.0884  loss_centerness: 0.5616
2026/03/11 03:11:26 - mmengine - INFO - Epoch(train)  [27][ 800/1154]  base_lr: 1.2500e-03 lr: 1.2500e-03  eta: 2:51:36  time: 0.1178  data_time: 0.0015  memory: 708  grad_norm: 4.4079  loss: 0.6633  loss_cls: 0.0174  loss_bbox: 0.0916  loss_centerness: 0.5543
2026/03/11 03:11:32 - mmengine - INFO - Epoch(train)  [27][ 850/1154]  base_lr: 1.2500e-03 lr: 1.2500e-03  eta: 2:51:29  time: 0.1179  data_time: 0.0014  memory: 708  grad_norm: 4.5662  loss: 0.6684  loss_cls: 0.0197  loss_bbox: 0.0924  loss_centerness: 0.5563
2026/03/11 03:11:37 - mmengine - INFO - Epoch(train)  [27][ 900/1154]  base_lr: 1.2500e-03 lr: 1.2500e-03  eta: 2:51:23  time: 0.1180  data_time: 0.0013  memory: 708  grad_norm: 5.1362  loss: 0.7148  loss_cls: 0.0279  loss_bbox: 0.1266  loss_centerness: 0.5603
2026/03/11 03:11:43 - mmengine - INFO - Epoch(train)  [27][ 950/1154]  base_lr: 1.2500e-03 lr: 1.2500e-03  eta: 2:51:16  time: 0.1173  data_time: 0.0014  memory: 708  grad_norm: 5.5157  loss: 0.6900  loss_cls: 0.0321  loss_bbox: 0.1016  loss_centerness: 0.5563
2026/03/11 03:11:49 - mmengine - INFO - Exp name: fcos_minecraft_20260311_015948
2026/03/11 03:11:49 - mmengine - INFO - Epoch(train)  [27][1000/1154]  base_lr: 1.2500e-03 lr: 1.2500e-03  eta: 2:51:10  time: 0.1190  data_time: 0.0014  memory: 708  grad_norm: 5.3831  loss: 0.7243  loss_cls: 0.0606  loss_bbox: 0.1085  loss_centerness: 0.5552
2026/03/11 03:11:55 - mmengine - INFO - Epoch(train)  [27][1050/1154]  base_lr: 1.2500e-03 lr: 1.2500e-03  eta: 2:51:03  time: 0.1180  data_time: 0.0013  memory: 708  grad_norm: 4.0665  loss: 0.6715  loss_cls: 0.0203  loss_bbox: 0.0966  loss_centerness: 0.5546
2026/03/11 03:12:01 - mmengine - INFO - Epoch(train)  [27][1100/1154]  base_lr: 1.2500e-03 lr: 1.2500e-03  eta: 2:50:57  time: 0.1182  data_time: 0.0014  memory: 708  grad_norm: 4.4452  loss: 0.6743  loss_cls: 0.0197  loss_bbox: 0.1029  loss_centerness: 0.5518
2026/03/11 03:12:07 - mmengine - INFO - Epoch(train)  [27][1150/1154]  base_lr: 1.2500e-03 lr: 1.2500e-03  eta: 2:50:50  time: 0.1178  data_time: 0.0014  memory: 708  grad_norm: 4.1611  loss: 0.6595  loss_cls: 0.0148  loss_bbox: 0.0959  loss_centerness: 0.5488
2026/03/11 03:12:07 - mmengine - INFO - Exp name: fcos_minecraft_20260311_015948
2026/03/11 03:12:07 - mmengine - INFO - Saving checkpoint at 27 epochs
2026/03/11 03:12:11 - mmengine - INFO - Epoch(val)  [27][ 50/422]    eta: 0:00:14  time: 0.0380  data_time: 0.0008  memory: 708  
2026/03/11 03:12:13 - mmengine - INFO - Epoch(val)  [27][100/422]    eta: 0:00:12  time: 0.0370  data_time: 0.0005  memory: 403  
2026/03/11 03:12:15 - mmengine - INFO - Epoch(val)  [27][150/422]    eta: 0:00:10  time: 0.0376  data_time: 0.0006  memory: 403  
2026/03/11 03:12:16 - mmengine - INFO - Epoch(val)  [27][200/422]    eta: 0:00:08  time: 0.0378  data_time: 0.0007  memory: 403  
2026/03/11 03:12:18 - mmengine - INFO - Epoch(val)  [27][250/422]    eta: 0:00:06  time: 0.0369  data_time: 0.0006  memory: 403  
2026/03/11 03:12:20 - mmengine - INFO - Epoch(val)  [27][300/422]    eta: 0:00:04  time: 0.0377  data_time: 0.0008  memory: 403  
2026/03/11 03:12:22 - mmengine - INFO - Epoch(val)  [27][350/422]    eta: 0:00:02  time: 0.0375  data_time: 0.0007  memory: 403  
2026/03/11 03:12:24 - mmengine - INFO - Epoch(val)  [27][400/422]    eta: 0:00:00  time: 0.0363  data_time: 0.0006  memory: 403  
2026/03/11 03:12:25 - mmengine - INFO - Evaluating bbox...
2026/03/11 03:12:25 - mmengine - INFO - bbox_mAP_copypaste: 0.293 0.441 0.337 0.013 0.168 0.460
2026/03/11 03:12:25 - mmengine - INFO - Epoch(val) [27][422/422]    coco/bbox_mAP: 0.2930  coco/bbox_mAP_50: 0.4410  coco/bbox_mAP_75: 0.3370  coco/bbox_mAP_s: 0.0130  coco/bbox_mAP_m: 0.1680  coco/bbox_mAP_l: 0.4600  data_time: 0.0007  time: 0.0374
2026/03/11 03:12:31 - mmengine - INFO - Epoch(train)  [28][  50/1154]  base_lr: 1.2500e-03 lr: 1.2500e-03  eta: 2:50:43  time: 0.1184  data_time: 0.0014  memory: 708  grad_norm: 4.2299  loss: 0.6675  loss_cls: 0.0180  loss_bbox: 0.0936  loss_centerness: 0.5560
2026/03/11 03:12:37 - mmengine - INFO - Epoch(train)  [28][ 100/1154]  base_lr: 1.2500e-03 lr: 1.2500e-03  eta: 2:50:36  time: 0.1177  data_time: 0.0013  memory: 708  grad_norm: 3.8876  loss: 0.6591  loss_cls: 0.0133  loss_bbox: 0.0938  loss_centerness: 0.5520
2026/03/11 03:12:43 - mmengine - INFO - Epoch(train)  [28][ 150/1154]  base_lr: 1.2500e-03 lr: 1.2500e-03  eta: 2:50:30  time: 0.1180  data_time: 0.0013  memory: 708  grad_norm: 4.3204  loss: 0.6693  loss_cls: 0.0142  loss_bbox: 0.0996  loss_centerness: 0.5555
2026/03/11 03:12:49 - mmengine - INFO - Epoch(train)  [28][ 200/1154]  base_lr: 1.2500e-03 lr: 1.2500e-03  eta: 2:50:23  time: 0.1183  data_time: 0.0013  memory: 708  grad_norm: 4.5935  loss: 0.6740  loss_cls: 0.0131  loss_bbox: 0.1031  loss_centerness: 0.5577
2026/03/11 03:12:55 - mmengine - INFO - Epoch(train)  [28][ 250/1154]  base_lr: 1.2500e-03 lr: 1.2500e-03  eta: 2:50:16  time: 0.1173  data_time: 0.0013  memory: 708  grad_norm: 4.2401  loss: 0.6641  loss_cls: 0.0138  loss_bbox: 0.0946  loss_centerness: 0.5556
2026/03/11 03:13:01 - mmengine - INFO - Epoch(train)  [28][ 300/1154]  base_lr: 1.2500e-03 lr: 1.2500e-03  eta: 2:50:10  time: 0.1185  data_time: 0.0013  memory: 708  grad_norm: 4.5264  loss: 0.6749  loss_cls: 0.0185  loss_bbox: 0.1035  loss_centerness: 0.5529
2026/03/11 03:13:07 - mmengine - INFO - Epoch(train)  [28][ 350/1154]  base_lr: 1.2500e-03 lr: 1.2500e-03  eta: 2:50:03  time: 0.1185  data_time: 0.0014  memory: 708  grad_norm: 4.9701  loss: 0.6945  loss_cls: 0.0210  loss_bbox: 0.1285  loss_centerness: 0.5450
2026/03/11 03:13:13 - mmengine - INFO - Epoch(train)  [28][ 400/1154]  base_lr: 1.2500e-03 lr: 1.2500e-03  eta: 2:49:57  time: 0.1175  data_time: 0.0012  memory: 708  grad_norm: 4.5259  loss: 0.6777  loss_cls: 0.0175  loss_bbox: 0.1006  loss_centerness: 0.5596
2026/03/11 03:13:19 - mmengine - INFO - Epoch(train)  [28][ 450/1154]  base_lr: 1.2500e-03 lr: 1.2500e-03  eta: 2:49:50  time: 0.1177  data_time: 0.0013  memory: 708  grad_norm: 4.2742  loss: 0.6656  loss_cls: 0.0157  loss_bbox: 0.0991  loss_centerness: 0.5509
2026/03/11 03:13:24 - mmengine - INFO - Epoch(train)  [28][ 500/1154]  base_lr: 1.2500e-03 lr: 1.2500e-03  eta: 2:49:44  time: 0.1176  data_time: 0.0012  memory: 708  grad_norm: 4.3211  loss: 0.6521  loss_cls: 0.0160  loss_bbox: 0.0912  loss_centerness: 0.5450
2026/03/11 03:13:29 - mmengine - INFO - Epoch(train)  [28][ 550/1154]  base_lr: 1.2500e-03 lr: 1.2500e-03  eta: 2:49:32  time: 0.0817  data_time: 0.0013  memory: 708  grad_norm: 4.8871  loss: 0.6657  loss_cls: 0.0196  loss_bbox: 0.0985  loss_centerness: 0.5475
2026/03/11 03:13:33 - mmengine - INFO - Epoch(train)  [28][ 600/1154]  base_lr: 1.2500e-03 lr: 1.2500e-03  eta: 2:49:23  time: 0.0977  data_time: 0.0014  memory: 708  grad_norm: 5.4225  loss: 0.6805  loss_cls: 0.0393  loss_bbox: 0.0899  loss_centerness: 0.5513
2026/03/11 03:13:38 - mmengine - INFO - Epoch(train)  [28][ 650/1154]  base_lr: 1.2500e-03 lr: 1.2500e-03  eta: 2:49:14  time: 0.0987  data_time: 0.0013  memory: 708  grad_norm: 4.8476  loss: 0.7052  loss_cls: 0.0319  loss_bbox: 0.1234  loss_centerness: 0.5499
2026/03/11 03:13:43 - mmengine - INFO - Epoch(train)  [28][ 700/1154]  base_lr: 1.2500e-03 lr: 1.2500e-03  eta: 2:49:04  time: 0.0914  data_time: 0.0013  memory: 708  grad_norm: 4.3080  loss: 0.6666  loss_cls: 0.0223  loss_bbox: 0.0919  loss_centerness: 0.5524
2026/03/11 03:13:48 - mmengine - INFO - Epoch(train)  [28][ 750/1154]  base_lr: 1.2500e-03 lr: 1.2500e-03  eta: 2:48:55  time: 0.0977  data_time: 0.0013  memory: 708  grad_norm: 4.2925  loss: 0.6703  loss_cls: 0.0149  loss_bbox: 0.0997  loss_centerness: 0.5557
2026/03/11 03:13:54 - mmengine - INFO - Epoch(train)  [28][ 800/1154]  base_lr: 1.2500e-03 lr: 1.2500e-03  eta: 2:48:48  time: 0.1171  data_time: 0.0013  memory: 708  grad_norm: 4.2468  loss: 0.6612  loss_cls: 0.0174  loss_bbox: 0.0898  loss_centerness: 0.5541
2026/03/11 03:13:59 - mmengine - INFO - Exp name: fcos_minecraft_20260311_015948
2026/03/11 03:14:00 - mmengine - INFO - Epoch(train)  [28][ 850/1154]  base_lr: 1.2500e-03 lr: 1.2500e-03  eta: 2:48:42  time: 0.1179  data_time: 0.0012  memory: 708  grad_norm: 4.2546  loss: 0.6485  loss_cls: 0.0135  loss_bbox: 0.0810  loss_centerness: 0.5540
2026/03/11 03:14:05 - mmengine - INFO - Epoch(train)  [28][ 900/1154]  base_lr: 1.2500e-03 lr: 1.2500e-03  eta: 2:48:35  time: 0.1182  data_time: 0.0013  memory: 708  grad_norm: 4.1224  loss: 0.6762  loss_cls: 0.0212  loss_bbox: 0.0974  loss_centerness: 0.5576
2026/03/11 03:14:11 - mmengine - INFO - Epoch(train)  [28][ 950/1154]  base_lr: 1.2500e-03 lr: 1.2500e-03  eta: 2:48:29  time: 0.1178  data_time: 0.0012  memory: 708  grad_norm: 4.4432  loss: 0.6749  loss_cls: 0.0178  loss_bbox: 0.0968  loss_centerness: 0.5604
2026/03/11 03:14:17 - mmengine - INFO - Epoch(train)  [28][1000/1154]  base_lr: 1.2500e-03 lr: 1.2500e-03  eta: 2:48:22  time: 0.1172  data_time: 0.0013  memory: 708  grad_norm: 4.8551  loss: 0.6781  loss_cls: 0.0221  loss_bbox: 0.1004  loss_centerness: 0.5555
2026/03/11 03:14:23 - mmengine - INFO - Epoch(train)  [28][1050/1154]  base_lr: 1.2500e-03 lr: 1.2500e-03  eta: 2:48:15  time: 0.1179  data_time: 0.0013  memory: 708  grad_norm: 4.6645  loss: 0.6839  loss_cls: 0.0184  loss_bbox: 0.1107  loss_centerness: 0.5548
2026/03/11 03:14:29 - mmengine - INFO - Epoch(train)  [28][1100/1154]  base_lr: 1.2500e-03 lr: 1.2500e-03  eta: 2:48:09  time: 0.1176  data_time: 0.0012  memory: 708  grad_norm: 4.8445  loss: 0.6779  loss_cls: 0.0193  loss_bbox: 0.1041  loss_centerness: 0.5545
2026/03/11 03:14:35 - mmengine - INFO - Epoch(train)  [28][1150/1154]  base_lr: 1.2500e-03 lr: 1.2500e-03  eta: 2:48:02  time: 0.1175  data_time: 0.0013  memory: 708  grad_norm: 4.6234  loss: 0.6830  loss_cls: 0.0235  loss_bbox: 0.1029  loss_centerness: 0.5567
2026/03/11 03:14:35 - mmengine - INFO - Exp name: fcos_minecraft_20260311_015948
2026/03/11 03:14:35 - mmengine - INFO - Saving checkpoint at 28 epochs
2026/03/11 03:14:39 - mmengine - INFO - Epoch(val)  [28][ 50/422]    eta: 0:00:14  time: 0.0382  data_time: 0.0009  memory: 708  
2026/03/11 03:14:40 - mmengine - INFO - Epoch(val)  [28][100/422]    eta: 0:00:12  time: 0.0367  data_time: 0.0005  memory: 403  
2026/03/11 03:14:42 - mmengine - INFO - Epoch(val)  [28][150/422]    eta: 0:00:10  time: 0.0373  data_time: 0.0007  memory: 403  
2026/03/11 03:14:44 - mmengine - INFO - Epoch(val)  [28][200/422]    eta: 0:00:08  time: 0.0381  data_time: 0.0006  memory: 403  
2026/03/11 03:14:46 - mmengine - INFO - Epoch(val)  [28][250/422]    eta: 0:00:06  time: 0.0383  data_time: 0.0006  memory: 403  
2026/03/11 03:14:48 - mmengine - INFO - Epoch(val)  [28][300/422]    eta: 0:00:04  time: 0.0388  data_time: 0.0005  memory: 403  
2026/03/11 03:14:50 - mmengine - INFO - Epoch(val)  [28][350/422]    eta: 0:00:02  time: 0.0379  data_time: 0.0006  memory: 403  
2026/03/11 03:14:52 - mmengine - INFO - Epoch(val)  [28][400/422]    eta: 0:00:00  time: 0.0378  data_time: 0.0006  memory: 403  
2026/03/11 03:14:53 - mmengine - INFO - Evaluating bbox...
2026/03/11 03:14:53 - mmengine - INFO - bbox_mAP_copypaste: 0.277 0.435 0.317 0.009 0.188 0.419
2026/03/11 03:14:53 - mmengine - INFO - Epoch(val) [28][422/422]    coco/bbox_mAP: 0.2770  coco/bbox_mAP_50: 0.4350  coco/bbox_mAP_75: 0.3170  coco/bbox_mAP_s: 0.0090  coco/bbox_mAP_m: 0.1880  coco/bbox_mAP_l: 0.4190  data_time: 0.0006  time: 0.0379
2026/03/11 03:14:59 - mmengine - INFO - Epoch(train)  [29][  50/1154]  base_lr: 1.2500e-03 lr: 1.2500e-03  eta: 2:47:55  time: 0.1186  data_time: 0.0014  memory: 708  grad_norm: 4.5067  loss: 0.6721  loss_cls: 0.0149  loss_bbox: 0.1056  loss_centerness: 0.5515
2026/03/11 03:15:05 - mmengine - INFO - Epoch(train)  [29][ 100/1154]  base_lr: 1.2500e-03 lr: 1.2500e-03  eta: 2:47:49  time: 0.1171  data_time: 0.0014  memory: 708  grad_norm: 3.9952  loss: 0.6559  loss_cls: 0.0145  loss_bbox: 0.0875  loss_centerness: 0.5539
2026/03/11 03:15:11 - mmengine - INFO - Epoch(train)  [29][ 150/1154]  base_lr: 1.2500e-03 lr: 1.2500e-03  eta: 2:47:42  time: 0.1179  data_time: 0.0014  memory: 708  grad_norm: 4.3238  loss: 0.6653  loss_cls: 0.0149  loss_bbox: 0.0909  loss_centerness: 0.5595
2026/03/11 03:15:17 - mmengine - INFO - Epoch(train)  [29][ 200/1154]  base_lr: 1.2500e-03 lr: 1.2500e-03  eta: 2:47:36  time: 0.1174  data_time: 0.0013  memory: 708  grad_norm: 4.1950  loss: 0.6680  loss_cls: 0.0126  loss_bbox: 0.1023  loss_centerness: 0.5531
2026/03/11 03:15:23 - mmengine - INFO - Epoch(train)  [29][ 250/1154]  base_lr: 1.2500e-03 lr: 1.2500e-03  eta: 2:47:29  time: 0.1177  data_time: 0.0012  memory: 708  grad_norm: 4.8290  loss: 0.6849  loss_cls: 0.0132  loss_bbox: 0.1215  loss_centerness: 0.5501
2026/03/11 03:15:29 - mmengine - INFO - Epoch(train)  [29][ 300/1154]  base_lr: 1.2500e-03 lr: 1.2500e-03  eta: 2:47:23  time: 0.1168  data_time: 0.0013  memory: 708  grad_norm: 4.5186  loss: 0.6642  loss_cls: 0.0152  loss_bbox: 0.0980  loss_centerness: 0.5510
2026/03/11 03:15:35 - mmengine - INFO - Epoch(train)  [29][ 350/1154]  base_lr: 1.2500e-03 lr: 1.2500e-03  eta: 2:47:16  time: 0.1179  data_time: 0.0014  memory: 708  grad_norm: 4.3888  loss: 0.6643  loss_cls: 0.0132  loss_bbox: 0.0975  loss_centerness: 0.5536
2026/03/11 03:15:41 - mmengine - INFO - Epoch(train)  [29][ 400/1154]  base_lr: 1.2500e-03 lr: 1.2500e-03  eta: 2:47:10  time: 0.1176  data_time: 0.0013  memory: 708  grad_norm: 4.2303  loss: 0.6640  loss_cls: 0.0147  loss_bbox: 0.0940  loss_centerness: 0.5553
2026/03/11 03:15:46 - mmengine - INFO - Epoch(train)  [29][ 450/1154]  base_lr: 1.2500e-03 lr: 1.2500e-03  eta: 2:47:03  time: 0.1174  data_time: 0.0012  memory: 708  grad_norm: 4.4408  loss: 0.6734  loss_cls: 0.0164  loss_bbox: 0.1014  loss_centerness: 0.5555
2026/03/11 03:15:52 - mmengine - INFO - Epoch(train)  [29][ 500/1154]  base_lr: 1.2500e-03 lr: 1.2500e-03  eta: 2:46:56  time: 0.1176  data_time: 0.0013  memory: 708  grad_norm: 4.5249  loss: 0.6596  loss_cls: 0.0187  loss_bbox: 0.0964  loss_centerness: 0.5445
2026/03/11 03:15:57 - mmengine - INFO - Epoch(train)  [29][ 550/1154]  base_lr: 1.2500e-03 lr: 1.2500e-03  eta: 2:46:47  time: 0.0917  data_time: 0.0014  memory: 708  grad_norm: 4.3787  loss: 0.6603  loss_cls: 0.0166  loss_bbox: 0.0919  loss_centerness: 0.5518
2026/03/11 03:16:02 - mmengine - INFO - Epoch(train)  [29][ 600/1154]  base_lr: 1.2500e-03 lr: 1.2500e-03  eta: 2:46:38  time: 0.0977  data_time: 0.0015  memory: 708  grad_norm: 4.6551  loss: 0.6896  loss_cls: 0.0174  loss_bbox: 0.1094  loss_centerness: 0.5627
2026/03/11 03:16:07 - mmengine - INFO - Epoch(train)  [29][ 650/1154]  base_lr: 1.2500e-03 lr: 1.2500e-03  eta: 2:46:29  time: 0.0981  data_time: 0.0012  memory: 708  grad_norm: 4.2707  loss: 0.6780  loss_cls: 0.0135  loss_bbox: 0.1058  loss_centerness: 0.5586
2026/03/11 03:16:10 - mmengine - INFO - Exp name: fcos_minecraft_20260311_015948
2026/03/11 03:16:12 - mmengine - INFO - Epoch(train)  [29][ 700/1154]  base_lr: 1.2500e-03 lr: 1.2500e-03  eta: 2:46:20  time: 0.0981  data_time: 0.0014  memory: 708  grad_norm: 4.1161  loss: 0.6779  loss_cls: 0.0122  loss_bbox: 0.1103  loss_centerness: 0.5553
2026/03/11 03:16:16 - mmengine - INFO - Epoch(train)  [29][ 750/1154]  base_lr: 1.2500e-03 lr: 1.2500e-03  eta: 2:46:09  time: 0.0801  data_time: 0.0013  memory: 708  grad_norm: 3.9630  loss: 0.6599  loss_cls: 0.0107  loss_bbox: 0.0902  loss_centerness: 0.5590
2026/03/11 03:16:21 - mmengine - INFO - Epoch(train)  [29][ 800/1154]  base_lr: 1.2500e-03 lr: 1.2500e-03  eta: 2:46:02  time: 0.1182  data_time: 0.0012  memory: 708  grad_norm: 4.7281  loss: 0.6951  loss_cls: 0.0125  loss_bbox: 0.1271  loss_centerness: 0.5555
2026/03/11 03:16:27 - mmengine - INFO - Epoch(train)  [29][ 850/1154]  base_lr: 1.2500e-03 lr: 1.2500e-03  eta: 2:45:56  time: 0.1182  data_time: 0.0013  memory: 708  grad_norm: 4.6308  loss: 0.6772  loss_cls: 0.0177  loss_bbox: 0.1082  loss_centerness: 0.5512
2026/03/11 03:16:33 - mmengine - INFO - Epoch(train)  [29][ 900/1154]  base_lr: 1.2500e-03 lr: 1.2500e-03  eta: 2:45:49  time: 0.1180  data_time: 0.0014  memory: 708  grad_norm: 4.4913  loss: 0.6606  loss_cls: 0.0186  loss_bbox: 0.0960  loss_centerness: 0.5460
2026/03/11 03:16:39 - mmengine - INFO - Epoch(train)  [29][ 950/1154]  base_lr: 1.2500e-03 lr: 1.2500e-03  eta: 2:45:43  time: 0.1185  data_time: 0.0013  memory: 708  grad_norm: 3.9576  loss: 0.6644  loss_cls: 0.0138  loss_bbox: 0.0937  loss_centerness: 0.5569
2026/03/11 03:16:45 - mmengine - INFO - Epoch(train)  [29][1000/1154]  base_lr: 1.2500e-03 lr: 1.2500e-03  eta: 2:45:37  time: 0.1179  data_time: 0.0014  memory: 708  grad_norm: 4.0966  loss: 0.6614  loss_cls: 0.0133  loss_bbox: 0.0872  loss_centerness: 0.5609
2026/03/11 03:16:51 - mmengine - INFO - Epoch(train)  [29][1050/1154]  base_lr: 1.2500e-03 lr: 1.2500e-03  eta: 2:45:30  time: 0.1176  data_time: 0.0013  memory: 708  grad_norm: 3.9943  loss: 0.6553  loss_cls: 0.0112  loss_bbox: 0.0944  loss_centerness: 0.5497
2026/03/11 03:16:57 - mmengine - INFO - Epoch(train)  [29][1100/1154]  base_lr: 1.2500e-03 lr: 1.2500e-03  eta: 2:45:24  time: 0.1187  data_time: 0.0013  memory: 708  grad_norm: 3.8810  loss: 0.6567  loss_cls: 0.0145  loss_bbox: 0.0901  loss_centerness: 0.5521
2026/03/11 03:17:03 - mmengine - INFO - Epoch(train)  [29][1150/1154]  base_lr: 1.2500e-03 lr: 1.2500e-03  eta: 2:45:17  time: 0.1181  data_time: 0.0015  memory: 708  grad_norm: 4.2917  loss: 0.6426  loss_cls: 0.0110  loss_bbox: 0.0861  loss_centerness: 0.5454
2026/03/11 03:17:03 - mmengine - INFO - Exp name: fcos_minecraft_20260311_015948
2026/03/11 03:17:03 - mmengine - INFO - Saving checkpoint at 29 epochs
2026/03/11 03:17:07 - mmengine - INFO - Epoch(val)  [29][ 50/422]    eta: 0:00:14  time: 0.0380  data_time: 0.0008  memory: 708  
2026/03/11 03:17:09 - mmengine - INFO - Epoch(val)  [29][100/422]    eta: 0:00:12  time: 0.0372  data_time: 0.0006  memory: 403  
2026/03/11 03:17:10 - mmengine - INFO - Epoch(val)  [29][150/422]    eta: 0:00:10  time: 0.0376  data_time: 0.0006  memory: 403  
2026/03/11 03:17:12 - mmengine - INFO - Epoch(val)  [29][200/422]    eta: 0:00:08  time: 0.0376  data_time: 0.0006  memory: 403  
2026/03/11 03:17:14 - mmengine - INFO - Epoch(val)  [29][250/422]    eta: 0:00:06  time: 0.0376  data_time: 0.0007  memory: 403  
2026/03/11 03:17:16 - mmengine - INFO - Epoch(val)  [29][300/422]    eta: 0:00:04  time: 0.0383  data_time: 0.0005  memory: 403  
2026/03/11 03:17:18 - mmengine - INFO - Epoch(val)  [29][350/422]    eta: 0:00:02  time: 0.0383  data_time: 0.0007  memory: 403  
2026/03/11 03:17:20 - mmengine - INFO - Epoch(val)  [29][400/422]    eta: 0:00:00  time: 0.0373  data_time: 0.0006  memory: 403  
2026/03/11 03:17:21 - mmengine - INFO - Evaluating bbox...
2026/03/11 03:17:21 - mmengine - INFO - bbox_mAP_copypaste: 0.282 0.461 0.315 0.036 0.182 0.400
2026/03/11 03:17:21 - mmengine - INFO - Epoch(val) [29][422/422]    coco/bbox_mAP: 0.2820  coco/bbox_mAP_50: 0.4610  coco/bbox_mAP_75: 0.3150  coco/bbox_mAP_s: 0.0360  coco/bbox_mAP_m: 0.1820  coco/bbox_mAP_l: 0.4000  data_time: 0.0006  time: 0.0378
2026/03/11 03:17:27 - mmengine - INFO - Epoch(train)  [30][  50/1154]  base_lr: 1.2500e-03 lr: 1.2500e-03  eta: 2:45:10  time: 0.1186  data_time: 0.0016  memory: 708  grad_norm: 4.5105  loss: 0.6752  loss_cls: 0.0157  loss_bbox: 0.1040  loss_centerness: 0.5555
2026/03/11 03:17:33 - mmengine - INFO - Epoch(train)  [30][ 100/1154]  base_lr: 1.2500e-03 lr: 1.2500e-03  eta: 2:45:04  time: 0.1175  data_time: 0.0012  memory: 708  grad_norm: 4.1955  loss: 0.6584  loss_cls: 0.0132  loss_bbox: 0.0888  loss_centerness: 0.5565
2026/03/11 03:17:39 - mmengine - INFO - Epoch(train)  [30][ 150/1154]  base_lr: 1.2500e-03 lr: 1.2500e-03  eta: 2:44:57  time: 0.1181  data_time: 0.0013  memory: 708  grad_norm: 4.1008  loss: 0.6555  loss_cls: 0.0124  loss_bbox: 0.0870  loss_centerness: 0.5561
2026/03/11 03:17:45 - mmengine - INFO - Epoch(train)  [30][ 200/1154]  base_lr: 1.2500e-03 lr: 1.2500e-03  eta: 2:44:51  time: 0.1185  data_time: 0.0013  memory: 708  grad_norm: 4.3373  loss: 0.6546  loss_cls: 0.0154  loss_bbox: 0.0935  loss_centerness: 0.5457
2026/03/11 03:17:51 - mmengine - INFO - Epoch(train)  [30][ 250/1154]  base_lr: 1.2500e-03 lr: 1.2500e-03  eta: 2:44:45  time: 0.1176  data_time: 0.0013  memory: 708  grad_norm: 4.1827  loss: 0.6589  loss_cls: 0.0089  loss_bbox: 0.0993  loss_centerness: 0.5508
2026/03/11 03:17:57 - mmengine - INFO - Epoch(train)  [30][ 300/1154]  base_lr: 1.2500e-03 lr: 1.2500e-03  eta: 2:44:38  time: 0.1180  data_time: 0.0012  memory: 708  grad_norm: 4.0096  loss: 0.6593  loss_cls: 0.0125  loss_bbox: 0.0978  loss_centerness: 0.5490
2026/03/11 03:18:03 - mmengine - INFO - Epoch(train)  [30][ 350/1154]  base_lr: 1.2500e-03 lr: 1.2500e-03  eta: 2:44:32  time: 0.1176  data_time: 0.0013  memory: 708  grad_norm: 4.4810  loss: 0.6678  loss_cls: 0.0160  loss_bbox: 0.1005  loss_centerness: 0.5512
2026/03/11 03:18:09 - mmengine - INFO - Epoch(train)  [30][ 400/1154]  base_lr: 1.2500e-03 lr: 1.2500e-03  eta: 2:44:25  time: 0.1189  data_time: 0.0014  memory: 708  grad_norm: 4.1848  loss: 0.6661  loss_cls: 0.0106  loss_bbox: 0.1018  loss_centerness: 0.5536
2026/03/11 03:18:15 - mmengine - INFO - Epoch(train)  [30][ 450/1154]  base_lr: 1.2500e-03 lr: 1.2500e-03  eta: 2:44:19  time: 0.1185  data_time: 0.0014  memory: 708  grad_norm: 4.1490  loss: 0.6624  loss_cls: 0.0134  loss_bbox: 0.0922  loss_centerness: 0.5568
2026/03/11 03:18:20 - mmengine - INFO - Epoch(train)  [30][ 500/1154]  base_lr: 1.2500e-03 lr: 1.2500e-03  eta: 2:44:13  time: 0.1180  data_time: 0.0015  memory: 708  grad_norm: 4.2151  loss: 0.6555  loss_cls: 0.0129  loss_bbox: 0.0890  loss_centerness: 0.5537
2026/03/11 03:18:25 - mmengine - INFO - Exp name: fcos_minecraft_20260311_015948
2026/03/11 03:18:26 - mmengine - INFO - Epoch(train)  [30][ 550/1154]  base_lr: 1.2500e-03 lr: 1.2500e-03  eta: 2:44:06  time: 0.1182  data_time: 0.0014  memory: 708  grad_norm: 4.0110  loss: 0.6442  loss_cls: 0.0122  loss_bbox: 0.0838  loss_centerness: 0.5482
2026/03/11 03:18:30 - mmengine - INFO - Epoch(train)  [30][ 600/1154]  base_lr: 1.2500e-03 lr: 1.2500e-03  eta: 2:43:54  time: 0.0686  data_time: 0.0012  memory: 708  grad_norm: 4.8570  loss: 0.6831  loss_cls: 0.0330  loss_bbox: 0.0987  loss_centerness: 0.5514
2026/03/11 03:18:35 - mmengine - INFO - Epoch(train)  [30][ 650/1154]  base_lr: 1.2500e-03 lr: 1.2500e-03  eta: 2:43:45  time: 0.0981  data_time: 0.0013  memory: 708  grad_norm: 4.2128  loss: 0.6680  loss_cls: 0.0171  loss_bbox: 0.0975  loss_centerness: 0.5533
2026/03/11 03:18:40 - mmengine - INFO - Epoch(train)  [30][ 700/1154]  base_lr: 1.2500e-03 lr: 1.2500e-03  eta: 2:43:37  time: 0.0987  data_time: 0.0014  memory: 708  grad_norm: 4.2315  loss: 0.6612  loss_cls: 0.0091  loss_bbox: 0.0995  loss_centerness: 0.5526
2026/03/11 03:18:45 - mmengine - INFO - Epoch(train)  [30][ 750/1154]  base_lr: 1.2500e-03 lr: 1.2500e-03  eta: 2:43:28  time: 0.0977  data_time: 0.0013  memory: 708  grad_norm: 4.1955  loss: 0.6599  loss_cls: 0.0154  loss_bbox: 0.0914  loss_centerness: 0.5531
2026/03/11 03:18:49 - mmengine - INFO - Epoch(train)  [30][ 800/1154]  base_lr: 1.2500e-03 lr: 1.2500e-03  eta: 2:43:17  time: 0.0832  data_time: 0.0014  memory: 708  grad_norm: 4.0936  loss: 0.6569  loss_cls: 0.0128  loss_bbox: 0.0871  loss_centerness: 0.5570
2026/03/11 03:18:55 - mmengine - INFO - Epoch(train)  [30][ 850/1154]  base_lr: 1.2500e-03 lr: 1.2500e-03  eta: 2:43:11  time: 0.1177  data_time: 0.0013  memory: 708  grad_norm: 3.8857  loss: 0.6556  loss_cls: 0.0106  loss_bbox: 0.0871  loss_centerness: 0.5579
2026/03/11 03:19:00 - mmengine - INFO - Epoch(train)  [30][ 900/1154]  base_lr: 1.2500e-03 lr: 1.2500e-03  eta: 2:43:04  time: 0.1176  data_time: 0.0012  memory: 708  grad_norm: 4.0427  loss: 0.6634  loss_cls: 0.0101  loss_bbox: 0.0979  loss_centerness: 0.5554
2026/03/11 03:19:06 - mmengine - INFO - Epoch(train)  [30][ 950/1154]  base_lr: 1.2500e-03 lr: 1.2500e-03  eta: 2:42:58  time: 0.1175  data_time: 0.0012  memory: 708  grad_norm: 4.6601  loss: 0.6881  loss_cls: 0.0140  loss_bbox: 0.1196  loss_centerness: 0.5545
2026/03/11 03:19:12 - mmengine - INFO - Epoch(train)  [30][1000/1154]  base_lr: 1.2500e-03 lr: 1.2500e-03  eta: 2:42:52  time: 0.1175  data_time: 0.0012  memory: 708  grad_norm: 4.2055  loss: 0.6687  loss_cls: 0.0119  loss_bbox: 0.0981  loss_centerness: 0.5587
2026/03/11 03:19:18 - mmengine - INFO - Epoch(train)  [30][1050/1154]  base_lr: 1.2500e-03 lr: 1.2500e-03  eta: 2:42:45  time: 0.1180  data_time: 0.0013  memory: 708  grad_norm: 4.2115  loss: 0.6601  loss_cls: 0.0134  loss_bbox: 0.0914  loss_centerness: 0.5552
2026/03/11 03:19:24 - mmengine - INFO - Epoch(train)  [30][1100/1154]  base_lr: 1.2500e-03 lr: 1.2500e-03  eta: 2:42:39  time: 0.1171  data_time: 0.0013  memory: 708  grad_norm: 4.3045  loss: 0.6763  loss_cls: 0.0131  loss_bbox: 0.1085  loss_centerness: 0.5547
2026/03/11 03:19:30 - mmengine - INFO - Epoch(train)  [30][1150/1154]  base_lr: 1.2500e-03 lr: 1.2500e-03  eta: 2:42:32  time: 0.1179  data_time: 0.0013  memory: 708  grad_norm: 4.2871  loss: 0.6705  loss_cls: 0.0143  loss_bbox: 0.1032  loss_centerness: 0.5531
2026/03/11 03:19:30 - mmengine - INFO - Exp name: fcos_minecraft_20260311_015948
2026/03/11 03:19:30 - mmengine - INFO - Saving checkpoint at 30 epochs
2026/03/11 03:19:36 - mmengine - INFO - Epoch(val)  [30][ 50/422]    eta: 0:00:14  time: 0.0381  data_time: 0.0008  memory: 708  
2026/03/11 03:19:38 - mmengine - INFO - Epoch(val)  [30][100/422]    eta: 0:00:12  time: 0.0373  data_time: 0.0006  memory: 403  
2026/03/11 03:19:40 - mmengine - INFO - Epoch(val)  [30][150/422]    eta: 0:00:10  time: 0.0370  data_time: 0.0005  memory: 403  
2026/03/11 03:19:42 - mmengine - INFO - Epoch(val)  [30][200/422]    eta: 0:00:08  time: 0.0379  data_time: 0.0008  memory: 403  
2026/03/11 03:19:44 - mmengine - INFO - Epoch(val)  [30][250/422]    eta: 0:00:06  time: 0.0375  data_time: 0.0005  memory: 403  
2026/03/11 03:19:45 - mmengine - INFO - Epoch(val)  [30][300/422]    eta: 0:00:04  time: 0.0382  data_time: 0.0006  memory: 403  
2026/03/11 03:19:47 - mmengine - INFO - Epoch(val)  [30][350/422]    eta: 0:00:02  time: 0.0375  data_time: 0.0006  memory: 403  
2026/03/11 03:19:49 - mmengine - INFO - Epoch(val)  [30][400/422]    eta: 0:00:00  time: 0.0367  data_time: 0.0006  memory: 403  
2026/03/11 03:19:50 - mmengine - INFO - Evaluating bbox...
2026/03/11 03:19:51 - mmengine - INFO - bbox_mAP_copypaste: 0.279 0.433 0.336 0.014 0.178 0.411
2026/03/11 03:19:51 - mmengine - INFO - Epoch(val) [30][422/422]    coco/bbox_mAP: 0.2790  coco/bbox_mAP_50: 0.4330  coco/bbox_mAP_75: 0.3360  coco/bbox_mAP_s: 0.0140  coco/bbox_mAP_m: 0.1780  coco/bbox_mAP_l: 0.4110  data_time: 0.0006  time: 0.0376
2026/03/11 03:19:56 - mmengine - INFO - Epoch(train)  [31][  50/1154]  base_lr: 1.2500e-03 lr: 1.2500e-03  eta: 2:42:26  time: 0.1181  data_time: 0.0014  memory: 708  grad_norm: 3.9778  loss: 0.6541  loss_cls: 0.0106  loss_bbox: 0.0932  loss_centerness: 0.5503
2026/03/11 03:20:02 - mmengine - INFO - Epoch(train)  [31][ 100/1154]  base_lr: 1.2500e-03 lr: 1.2500e-03  eta: 2:42:19  time: 0.1180  data_time: 0.0014  memory: 708  grad_norm: 3.7530  loss: 0.6558  loss_cls: 0.0121  loss_bbox: 0.0922  loss_centerness: 0.5515
2026/03/11 03:20:08 - mmengine - INFO - Epoch(train)  [31][ 150/1154]  base_lr: 1.2500e-03 lr: 1.2500e-03  eta: 2:42:13  time: 0.1182  data_time: 0.0013  memory: 708  grad_norm: 4.6967  loss: 0.6823  loss_cls: 0.0163  loss_bbox: 0.1134  loss_centerness: 0.5525
2026/03/11 03:20:14 - mmengine - INFO - Epoch(train)  [31][ 200/1154]  base_lr: 1.2500e-03 lr: 1.2500e-03  eta: 2:42:06  time: 0.1178  data_time: 0.0013  memory: 708  grad_norm: 4.8870  loss: 0.6801  loss_cls: 0.0143  loss_bbox: 0.1157  loss_centerness: 0.5501
2026/03/11 03:20:20 - mmengine - INFO - Epoch(train)  [31][ 250/1154]  base_lr: 1.2500e-03 lr: 1.2500e-03  eta: 2:42:00  time: 0.1185  data_time: 0.0013  memory: 708  grad_norm: 4.2061  loss: 0.6575  loss_cls: 0.0101  loss_bbox: 0.0990  loss_centerness: 0.5484
2026/03/11 03:20:26 - mmengine - INFO - Epoch(train)  [31][ 300/1154]  base_lr: 1.2500e-03 lr: 1.2500e-03  eta: 2:41:54  time: 0.1174  data_time: 0.0013  memory: 708  grad_norm: 3.6755  loss: 0.6570  loss_cls: 0.0088  loss_bbox: 0.0902  loss_centerness: 0.5580
2026/03/11 03:20:32 - mmengine - INFO - Epoch(train)  [31][ 350/1154]  base_lr: 1.2500e-03 lr: 1.2500e-03  eta: 2:41:47  time: 0.1186  data_time: 0.0013  memory: 708  grad_norm: 4.4169  loss: 0.6683  loss_cls: 0.0135  loss_bbox: 0.0982  loss_centerness: 0.5566
2026/03/11 03:20:35 - mmengine - INFO - Exp name: fcos_minecraft_20260311_015948
2026/03/11 03:20:38 - mmengine - INFO - Epoch(train)  [31][ 400/1154]  base_lr: 1.2500e-03 lr: 1.2500e-03  eta: 2:41:41  time: 0.1191  data_time: 0.0014  memory: 708  grad_norm: 4.2864  loss: 0.6824  loss_cls: 0.0122  loss_bbox: 0.1137  loss_centerness: 0.5565
2026/03/11 03:20:44 - mmengine - INFO - Epoch(train)  [31][ 450/1154]  base_lr: 1.2500e-03 lr: 1.2500e-03  eta: 2:41:35  time: 0.1180  data_time: 0.0014  memory: 708  grad_norm: 4.0596  loss: 0.6627  loss_cls: 0.0105  loss_bbox: 0.0968  loss_centerness: 0.5554
2026/03/11 03:20:50 - mmengine - INFO - Epoch(train)  [31][ 500/1154]  base_lr: 1.2500e-03 lr: 1.2500e-03  eta: 2:41:29  time: 0.1179  data_time: 0.0014  memory: 708  grad_norm: 4.3907  loss: 0.6664  loss_cls: 0.0155  loss_bbox: 0.0972  loss_centerness: 0.5537
2026/03/11 03:20:56 - mmengine - INFO - Epoch(train)  [31][ 550/1154]  base_lr: 1.2500e-03 lr: 1.2500e-03  eta: 2:41:22  time: 0.1183  data_time: 0.0014  memory: 708  grad_norm: 4.0085  loss: 0.6432  loss_cls: 0.0107  loss_bbox: 0.0815  loss_centerness: 0.5510
2026/03/11 03:21:00 - mmengine - INFO - Epoch(train)  [31][ 600/1154]  base_lr: 1.2500e-03 lr: 1.2500e-03  eta: 2:41:12  time: 0.0861  data_time: 0.0012  memory: 708  grad_norm: 4.0749  loss: 0.6524  loss_cls: 0.0099  loss_bbox: 0.0917  loss_centerness: 0.5509
2026/03/11 03:21:05 - mmengine - INFO - Epoch(train)  [31][ 650/1154]  base_lr: 1.2500e-03 lr: 1.2500e-03  eta: 2:41:04  time: 0.0979  data_time: 0.0013  memory: 708  grad_norm: 4.4113  loss: 0.6574  loss_cls: 0.0110  loss_bbox: 0.0932  loss_centerness: 0.5531
2026/03/11 03:21:10 - mmengine - INFO - Epoch(train)  [31][ 700/1154]  base_lr: 1.2500e-03 lr: 1.2500e-03  eta: 2:40:55  time: 0.0988  data_time: 0.0014  memory: 708  grad_norm: 4.5313  loss: 0.6826  loss_cls: 0.0141  loss_bbox: 0.1181  loss_centerness: 0.5504
2026/03/11 03:21:14 - mmengine - INFO - Epoch(train)  [31][ 750/1154]  base_lr: 1.2500e-03 lr: 1.2500e-03  eta: 2:40:46  time: 0.0961  data_time: 0.0014  memory: 708  grad_norm: 4.4211  loss: 0.6743  loss_cls: 0.0159  loss_bbox: 0.1038  loss_centerness: 0.5546
2026/03/11 03:21:19 - mmengine - INFO - Epoch(train)  [31][ 800/1154]  base_lr: 1.2500e-03 lr: 1.2500e-03  eta: 2:40:37  time: 0.0896  data_time: 0.0013  memory: 708  grad_norm: 4.8268  loss: 0.6747  loss_cls: 0.0151  loss_bbox: 0.1086  loss_centerness: 0.5510
2026/03/11 03:21:25 - mmengine - INFO - Epoch(train)  [31][ 850/1154]  base_lr: 1.2500e-03 lr: 1.2500e-03  eta: 2:40:31  time: 0.1178  data_time: 0.0013  memory: 708  grad_norm: 4.9876  loss: 0.6879  loss_cls: 0.0147  loss_bbox: 0.1232  loss_centerness: 0.5500
2026/03/11 03:21:31 - mmengine - INFO - Epoch(train)  [31][ 900/1154]  base_lr: 1.2500e-03 lr: 1.2500e-03  eta: 2:40:24  time: 0.1181  data_time: 0.0013  memory: 708  grad_norm: 4.7313  loss: 0.6771  loss_cls: 0.0108  loss_bbox: 0.1097  loss_centerness: 0.5566
2026/03/11 03:21:37 - mmengine - INFO - Epoch(train)  [31][ 950/1154]  base_lr: 1.2500e-03 lr: 1.2500e-03  eta: 2:40:18  time: 0.1173  data_time: 0.0013  memory: 708  grad_norm: 4.2114  loss: 0.6593  loss_cls: 0.0101  loss_bbox: 0.0892  loss_centerness: 0.5599
2026/03/11 03:21:42 - mmengine - INFO - Epoch(train)  [31][1000/1154]  base_lr: 1.2500e-03 lr: 1.2500e-03  eta: 2:40:11  time: 0.1171  data_time: 0.0013  memory: 708  grad_norm: 4.5619  loss: 0.6743  loss_cls: 0.0143  loss_bbox: 0.1008  loss_centerness: 0.5593
2026/03/11 03:21:48 - mmengine - INFO - Epoch(train)  [31][1050/1154]  base_lr: 1.2500e-03 lr: 1.2500e-03  eta: 2:40:05  time: 0.1188  data_time: 0.0013  memory: 708  grad_norm: 4.6851  loss: 0.6708  loss_cls: 0.0165  loss_bbox: 0.1022  loss_centerness: 0.5521
2026/03/11 03:21:54 - mmengine - INFO - Epoch(train)  [31][1100/1154]  base_lr: 1.2500e-03 lr: 1.2500e-03  eta: 2:39:59  time: 0.1177  data_time: 0.0013  memory: 708  grad_norm: 4.5963  loss: 0.6621  loss_cls: 0.0117  loss_bbox: 0.1012  loss_centerness: 0.5493
2026/03/11 03:22:00 - mmengine - INFO - Epoch(train)  [31][1150/1154]  base_lr: 1.2500e-03 lr: 1.2500e-03  eta: 2:39:53  time: 0.1185  data_time: 0.0014  memory: 708  grad_norm: 4.0856  loss: 0.6573  loss_cls: 0.0128  loss_bbox: 0.0927  loss_centerness: 0.5517
2026/03/11 03:22:01 - mmengine - INFO - Exp name: fcos_minecraft_20260311_015948
2026/03/11 03:22:01 - mmengine - INFO - Saving checkpoint at 31 epochs
2026/03/11 03:22:04 - mmengine - INFO - Epoch(val)  [31][ 50/422]    eta: 0:00:14  time: 0.0379  data_time: 0.0008  memory: 708  
2026/03/11 03:22:06 - mmengine - INFO - Epoch(val)  [31][100/422]    eta: 0:00:11  time: 0.0366  data_time: 0.0004  memory: 403  
2026/03/11 03:22:08 - mmengine - INFO - Epoch(val)  [31][150/422]    eta: 0:00:10  time: 0.0378  data_time: 0.0006  memory: 403  
2026/03/11 03:22:10 - mmengine - INFO - Epoch(val)  [31][200/422]    eta: 0:00:08  time: 0.0381  data_time: 0.0007  memory: 403  
2026/03/11 03:22:12 - mmengine - INFO - Epoch(val)  [31][250/422]    eta: 0:00:06  time: 0.0377  data_time: 0.0006  memory: 403  
2026/03/11 03:22:14 - mmengine - INFO - Epoch(val)  [31][300/422]    eta: 0:00:04  time: 0.0397  data_time: 0.0007  memory: 403  
2026/03/11 03:22:15 - mmengine - INFO - Epoch(val)  [31][350/422]    eta: 0:00:02  time: 0.0369  data_time: 0.0005  memory: 403  
2026/03/11 03:22:17 - mmengine - INFO - Epoch(val)  [31][400/422]    eta: 0:00:00  time: 0.0365  data_time: 0.0005  memory: 403  
2026/03/11 03:22:18 - mmengine - INFO - Evaluating bbox...
2026/03/11 03:22:19 - mmengine - INFO - bbox_mAP_copypaste: 0.285 0.481 0.311 0.046 0.197 0.401
2026/03/11 03:22:19 - mmengine - INFO - Epoch(val) [31][422/422]    coco/bbox_mAP: 0.2850  coco/bbox_mAP_50: 0.4810  coco/bbox_mAP_75: 0.3110  coco/bbox_mAP_s: 0.0460  coco/bbox_mAP_m: 0.1970  coco/bbox_mAP_l: 0.4010  data_time: 0.0006  time: 0.0377
2026/03/11 03:22:25 - mmengine - INFO - Epoch(train)  [32][  50/1154]  base_lr: 1.2500e-03 lr: 1.2500e-03  eta: 2:39:46  time: 0.1180  data_time: 0.0016  memory: 708  grad_norm: 4.1417  loss: 0.6606  loss_cls: 0.0139  loss_bbox: 0.0898  loss_centerness: 0.5569
2026/03/11 03:22:31 - mmengine - INFO - Epoch(train)  [32][ 100/1154]  base_lr: 1.2500e-03 lr: 1.2500e-03  eta: 2:39:40  time: 0.1180  data_time: 0.0014  memory: 708  grad_norm: 4.0107  loss: 0.6501  loss_cls: 0.0102  loss_bbox: 0.0911  loss_centerness: 0.5488
2026/03/11 03:22:36 - mmengine - INFO - Epoch(train)  [32][ 150/1154]  base_lr: 1.2500e-03 lr: 1.2500e-03  eta: 2:39:33  time: 0.1180  data_time: 0.0012  memory: 708  grad_norm: 4.0472  loss: 0.6605  loss_cls: 0.0110  loss_bbox: 0.0970  loss_centerness: 0.5525
2026/03/11 03:22:42 - mmengine - INFO - Epoch(train)  [32][ 200/1154]  base_lr: 1.2500e-03 lr: 1.2500e-03  eta: 2:39:27  time: 0.1175  data_time: 0.0012  memory: 708  grad_norm: 3.8848  loss: 0.6526  loss_cls: 0.0068  loss_bbox: 0.0905  loss_centerness: 0.5553
2026/03/11 03:22:45 - mmengine - INFO - Exp name: fcos_minecraft_20260311_015948
2026/03/11 03:22:48 - mmengine - INFO - Epoch(train)  [32][ 250/1154]  base_lr: 1.2500e-03 lr: 1.2500e-03  eta: 2:39:21  time: 0.1179  data_time: 0.0013  memory: 708  grad_norm: 4.1347  loss: 0.6680  loss_cls: 0.0169  loss_bbox: 0.0975  loss_centerness: 0.5536
2026/03/11 03:22:54 - mmengine - INFO - Epoch(train)  [32][ 300/1154]  base_lr: 1.2500e-03 lr: 1.2500e-03  eta: 2:39:14  time: 0.1183  data_time: 0.0013  memory: 708  grad_norm: 4.0234  loss: 0.6577  loss_cls: 0.0096  loss_bbox: 0.0946  loss_centerness: 0.5534
2026/03/11 03:23:00 - mmengine - INFO - Epoch(train)  [32][ 350/1154]  base_lr: 1.2500e-03 lr: 1.2500e-03  eta: 2:39:08  time: 0.1174  data_time: 0.0013  memory: 708  grad_norm: 4.0479  loss: 0.6529  loss_cls: 0.0082  loss_bbox: 0.0899  loss_centerness: 0.5548
2026/03/11 03:23:06 - mmengine - INFO - Epoch(train)  [32][ 400/1154]  base_lr: 1.2500e-03 lr: 1.2500e-03  eta: 2:39:02  time: 0.1178  data_time: 0.0013  memory: 708  grad_norm: 4.1428  loss: 0.6444  loss_cls: 0.0078  loss_bbox: 0.0896  loss_centerness: 0.5470
2026/03/11 03:23:12 - mmengine - INFO - Epoch(train)  [32][ 450/1154]  base_lr: 1.2500e-03 lr: 1.2500e-03  eta: 2:38:55  time: 0.1179  data_time: 0.0013  memory: 708  grad_norm: 3.9531  loss: 0.6557  loss_cls: 0.0123  loss_bbox: 0.0920  loss_centerness: 0.5514
2026/03/11 03:23:18 - mmengine - INFO - Epoch(train)  [32][ 500/1154]  base_lr: 1.2500e-03 lr: 1.2500e-03  eta: 2:38:49  time: 0.1178  data_time: 0.0013  memory: 708  grad_norm: 4.3644  loss: 0.6664  loss_cls: 0.0134  loss_bbox: 0.0980  loss_centerness: 0.5550
2026/03/11 03:23:24 - mmengine - INFO - Epoch(train)  [32][ 550/1154]  base_lr: 1.2500e-03 lr: 1.2500e-03  eta: 2:38:43  time: 0.1180  data_time: 0.0014  memory: 708  grad_norm: 4.3665  loss: 0.6638  loss_cls: 0.0098  loss_bbox: 0.1036  loss_centerness: 0.5503
2026/03/11 03:23:29 - mmengine - INFO - Epoch(train)  [32][ 600/1154]  base_lr: 1.2500e-03 lr: 1.2500e-03  eta: 2:38:35  time: 0.1003  data_time: 0.0013  memory: 708  grad_norm: 4.0394  loss: 0.6577  loss_cls: 0.0126  loss_bbox: 0.0883  loss_centerness: 0.5569
2026/03/11 03:23:33 - mmengine - INFO - Epoch(train)  [32][ 650/1154]  base_lr: 1.2500e-03 lr: 1.2500e-03  eta: 2:38:26  time: 0.0944  data_time: 0.0013  memory: 708  grad_norm: 4.2449  loss: 0.6524  loss_cls: 0.0159  loss_bbox: 0.0839  loss_centerness: 0.5526
2026/03/11 03:23:38 - mmengine - INFO - Epoch(train)  [32][ 700/1154]  base_lr: 1.2500e-03 lr: 1.2500e-03  eta: 2:38:17  time: 0.0987  data_time: 0.0013  memory: 708  grad_norm: 4.3758  loss: 0.6644  loss_cls: 0.0135  loss_bbox: 0.0964  loss_centerness: 0.5545
2026/03/11 03:23:43 - mmengine - INFO - Epoch(train)  [32][ 750/1154]  base_lr: 1.2500e-03 lr: 1.2500e-03  eta: 2:38:09  time: 0.0983  data_time: 0.0013  memory: 708  grad_norm: 4.3243  loss: 0.6717  loss_cls: 0.0103  loss_bbox: 0.0998  loss_centerness: 0.5616
2026/03/11 03:23:47 - mmengine - INFO - Epoch(train)  [32][ 800/1154]  base_lr: 1.2500e-03 lr: 1.2500e-03  eta: 2:37:59  time: 0.0817  data_time: 0.0012  memory: 708  grad_norm: 4.8545  loss: 0.6599  loss_cls: 0.0191  loss_bbox: 0.0936  loss_centerness: 0.5472
2026/03/11 03:23:53 - mmengine - INFO - Epoch(train)  [32][ 850/1154]  base_lr: 1.2500e-03 lr: 1.2500e-03  eta: 2:37:53  time: 0.1187  data_time: 0.0014  memory: 708  grad_norm: 4.3348  loss: 0.6629  loss_cls: 0.0175  loss_bbox: 0.0919  loss_centerness: 0.5535
2026/03/11 03:23:59 - mmengine - INFO - Epoch(train)  [32][ 900/1154]  base_lr: 1.2500e-03 lr: 1.2500e-03  eta: 2:37:46  time: 0.1183  data_time: 0.0015  memory: 708  grad_norm: 4.4173  loss: 0.6505  loss_cls: 0.0168  loss_bbox: 0.0835  loss_centerness: 0.5501
2026/03/11 03:24:05 - mmengine - INFO - Epoch(train)  [32][ 950/1154]  base_lr: 1.2500e-03 lr: 1.2500e-03  eta: 2:37:40  time: 0.1181  data_time: 0.0013  memory: 708  grad_norm: 3.8913  loss: 0.6411  loss_cls: 0.0136  loss_bbox: 0.0837  loss_centerness: 0.5438
2026/03/11 03:24:11 - mmengine - INFO - Epoch(train)  [32][1000/1154]  base_lr: 1.2500e-03 lr: 1.2500e-03  eta: 2:37:34  time: 0.1175  data_time: 0.0013  memory: 708  grad_norm: 4.5013  loss: 0.6594  loss_cls: 0.0155  loss_bbox: 0.0903  loss_centerness: 0.5536
2026/03/11 03:24:17 - mmengine - INFO - Epoch(train)  [32][1050/1154]  base_lr: 1.2500e-03 lr: 1.2500e-03  eta: 2:37:28  time: 0.1181  data_time: 0.0013  memory: 708  grad_norm: 3.9164  loss: 0.6572  loss_cls: 0.0163  loss_bbox: 0.0877  loss_centerness: 0.5532
2026/03/11 03:24:23 - mmengine - INFO - Epoch(train)  [32][1100/1154]  base_lr: 1.2500e-03 lr: 1.2500e-03  eta: 2:37:21  time: 0.1177  data_time: 0.0012  memory: 708  grad_norm: 3.6267  loss: 0.6386  loss_cls: 0.0093  loss_bbox: 0.0779  loss_centerness: 0.5515
2026/03/11 03:24:29 - mmengine - INFO - Epoch(train)  [32][1150/1154]  base_lr: 1.2500e-03 lr: 1.2500e-03  eta: 2:37:15  time: 0.1183  data_time: 0.0014  memory: 708  grad_norm: 4.5338  loss: 0.6643  loss_cls: 0.0092  loss_bbox: 0.0949  loss_centerness: 0.5601
2026/03/11 03:24:29 - mmengine - INFO - Exp name: fcos_minecraft_20260311_015948
2026/03/11 03:24:29 - mmengine - INFO - Saving checkpoint at 32 epochs
2026/03/11 03:24:34 - mmengine - INFO - Epoch(val)  [32][ 50/422]    eta: 0:00:13  time: 0.0372  data_time: 0.0009  memory: 708  
2026/03/11 03:24:36 - mmengine - INFO - Epoch(val)  [32][100/422]    eta: 0:00:12  time: 0.0377  data_time: 0.0006  memory: 403  
2026/03/11 03:24:38 - mmengine - INFO - Epoch(val)  [32][150/422]    eta: 0:00:10  time: 0.0377  data_time: 0.0007  memory: 403  
2026/03/11 03:24:40 - mmengine - INFO - Epoch(val)  [32][200/422]    eta: 0:00:08  time: 0.0375  data_time: 0.0006  memory: 403  
2026/03/11 03:24:41 - mmengine - INFO - Epoch(val)  [32][250/422]    eta: 0:00:06  time: 0.0384  data_time: 0.0006  memory: 403  
2026/03/11 03:24:43 - mmengine - INFO - Epoch(val)  [32][300/422]    eta: 0:00:04  time: 0.0379  data_time: 0.0007  memory: 403  
2026/03/11 03:24:45 - mmengine - INFO - Epoch(val)  [32][350/422]    eta: 0:00:02  time: 0.0362  data_time: 0.0005  memory: 403  
2026/03/11 03:24:47 - mmengine - INFO - Epoch(val)  [32][400/422]    eta: 0:00:00  time: 0.0381  data_time: 0.0006  memory: 403  
2026/03/11 03:24:48 - mmengine - INFO - Evaluating bbox...
2026/03/11 03:24:49 - mmengine - INFO - bbox_mAP_copypaste: 0.304 0.431 0.365 0.012 0.177 0.466
2026/03/11 03:24:49 - mmengine - INFO - Epoch(val) [32][422/422]    coco/bbox_mAP: 0.3040  coco/bbox_mAP_50: 0.4310  coco/bbox_mAP_75: 0.3650  coco/bbox_mAP_s: 0.0120  coco/bbox_mAP_m: 0.1770  coco/bbox_mAP_l: 0.4660  data_time: 0.0006  time: 0.0376
2026/03/11 03:24:54 - mmengine - INFO - Epoch(train)  [33][  50/1154]  base_lr: 1.2500e-03 lr: 1.2500e-03  eta: 2:37:08  time: 0.1176  data_time: 0.0013  memory: 708  grad_norm: 4.4999  loss: 0.6667  loss_cls: 0.0110  loss_bbox: 0.0982  loss_centerness: 0.5575
2026/03/11 03:24:57 - mmengine - INFO - Exp name: fcos_minecraft_20260311_015948
2026/03/11 03:25:00 - mmengine - INFO - Epoch(train)  [33][ 100/1154]  base_lr: 1.2500e-03 lr: 1.2500e-03  eta: 2:37:02  time: 0.1182  data_time: 0.0015  memory: 708  grad_norm: 4.7286  loss: 0.6924  loss_cls: 0.0148  loss_bbox: 0.1221  loss_centerness: 0.5555
2026/03/11 03:25:06 - mmengine - INFO - Epoch(train)  [33][ 150/1154]  base_lr: 1.2500e-03 lr: 1.2500e-03  eta: 2:36:56  time: 0.1177  data_time: 0.0013  memory: 708  grad_norm: 4.5035  loss: 0.6580  loss_cls: 0.0103  loss_bbox: 0.0961  loss_centerness: 0.5517
2026/03/11 03:25:12 - mmengine - INFO - Epoch(train)  [33][ 200/1154]  base_lr: 1.2500e-03 lr: 1.2500e-03  eta: 2:36:49  time: 0.1167  data_time: 0.0013  memory: 708  grad_norm: 4.1686  loss: 0.6456  loss_cls: 0.0087  loss_bbox: 0.0856  loss_centerness: 0.5513
2026/03/11 03:25:18 - mmengine - INFO - Epoch(train)  [33][ 250/1154]  base_lr: 1.2500e-03 lr: 1.2500e-03  eta: 2:36:43  time: 0.1181  data_time: 0.0014  memory: 708  grad_norm: 3.9180  loss: 0.6507  loss_cls: 0.0121  loss_bbox: 0.0793  loss_centerness: 0.5592
2026/03/11 03:25:24 - mmengine - INFO - Epoch(train)  [33][ 300/1154]  base_lr: 1.2500e-03 lr: 1.2500e-03  eta: 2:36:37  time: 0.1176  data_time: 0.0013  memory: 708  grad_norm: 4.3950  loss: 0.6505  loss_cls: 0.0098  loss_bbox: 0.0893  loss_centerness: 0.5514
2026/03/11 03:25:30 - mmengine - INFO - Epoch(train)  [33][ 350/1154]  base_lr: 1.2500e-03 lr: 1.2500e-03  eta: 2:36:31  time: 0.1176  data_time: 0.0013  memory: 708  grad_norm: 4.6109  loss: 0.6627  loss_cls: 0.0103  loss_bbox: 0.1047  loss_centerness: 0.5477
2026/03/11 03:25:36 - mmengine - INFO - Epoch(train)  [33][ 400/1154]  base_lr: 1.2500e-03 lr: 1.2500e-03  eta: 2:36:24  time: 0.1176  data_time: 0.0012  memory: 708  grad_norm: 4.4299  loss: 0.6601  loss_cls: 0.0092  loss_bbox: 0.0960  loss_centerness: 0.5549
2026/03/11 03:25:41 - mmengine - INFO - Epoch(train)  [33][ 450/1154]  base_lr: 1.2500e-03 lr: 1.2500e-03  eta: 2:36:18  time: 0.1176  data_time: 0.0013  memory: 708  grad_norm: 4.5078  loss: 0.6784  loss_cls: 0.0123  loss_bbox: 0.1142  loss_centerness: 0.5519
2026/03/11 03:25:47 - mmengine - INFO - Epoch(train)  [33][ 500/1154]  base_lr: 1.2500e-03 lr: 1.2500e-03  eta: 2:36:12  time: 0.1179  data_time: 0.0013  memory: 708  grad_norm: 4.3907  loss: 0.6653  loss_cls: 0.0118  loss_bbox: 0.1004  loss_centerness: 0.5531
2026/03/11 03:25:53 - mmengine - INFO - Epoch(train)  [33][ 550/1154]  base_lr: 1.2500e-03 lr: 1.2500e-03  eta: 2:36:05  time: 0.1170  data_time: 0.0012  memory: 708  grad_norm: 4.2718  loss: 0.6631  loss_cls: 0.0123  loss_bbox: 0.0993  loss_centerness: 0.5516
2026/03/11 03:25:58 - mmengine - INFO - Epoch(train)  [33][ 600/1154]  base_lr: 1.2500e-03 lr: 1.2500e-03  eta: 2:35:57  time: 0.0971  data_time: 0.0013  memory: 708  grad_norm: 3.8030  loss: 0.6498  loss_cls: 0.0102  loss_bbox: 0.0858  loss_centerness: 0.5537
2026/03/11 03:26:03 - mmengine - INFO - Epoch(train)  [33][ 650/1154]  base_lr: 1.2500e-03 lr: 1.2500e-03  eta: 2:35:48  time: 0.0947  data_time: 0.0013  memory: 708  grad_norm: 4.3671  loss: 0.6592  loss_cls: 0.0115  loss_bbox: 0.0945  loss_centerness: 0.5532
2026/03/11 03:26:08 - mmengine - INFO - Epoch(train)  [33][ 700/1154]  base_lr: 1.2500e-03 lr: 1.2500e-03  eta: 2:35:40  time: 0.0989  data_time: 0.0014  memory: 708  grad_norm: 3.8153  loss: 0.6518  loss_cls: 0.0099  loss_bbox: 0.0838  loss_centerness: 0.5581
2026/03/11 03:26:13 - mmengine - INFO - Epoch(train)  [33][ 750/1154]  base_lr: 1.2500e-03 lr: 1.2500e-03  eta: 2:35:32  time: 0.0964  data_time: 0.0013  memory: 708  grad_norm: 4.1268  loss: 0.6455  loss_cls: 0.0114  loss_bbox: 0.0821  loss_centerness: 0.5520
2026/03/11 03:26:17 - mmengine - INFO - Epoch(train)  [33][ 800/1154]  base_lr: 1.2500e-03 lr: 1.2500e-03  eta: 2:35:22  time: 0.0813  data_time: 0.0013  memory: 708  grad_norm: 4.5608  loss: 0.6476  loss_cls: 0.0159  loss_bbox: 0.0850  loss_centerness: 0.5467
2026/03/11 03:26:23 - mmengine - INFO - Epoch(train)  [33][ 850/1154]  base_lr: 1.2500e-03 lr: 1.2500e-03  eta: 2:35:15  time: 0.1180  data_time: 0.0013  memory: 708  grad_norm: 4.4828  loss: 0.6694  loss_cls: 0.0090  loss_bbox: 0.1085  loss_centerness: 0.5519
2026/03/11 03:26:28 - mmengine - INFO - Epoch(train)  [33][ 900/1154]  base_lr: 1.2500e-03 lr: 1.2500e-03  eta: 2:35:09  time: 0.1177  data_time: 0.0015  memory: 708  grad_norm: 4.3850  loss: 0.6734  loss_cls: 0.0109  loss_bbox: 0.1174  loss_centerness: 0.5451
2026/03/11 03:26:34 - mmengine - INFO - Epoch(train)  [33][ 950/1154]  base_lr: 1.2500e-03 lr: 1.2500e-03  eta: 2:35:03  time: 0.1171  data_time: 0.0012  memory: 708  grad_norm: 3.7476  loss: 0.6480  loss_cls: 0.0067  loss_bbox: 0.0855  loss_centerness: 0.5558
2026/03/11 03:26:40 - mmengine - INFO - Epoch(train)  [33][1000/1154]  base_lr: 1.2500e-03 lr: 1.2500e-03  eta: 2:34:57  time: 0.1189  data_time: 0.0014  memory: 708  grad_norm: 3.7236  loss: 0.6421  loss_cls: 0.0076  loss_bbox: 0.0816  loss_centerness: 0.5528
2026/03/11 03:26:46 - mmengine - INFO - Epoch(train)  [33][1050/1154]  base_lr: 1.2500e-03 lr: 1.2500e-03  eta: 2:34:51  time: 0.1178  data_time: 0.0013  memory: 708  grad_norm: 4.6644  loss: 0.6650  loss_cls: 0.0218  loss_bbox: 0.0941  loss_centerness: 0.5491
2026/03/11 03:26:49 - mmengine - INFO - Exp name: fcos_minecraft_20260311_015948
2026/03/11 03:26:52 - mmengine - INFO - Epoch(train)  [33][1100/1154]  base_lr: 1.2500e-03 lr: 1.2500e-03  eta: 2:34:44  time: 0.1182  data_time: 0.0013  memory: 708  grad_norm: 4.3028  loss: 0.6567  loss_cls: 0.0141  loss_bbox: 0.0926  loss_centerness: 0.5500
2026/03/11 03:26:58 - mmengine - INFO - Epoch(train)  [33][1150/1154]  base_lr: 1.2500e-03 lr: 1.2500e-03  eta: 2:34:38  time: 0.1180  data_time: 0.0013  memory: 708  grad_norm: 4.4242  loss: 0.6781  loss_cls: 0.0117  loss_bbox: 0.1148  loss_centerness: 0.5517
2026/03/11 03:26:58 - mmengine - INFO - Exp name: fcos_minecraft_20260311_015948
2026/03/11 03:26:58 - mmengine - INFO - Saving checkpoint at 33 epochs
2026/03/11 03:27:02 - mmengine - INFO - Epoch(val)  [33][ 50/422]    eta: 0:00:13  time: 0.0372  data_time: 0.0007  memory: 708  
2026/03/11 03:27:04 - mmengine - INFO - Epoch(val)  [33][100/422]    eta: 0:00:11  time: 0.0370  data_time: 0.0005  memory: 403  
2026/03/11 03:27:06 - mmengine - INFO - Epoch(val)  [33][150/422]    eta: 0:00:10  time: 0.0384  data_time: 0.0005  memory: 403  
2026/03/11 03:27:08 - mmengine - INFO - Epoch(val)  [33][200/422]    eta: 0:00:08  time: 0.0369  data_time: 0.0007  memory: 403  
2026/03/11 03:27:10 - mmengine - INFO - Epoch(val)  [33][250/422]    eta: 0:00:06  time: 0.0378  data_time: 0.0007  memory: 403  
2026/03/11 03:27:12 - mmengine - INFO - Epoch(val)  [33][300/422]    eta: 0:00:04  time: 0.0382  data_time: 0.0006  memory: 403  
2026/03/11 03:27:13 - mmengine - INFO - Epoch(val)  [33][350/422]    eta: 0:00:02  time: 0.0370  data_time: 0.0005  memory: 403  
2026/03/11 03:27:15 - mmengine - INFO - Epoch(val)  [33][400/422]    eta: 0:00:00  time: 0.0372  data_time: 0.0007  memory: 403  
2026/03/11 03:27:16 - mmengine - INFO - Evaluating bbox...
2026/03/11 03:27:17 - mmengine - INFO - bbox_mAP_copypaste: 0.267 0.430 0.290 0.012 0.150 0.397
2026/03/11 03:27:17 - mmengine - INFO - Epoch(val) [33][422/422]    coco/bbox_mAP: 0.2670  coco/bbox_mAP_50: 0.4300  coco/bbox_mAP_75: 0.2900  coco/bbox_mAP_s: 0.0120  coco/bbox_mAP_m: 0.1500  coco/bbox_mAP_l: 0.3970  data_time: 0.0006  time: 0.0375
2026/03/11 03:27:23 - mmengine - INFO - Epoch(train)  [34][  50/1154]  base_lr: 1.2500e-03 lr: 1.2500e-03  eta: 2:34:32  time: 0.1188  data_time: 0.0018  memory: 708  grad_norm: 3.7575  loss: 0.6468  loss_cls: 0.0102  loss_bbox: 0.0809  loss_centerness: 0.5558
2026/03/11 03:27:29 - mmengine - INFO - Epoch(train)  [34][ 100/1154]  base_lr: 1.2500e-03 lr: 1.2500e-03  eta: 2:34:25  time: 0.1178  data_time: 0.0015  memory: 708  grad_norm: 4.0562  loss: 0.6491  loss_cls: 0.0106  loss_bbox: 0.0846  loss_centerness: 0.5539
2026/03/11 03:27:34 - mmengine - INFO - Epoch(train)  [34][ 150/1154]  base_lr: 1.2500e-03 lr: 1.2500e-03  eta: 2:34:19  time: 0.1184  data_time: 0.0014  memory: 708  grad_norm: 4.5030  loss: 0.6772  loss_cls: 0.0107  loss_bbox: 0.1114  loss_centerness: 0.5551
2026/03/11 03:27:40 - mmengine - INFO - Epoch(train)  [34][ 200/1154]  base_lr: 1.2500e-03 lr: 1.2500e-03  eta: 2:34:13  time: 0.1173  data_time: 0.0014  memory: 708  grad_norm: 3.9905  loss: 0.6652  loss_cls: 0.0104  loss_bbox: 0.1013  loss_centerness: 0.5535
2026/03/11 03:27:46 - mmengine - INFO - Epoch(train)  [34][ 250/1154]  base_lr: 1.2500e-03 lr: 1.2500e-03  eta: 2:34:07  time: 0.1186  data_time: 0.0014  memory: 708  grad_norm: 4.2882  loss: 0.6648  loss_cls: 0.0096  loss_bbox: 0.0979  loss_centerness: 0.5572
2026/03/11 03:27:52 - mmengine - INFO - Epoch(train)  [34][ 300/1154]  base_lr: 1.2500e-03 lr: 1.2500e-03  eta: 2:34:01  time: 0.1181  data_time: 0.0014  memory: 708  grad_norm: 3.8543  loss: 0.6544  loss_cls: 0.0126  loss_bbox: 0.0891  loss_centerness: 0.5528
2026/03/11 03:27:58 - mmengine - INFO - Epoch(train)  [34][ 350/1154]  base_lr: 1.2500e-03 lr: 1.2500e-03  eta: 2:33:54  time: 0.1179  data_time: 0.0013  memory: 708  grad_norm: 4.6241  loss: 0.6556  loss_cls: 0.0145  loss_bbox: 0.0885  loss_centerness: 0.5526
2026/03/11 03:28:04 - mmengine - INFO - Epoch(train)  [34][ 400/1154]  base_lr: 1.2500e-03 lr: 1.2500e-03  eta: 2:33:48  time: 0.1169  data_time: 0.0013  memory: 708  grad_norm: 3.9527  loss: 0.6591  loss_cls: 0.0103  loss_bbox: 0.0942  loss_centerness: 0.5546
2026/03/11 03:28:10 - mmengine - INFO - Epoch(train)  [34][ 450/1154]  base_lr: 1.2500e-03 lr: 1.2500e-03  eta: 2:33:42  time: 0.1177  data_time: 0.0014  memory: 708  grad_norm: 3.9010  loss: 0.6538  loss_cls: 0.0121  loss_bbox: 0.0863  loss_centerness: 0.5555
2026/03/11 03:28:16 - mmengine - INFO - Epoch(train)  [34][ 500/1154]  base_lr: 1.2500e-03 lr: 1.2500e-03  eta: 2:33:36  time: 0.1176  data_time: 0.0013  memory: 708  grad_norm: 3.9358  loss: 0.6501  loss_cls: 0.0079  loss_bbox: 0.0866  loss_centerness: 0.5555
2026/03/11 03:28:22 - mmengine - INFO - Epoch(train)  [34][ 550/1154]  base_lr: 1.2500e-03 lr: 1.2500e-03  eta: 2:33:29  time: 0.1169  data_time: 0.0013  memory: 708  grad_norm: 4.1468  loss: 0.6565  loss_cls: 0.0119  loss_bbox: 0.0912  loss_centerness: 0.5534
2026/03/11 03:28:27 - mmengine - INFO - Epoch(train)  [34][ 600/1154]  base_lr: 1.2500e-03 lr: 1.2500e-03  eta: 2:33:23  time: 0.1161  data_time: 0.0013  memory: 708  grad_norm: 4.7699  loss: 0.6622  loss_cls: 0.0095  loss_bbox: 0.1105  loss_centerness: 0.5422
2026/03/11 03:28:32 - mmengine - INFO - Epoch(train)  [34][ 650/1154]  base_lr: 1.2500e-03 lr: 1.2500e-03  eta: 2:33:13  time: 0.0831  data_time: 0.0014  memory: 708  grad_norm: 4.0848  loss: 0.6563  loss_cls: 0.0116  loss_bbox: 0.0926  loss_centerness: 0.5521
2026/03/11 03:28:36 - mmengine - INFO - Epoch(train)  [34][ 700/1154]  base_lr: 1.2500e-03 lr: 1.2500e-03  eta: 2:33:05  time: 0.0978  data_time: 0.0013  memory: 708  grad_norm: 4.4536  loss: 0.6582  loss_cls: 0.0116  loss_bbox: 0.0973  loss_centerness: 0.5494
2026/03/11 03:28:41 - mmengine - INFO - Epoch(train)  [34][ 750/1154]  base_lr: 1.2500e-03 lr: 1.2500e-03  eta: 2:32:57  time: 0.0970  data_time: 0.0014  memory: 708  grad_norm: 4.0972  loss: 0.6623  loss_cls: 0.0138  loss_bbox: 0.0966  loss_centerness: 0.5519
2026/03/11 03:28:46 - mmengine - INFO - Epoch(train)  [34][ 800/1154]  base_lr: 1.2500e-03 lr: 1.2500e-03  eta: 2:32:48  time: 0.0896  data_time: 0.0012  memory: 708  grad_norm: 4.7812  loss: 0.6732  loss_cls: 0.0155  loss_bbox: 0.1016  loss_centerness: 0.5562
2026/03/11 03:28:51 - mmengine - INFO - Epoch(train)  [34][ 850/1154]  base_lr: 1.2500e-03 lr: 1.2500e-03  eta: 2:32:40  time: 0.1018  data_time: 0.0013  memory: 708  grad_norm: 4.7579  loss: 0.6552  loss_cls: 0.0165  loss_bbox: 0.0888  loss_centerness: 0.5499
2026/03/11 03:28:57 - mmengine - INFO - Epoch(train)  [34][ 900/1154]  base_lr: 1.2500e-03 lr: 1.2500e-03  eta: 2:32:34  time: 0.1181  data_time: 0.0013  memory: 708  grad_norm: 4.3504  loss: 0.6583  loss_cls: 0.0137  loss_bbox: 0.0912  loss_centerness: 0.5535
2026/03/11 03:28:59 - mmengine - INFO - Exp name: fcos_minecraft_20260311_015948
2026/03/11 03:29:03 - mmengine - INFO - Epoch(train)  [34][ 950/1154]  base_lr: 1.2500e-03 lr: 1.2500e-03  eta: 2:32:28  time: 0.1171  data_time: 0.0014  memory: 708  grad_norm: 3.8297  loss: 0.6612  loss_cls: 0.0084  loss_bbox: 0.0916  loss_centerness: 0.5612
2026/03/11 03:29:09 - mmengine - INFO - Epoch(train)  [34][1000/1154]  base_lr: 1.2500e-03 lr: 1.2500e-03  eta: 2:32:22  time: 0.1184  data_time: 0.0014  memory: 708  grad_norm: 4.0141  loss: 0.6448  loss_cls: 0.0125  loss_bbox: 0.0861  loss_centerness: 0.5463
2026/03/11 03:29:14 - mmengine - INFO - Epoch(train)  [34][1050/1154]  base_lr: 1.2500e-03 lr: 1.2500e-03  eta: 2:32:15  time: 0.1185  data_time: 0.0014  memory: 708  grad_norm: 4.4895  loss: 0.6670  loss_cls: 0.0090  loss_bbox: 0.1064  loss_centerness: 0.5517
2026/03/11 03:29:20 - mmengine - INFO - Epoch(train)  [34][1100/1154]  base_lr: 1.2500e-03 lr: 1.2500e-03  eta: 2:32:09  time: 0.1181  data_time: 0.0014  memory: 708  grad_norm: 4.1244  loss: 0.6644  loss_cls: 0.0091  loss_bbox: 0.0941  loss_centerness: 0.5612
2026/03/11 03:29:26 - mmengine - INFO - Epoch(train)  [34][1150/1154]  base_lr: 1.2500e-03 lr: 1.2500e-03  eta: 2:32:03  time: 0.1178  data_time: 0.0014  memory: 708  grad_norm: 4.3982  loss: 0.6552  loss_cls: 0.0090  loss_bbox: 0.0980  loss_centerness: 0.5482
2026/03/11 03:29:27 - mmengine - INFO - Exp name: fcos_minecraft_20260311_015948
2026/03/11 03:29:27 - mmengine - INFO - Saving checkpoint at 34 epochs
2026/03/11 03:29:30 - mmengine - INFO - Epoch(val)  [34][ 50/422]    eta: 0:00:13  time: 0.0373  data_time: 0.0009  memory: 708  
2026/03/11 03:29:32 - mmengine - INFO - Epoch(val)  [34][100/422]    eta: 0:00:11  time: 0.0367  data_time: 0.0005  memory: 403  
2026/03/11 03:29:34 - mmengine - INFO - Epoch(val)  [34][150/422]    eta: 0:00:10  time: 0.0380  data_time: 0.0007  memory: 403  
2026/03/11 03:29:36 - mmengine - INFO - Epoch(val)  [34][200/422]    eta: 0:00:08  time: 0.0371  data_time: 0.0005  memory: 403  
2026/03/11 03:29:38 - mmengine - INFO - Epoch(val)  [34][250/422]    eta: 0:00:06  time: 0.0380  data_time: 0.0006  memory: 403  
2026/03/11 03:29:40 - mmengine - INFO - Epoch(val)  [34][300/422]    eta: 0:00:04  time: 0.0380  data_time: 0.0006  memory: 403  
2026/03/11 03:29:41 - mmengine - INFO - Epoch(val)  [34][350/422]    eta: 0:00:02  time: 0.0384  data_time: 0.0005  memory: 403  
2026/03/11 03:29:43 - mmengine - INFO - Epoch(val)  [34][400/422]    eta: 0:00:00  time: 0.0374  data_time: 0.0007  memory: 403  
2026/03/11 03:29:44 - mmengine - INFO - Evaluating bbox...
2026/03/11 03:29:45 - mmengine - INFO - bbox_mAP_copypaste: 0.303 0.494 0.355 0.023 0.170 0.449
2026/03/11 03:29:45 - mmengine - INFO - Epoch(val) [34][422/422]    coco/bbox_mAP: 0.3030  coco/bbox_mAP_50: 0.4940  coco/bbox_mAP_75: 0.3550  coco/bbox_mAP_s: 0.0230  coco/bbox_mAP_m: 0.1700  coco/bbox_mAP_l: 0.4490  data_time: 0.0006  time: 0.0376
2026/03/11 03:29:51 - mmengine - INFO - Epoch(train)  [35][  50/1154]  base_lr: 1.2500e-03 lr: 1.2500e-03  eta: 2:31:56  time: 0.1186  data_time: 0.0017  memory: 708  grad_norm: 4.0636  loss: 0.6482  loss_cls: 0.0160  loss_bbox: 0.0846  loss_centerness: 0.5476
2026/03/11 03:29:57 - mmengine - INFO - Epoch(train)  [35][ 100/1154]  base_lr: 1.2500e-03 lr: 1.2500e-03  eta: 2:31:50  time: 0.1180  data_time: 0.0012  memory: 708  grad_norm: 3.9241  loss: 0.6525  loss_cls: 0.0078  loss_bbox: 0.0880  loss_centerness: 0.5567
2026/03/11 03:30:02 - mmengine - INFO - Epoch(train)  [35][ 150/1154]  base_lr: 1.2500e-03 lr: 1.2500e-03  eta: 2:31:44  time: 0.1180  data_time: 0.0013  memory: 708  grad_norm: 3.9859  loss: 0.6479  loss_cls: 0.0068  loss_bbox: 0.0837  loss_centerness: 0.5574
2026/03/11 03:30:08 - mmengine - INFO - Epoch(train)  [35][ 200/1154]  base_lr: 1.2500e-03 lr: 1.2500e-03  eta: 2:31:38  time: 0.1189  data_time: 0.0015  memory: 708  grad_norm: 4.1627  loss: 0.6688  loss_cls: 0.0130  loss_bbox: 0.1043  loss_centerness: 0.5515
2026/03/11 03:30:14 - mmengine - INFO - Epoch(train)  [35][ 250/1154]  base_lr: 1.2500e-03 lr: 1.2500e-03  eta: 2:31:32  time: 0.1177  data_time: 0.0013  memory: 708  grad_norm: 4.2643  loss: 0.6484  loss_cls: 0.0068  loss_bbox: 0.0900  loss_centerness: 0.5516
2026/03/11 03:30:20 - mmengine - INFO - Epoch(train)  [35][ 300/1154]  base_lr: 1.2500e-03 lr: 1.2500e-03  eta: 2:31:26  time: 0.1190  data_time: 0.0015  memory: 708  grad_norm: 3.6873  loss: 0.6398  loss_cls: 0.0061  loss_bbox: 0.0790  loss_centerness: 0.5546
2026/03/11 03:30:26 - mmengine - INFO - Epoch(train)  [35][ 350/1154]  base_lr: 1.2500e-03 lr: 1.2500e-03  eta: 2:31:20  time: 0.1175  data_time: 0.0013  memory: 708  grad_norm: 4.2413  loss: 0.6580  loss_cls: 0.0074  loss_bbox: 0.0988  loss_centerness: 0.5519
2026/03/11 03:30:32 - mmengine - INFO - Epoch(train)  [35][ 400/1154]  base_lr: 1.2500e-03 lr: 1.2500e-03  eta: 2:31:13  time: 0.1183  data_time: 0.0012  memory: 708  grad_norm: 4.1921  loss: 0.6489  loss_cls: 0.0078  loss_bbox: 0.0944  loss_centerness: 0.5467
2026/03/11 03:30:38 - mmengine - INFO - Epoch(train)  [35][ 450/1154]  base_lr: 1.2500e-03 lr: 1.2500e-03  eta: 2:31:07  time: 0.1180  data_time: 0.0013  memory: 708  grad_norm: 3.9804  loss: 0.6553  loss_cls: 0.0085  loss_bbox: 0.0962  loss_centerness: 0.5506
2026/03/11 03:30:44 - mmengine - INFO - Epoch(train)  [35][ 500/1154]  base_lr: 1.2500e-03 lr: 1.2500e-03  eta: 2:31:01  time: 0.1182  data_time: 0.0013  memory: 708  grad_norm: 4.2075  loss: 0.6707  loss_cls: 0.0083  loss_bbox: 0.1009  loss_centerness: 0.5615
2026/03/11 03:30:50 - mmengine - INFO - Epoch(train)  [35][ 550/1154]  base_lr: 1.2500e-03 lr: 1.2500e-03  eta: 2:30:55  time: 0.1175  data_time: 0.0013  memory: 708  grad_norm: 4.5292  loss: 0.6638  loss_cls: 0.0116  loss_bbox: 0.1027  loss_centerness: 0.5495
2026/03/11 03:30:56 - mmengine - INFO - Epoch(train)  [35][ 600/1154]  base_lr: 1.2500e-03 lr: 1.2500e-03  eta: 2:30:49  time: 0.1192  data_time: 0.0015  memory: 708  grad_norm: 4.1665  loss: 0.6440  loss_cls: 0.0095  loss_bbox: 0.0855  loss_centerness: 0.5489
2026/03/11 03:31:00 - mmengine - INFO - Epoch(train)  [35][ 650/1154]  base_lr: 1.2500e-03 lr: 1.2500e-03  eta: 2:30:40  time: 0.0900  data_time: 0.0015  memory: 708  grad_norm: 3.9958  loss: 0.6497  loss_cls: 0.0095  loss_bbox: 0.0852  loss_centerness: 0.5550
2026/03/11 03:31:05 - mmengine - INFO - Epoch(train)  [35][ 700/1154]  base_lr: 1.2500e-03 lr: 1.2500e-03  eta: 2:30:32  time: 0.0977  data_time: 0.0013  memory: 708  grad_norm: 5.0716  loss: 0.6651  loss_cls: 0.0235  loss_bbox: 0.0857  loss_centerness: 0.5559
2026/03/11 03:31:10 - mmengine - INFO - Epoch(train)  [35][ 750/1154]  base_lr: 1.2500e-03 lr: 1.2500e-03  eta: 2:30:24  time: 0.0964  data_time: 0.0013  memory: 708  grad_norm: 4.2490  loss: 0.6666  loss_cls: 0.0231  loss_bbox: 0.0928  loss_centerness: 0.5508
2026/03/11 03:31:11 - mmengine - INFO - Exp name: fcos_minecraft_20260311_015948
2026/03/11 03:31:15 - mmengine - INFO - Epoch(train)  [35][ 800/1154]  base_lr: 1.2500e-03 lr: 1.2500e-03  eta: 2:30:16  time: 0.0990  data_time: 0.0015  memory: 708  grad_norm: 3.8754  loss: 0.6577  loss_cls: 0.0127  loss_bbox: 0.0897  loss_centerness: 0.5552
2026/03/11 03:31:19 - mmengine - INFO - Epoch(train)  [35][ 850/1154]  base_lr: 1.2500e-03 lr: 1.2500e-03  eta: 2:30:06  time: 0.0810  data_time: 0.0012  memory: 708  grad_norm: 3.7788  loss: 0.6505  loss_cls: 0.0116  loss_bbox: 0.0868  loss_centerness: 0.5521
2026/03/11 03:31:25 - mmengine - INFO - Epoch(train)  [35][ 900/1154]  base_lr: 1.2500e-03 lr: 1.2500e-03  eta: 2:30:00  time: 0.1182  data_time: 0.0013  memory: 708  grad_norm: 4.3259  loss: 0.6559  loss_cls: 0.0132  loss_bbox: 0.0877  loss_centerness: 0.5550
2026/03/11 03:31:31 - mmengine - INFO - Epoch(train)  [35][ 950/1154]  base_lr: 1.2500e-03 lr: 1.2500e-03  eta: 2:29:54  time: 0.1172  data_time: 0.0013  memory: 708  grad_norm: 3.9720  loss: 0.6366  loss_cls: 0.0094  loss_bbox: 0.0751  loss_centerness: 0.5521
2026/03/11 03:31:37 - mmengine - INFO - Epoch(train)  [35][1000/1154]  base_lr: 1.2500e-03 lr: 1.2500e-03  eta: 2:29:48  time: 0.1189  data_time: 0.0013  memory: 708  grad_norm: 4.4348  loss: 0.6739  loss_cls: 0.0127  loss_bbox: 0.1039  loss_centerness: 0.5573
2026/03/11 03:31:43 - mmengine - INFO - Epoch(train)  [35][1050/1154]  base_lr: 1.2500e-03 lr: 1.2500e-03  eta: 2:29:42  time: 0.1184  data_time: 0.0014  memory: 708  grad_norm: 4.7506  loss: 0.6664  loss_cls: 0.0119  loss_bbox: 0.1081  loss_centerness: 0.5463
2026/03/11 03:31:48 - mmengine - INFO - Epoch(train)  [35][1100/1154]  base_lr: 1.2500e-03 lr: 1.2500e-03  eta: 2:29:36  time: 0.1185  data_time: 0.0014  memory: 708  grad_norm: 4.0691  loss: 0.6650  loss_cls: 0.0090  loss_bbox: 0.0957  loss_centerness: 0.5603
2026/03/11 03:31:54 - mmengine - INFO - Epoch(train)  [35][1150/1154]  base_lr: 1.2500e-03 lr: 1.2500e-03  eta: 2:29:30  time: 0.1181  data_time: 0.0013  memory: 708  grad_norm: 4.3010  loss: 0.6580  loss_cls: 0.0119  loss_bbox: 0.0930  loss_centerness: 0.5530
2026/03/11 03:31:55 - mmengine - INFO - Exp name: fcos_minecraft_20260311_015948
2026/03/11 03:31:55 - mmengine - INFO - Saving checkpoint at 35 epochs
2026/03/11 03:31:58 - mmengine - INFO - Epoch(val)  [35][ 50/422]    eta: 0:00:13  time: 0.0375  data_time: 0.0008  memory: 708  
2026/03/11 03:32:00 - mmengine - INFO - Epoch(val)  [35][100/422]    eta: 0:00:11  time: 0.0367  data_time: 0.0006  memory: 403  
2026/03/11 03:32:02 - mmengine - INFO - Epoch(val)  [35][150/422]    eta: 0:00:10  time: 0.0374  data_time: 0.0006  memory: 403  
2026/03/11 03:32:04 - mmengine - INFO - Epoch(val)  [35][200/422]    eta: 0:00:08  time: 0.0366  data_time: 0.0006  memory: 403  
2026/03/11 03:32:06 - mmengine - INFO - Epoch(val)  [35][250/422]    eta: 0:00:06  time: 0.0364  data_time: 0.0006  memory: 403  
2026/03/11 03:32:08 - mmengine - INFO - Epoch(val)  [35][300/422]    eta: 0:00:04  time: 0.0385  data_time: 0.0006  memory: 403  
2026/03/11 03:32:09 - mmengine - INFO - Epoch(val)  [35][350/422]    eta: 0:00:02  time: 0.0366  data_time: 0.0006  memory: 403  
2026/03/11 03:32:11 - mmengine - INFO - Epoch(val)  [35][400/422]    eta: 0:00:00  time: 0.0364  data_time: 0.0005  memory: 403  
2026/03/11 03:32:12 - mmengine - INFO - Evaluating bbox...
2026/03/11 03:32:13 - mmengine - INFO - bbox_mAP_copypaste: 0.285 0.419 0.351 0.014 0.194 0.414
2026/03/11 03:32:13 - mmengine - INFO - Epoch(val) [35][422/422]    coco/bbox_mAP: 0.2850  coco/bbox_mAP_50: 0.4190  coco/bbox_mAP_75: 0.3510  coco/bbox_mAP_s: 0.0140  coco/bbox_mAP_m: 0.1940  coco/bbox_mAP_l: 0.4140  data_time: 0.0006  time: 0.0371
2026/03/11 03:32:19 - mmengine - INFO - Epoch(train)  [36][  50/1154]  base_lr: 1.2500e-03 lr: 1.2500e-03  eta: 2:29:23  time: 0.1179  data_time: 0.0015  memory: 708  grad_norm: 3.9456  loss: 0.6463  loss_cls: 0.0068  loss_bbox: 0.0886  loss_centerness: 0.5509
2026/03/11 03:32:24 - mmengine - INFO - Epoch(train)  [36][ 100/1154]  base_lr: 1.2500e-03 lr: 1.2500e-03  eta: 2:29:17  time: 0.1176  data_time: 0.0012  memory: 708  grad_norm: 4.2952  loss: 0.6532  loss_cls: 0.0083  loss_bbox: 0.0921  loss_centerness: 0.5528
2026/03/11 03:32:30 - mmengine - INFO - Epoch(train)  [36][ 150/1154]  base_lr: 1.2500e-03 lr: 1.2500e-03  eta: 2:29:11  time: 0.1177  data_time: 0.0013  memory: 708  grad_norm: 4.0827  loss: 0.6494  loss_cls: 0.0094  loss_bbox: 0.0891  loss_centerness: 0.5509
2026/03/11 03:32:36 - mmengine - INFO - Epoch(train)  [36][ 200/1154]  base_lr: 1.2500e-03 lr: 1.2500e-03  eta: 2:29:04  time: 0.1175  data_time: 0.0013  memory: 708  grad_norm: 4.5240  loss: 0.6765  loss_cls: 0.0140  loss_bbox: 0.1172  loss_centerness: 0.5453
2026/03/11 03:32:42 - mmengine - INFO - Epoch(train)  [36][ 250/1154]  base_lr: 1.2500e-03 lr: 1.2500e-03  eta: 2:28:58  time: 0.1178  data_time: 0.0013  memory: 708  grad_norm: 3.8482  loss: 0.6339  loss_cls: 0.0083  loss_bbox: 0.0803  loss_centerness: 0.5453
2026/03/11 03:32:48 - mmengine - INFO - Epoch(train)  [36][ 300/1154]  base_lr: 1.2500e-03 lr: 1.2500e-03  eta: 2:28:52  time: 0.1173  data_time: 0.0013  memory: 708  grad_norm: 3.7754  loss: 0.6460  loss_cls: 0.0096  loss_bbox: 0.0817  loss_centerness: 0.5547
2026/03/11 03:32:54 - mmengine - INFO - Epoch(train)  [36][ 350/1154]  base_lr: 1.2500e-03 lr: 1.2500e-03  eta: 2:28:46  time: 0.1186  data_time: 0.0014  memory: 708  grad_norm: 4.0295  loss: 0.6414  loss_cls: 0.0107  loss_bbox: 0.0812  loss_centerness: 0.5494
2026/03/11 03:33:00 - mmengine - INFO - Epoch(train)  [36][ 400/1154]  base_lr: 1.2500e-03 lr: 1.2500e-03  eta: 2:28:40  time: 0.1184  data_time: 0.0013  memory: 708  grad_norm: 4.3691  loss: 0.6624  loss_cls: 0.0151  loss_bbox: 0.0908  loss_centerness: 0.5565
2026/03/11 03:33:06 - mmengine - INFO - Epoch(train)  [36][ 450/1154]  base_lr: 1.2500e-03 lr: 1.2500e-03  eta: 2:28:34  time: 0.1179  data_time: 0.0013  memory: 708  grad_norm: 3.7917  loss: 0.6405  loss_cls: 0.0070  loss_bbox: 0.0745  loss_centerness: 0.5591
2026/03/11 03:33:12 - mmengine - INFO - Epoch(train)  [36][ 500/1154]  base_lr: 1.2500e-03 lr: 1.2500e-03  eta: 2:28:28  time: 0.1180  data_time: 0.0014  memory: 708  grad_norm: 3.8540  loss: 0.6522  loss_cls: 0.0107  loss_bbox: 0.0852  loss_centerness: 0.5563
2026/03/11 03:33:17 - mmengine - INFO - Epoch(train)  [36][ 550/1154]  base_lr: 1.2500e-03 lr: 1.2500e-03  eta: 2:28:22  time: 0.1178  data_time: 0.0015  memory: 708  grad_norm: 4.9155  loss: 0.6602  loss_cls: 0.0163  loss_bbox: 0.0969  loss_centerness: 0.5470
2026/03/11 03:33:23 - mmengine - INFO - Epoch(train)  [36][ 600/1154]  base_lr: 1.2500e-03 lr: 1.2500e-03  eta: 2:28:15  time: 0.1168  data_time: 0.0013  memory: 708  grad_norm: 4.0523  loss: 0.6514  loss_cls: 0.0061  loss_bbox: 0.0890  loss_centerness: 0.5563
2026/03/11 03:33:25 - mmengine - INFO - Exp name: fcos_minecraft_20260311_015948
2026/03/11 03:33:29 - mmengine - INFO - Epoch(train)  [36][ 650/1154]  base_lr: 1.2500e-03 lr: 1.2500e-03  eta: 2:28:09  time: 0.1189  data_time: 0.0014  memory: 708  grad_norm: 3.9520  loss: 0.6405  loss_cls: 0.0048  loss_bbox: 0.0851  loss_centerness: 0.5506
2026/03/11 03:33:32 - mmengine - INFO - Epoch(train)  [36][ 700/1154]  base_lr: 1.2500e-03 lr: 1.2500e-03  eta: 2:27:58  time: 0.0634  data_time: 0.0013  memory: 708  grad_norm: 4.8217  loss: 0.6831  loss_cls: 0.0164  loss_bbox: 0.1136  loss_centerness: 0.5531
2026/03/11 03:33:36 - mmengine - INFO - Epoch(train)  [36][ 750/1154]  base_lr: 1.2500e-03 lr: 1.2500e-03  eta: 2:27:49  time: 0.0796  data_time: 0.0012  memory: 708  grad_norm: 4.0745  loss: 0.6540  loss_cls: 0.0121  loss_bbox: 0.0848  loss_centerness: 0.5572
2026/03/11 03:33:41 - mmengine - INFO - Epoch(train)  [36][ 800/1154]  base_lr: 1.2500e-03 lr: 1.2500e-03  eta: 2:27:41  time: 0.0977  data_time: 0.0013  memory: 708  grad_norm: 4.2373  loss: 0.6548  loss_cls: 0.0089  loss_bbox: 0.0877  loss_centerness: 0.5582
2026/03/11 03:33:46 - mmengine - INFO - Epoch(train)  [36][ 850/1154]  base_lr: 1.2500e-03 lr: 1.2500e-03  eta: 2:27:33  time: 0.0976  data_time: 0.0013  memory: 708  grad_norm: 4.4955  loss: 0.6614  loss_cls: 0.0129  loss_bbox: 0.0893  loss_centerness: 0.5592
2026/03/11 03:33:51 - mmengine - INFO - Epoch(train)  [36][ 900/1154]  base_lr: 1.2500e-03 lr: 1.2500e-03  eta: 2:27:25  time: 0.0930  data_time: 0.0014  memory: 708  grad_norm: 4.8809  loss: 0.6808  loss_cls: 0.0171  loss_bbox: 0.1108  loss_centerness: 0.5529
2026/03/11 03:33:56 - mmengine - INFO - Epoch(train)  [36][ 950/1154]  base_lr: 1.2500e-03 lr: 1.2500e-03  eta: 2:27:17  time: 0.0977  data_time: 0.0013  memory: 708  grad_norm: 4.2350  loss: 0.6484  loss_cls: 0.0098  loss_bbox: 0.0844  loss_centerness: 0.5542
2026/03/11 03:34:02 - mmengine - INFO - Epoch(train)  [36][1000/1154]  base_lr: 1.2500e-03 lr: 1.2500e-03  eta: 2:27:11  time: 0.1180  data_time: 0.0014  memory: 708  grad_norm: 3.8864  loss: 0.6461  loss_cls: 0.0103  loss_bbox: 0.0827  loss_centerness: 0.5531
2026/03/11 03:34:08 - mmengine - INFO - Epoch(train)  [36][1050/1154]  base_lr: 1.2500e-03 lr: 1.2500e-03  eta: 2:27:04  time: 0.1179  data_time: 0.0014  memory: 708  grad_norm: 4.2668  loss: 0.6532  loss_cls: 0.0120  loss_bbox: 0.0920  loss_centerness: 0.5491
2026/03/11 03:34:13 - mmengine - INFO - Epoch(train)  [36][1100/1154]  base_lr: 1.2500e-03 lr: 1.2500e-03  eta: 2:26:58  time: 0.1176  data_time: 0.0014  memory: 708  grad_norm: 4.7297  loss: 0.6540  loss_cls: 0.0134  loss_bbox: 0.0921  loss_centerness: 0.5485
2026/03/11 03:34:19 - mmengine - INFO - Epoch(train)  [36][1150/1154]  base_lr: 1.2500e-03 lr: 1.2500e-03  eta: 2:26:52  time: 0.1174  data_time: 0.0013  memory: 708  grad_norm: 4.0443  loss: 0.6563  loss_cls: 0.0101  loss_bbox: 0.0951  loss_centerness: 0.5511
2026/03/11 03:34:20 - mmengine - INFO - Exp name: fcos_minecraft_20260311_015948
2026/03/11 03:34:20 - mmengine - INFO - Saving checkpoint at 36 epochs
2026/03/11 03:34:23 - mmengine - INFO - Epoch(val)  [36][ 50/422]    eta: 0:00:13  time: 0.0368  data_time: 0.0006  memory: 708  
2026/03/11 03:34:25 - mmengine - INFO - Epoch(val)  [36][100/422]    eta: 0:00:11  time: 0.0371  data_time: 0.0007  memory: 403  
2026/03/11 03:34:27 - mmengine - INFO - Epoch(val)  [36][150/422]    eta: 0:00:10  time: 0.0378  data_time: 0.0006  memory: 403  
2026/03/11 03:34:29 - mmengine - INFO - Epoch(val)  [36][200/422]    eta: 0:00:08  time: 0.0392  data_time: 0.0006  memory: 403  
2026/03/11 03:34:31 - mmengine - INFO - Epoch(val)  [36][250/422]    eta: 0:00:06  time: 0.0378  data_time: 0.0007  memory: 403  
2026/03/11 03:34:33 - mmengine - INFO - Epoch(val)  [36][300/422]    eta: 0:00:04  time: 0.0377  data_time: 0.0005  memory: 403  
2026/03/11 03:34:34 - mmengine - INFO - Epoch(val)  [36][350/422]    eta: 0:00:02  time: 0.0367  data_time: 0.0006  memory: 403  
2026/03/11 03:34:36 - mmengine - INFO - Epoch(val)  [36][400/422]    eta: 0:00:00  time: 0.0381  data_time: 0.0006  memory: 403  
2026/03/11 03:34:37 - mmengine - INFO - Evaluating bbox...
2026/03/11 03:34:38 - mmengine - INFO - bbox_mAP_copypaste: 0.302 0.498 0.357 0.024 0.151 0.457
2026/03/11 03:34:38 - mmengine - INFO - Epoch(val) [36][422/422]    coco/bbox_mAP: 0.3020  coco/bbox_mAP_50: 0.4980  coco/bbox_mAP_75: 0.3570  coco/bbox_mAP_s: 0.0240  coco/bbox_mAP_m: 0.1510  coco/bbox_mAP_l: 0.4570  data_time: 0.0006  time: 0.0376
2026/03/11 03:34:44 - mmengine - INFO - Epoch(train)  [37][  50/1154]  base_lr: 1.2500e-03 lr: 1.2500e-03  eta: 2:26:46  time: 0.1182  data_time: 0.0015  memory: 708  grad_norm: 4.1790  loss: 0.6456  loss_cls: 0.0106  loss_bbox: 0.0840  loss_centerness: 0.5510
2026/03/11 03:34:50 - mmengine - INFO - Epoch(train)  [37][ 100/1154]  base_lr: 1.2500e-03 lr: 1.2500e-03  eta: 2:26:39  time: 0.1180  data_time: 0.0014  memory: 708  grad_norm: 3.4268  loss: 0.6369  loss_cls: 0.0084  loss_bbox: 0.0789  loss_centerness: 0.5496
2026/03/11 03:34:56 - mmengine - INFO - Epoch(train)  [37][ 150/1154]  base_lr: 1.2500e-03 lr: 1.2500e-03  eta: 2:26:33  time: 0.1170  data_time: 0.0013  memory: 708  grad_norm: 3.9010  loss: 0.6352  loss_cls: 0.0067  loss_bbox: 0.0802  loss_centerness: 0.5483
2026/03/11 03:35:01 - mmengine - INFO - Epoch(train)  [37][ 200/1154]  base_lr: 1.2500e-03 lr: 1.2500e-03  eta: 2:26:27  time: 0.1185  data_time: 0.0014  memory: 708  grad_norm: 4.5312  loss: 0.6584  loss_cls: 0.0083  loss_bbox: 0.0980  loss_centerness: 0.5521
2026/03/11 03:35:07 - mmengine - INFO - Epoch(train)  [37][ 250/1154]  base_lr: 1.2500e-03 lr: 1.2500e-03  eta: 2:26:21  time: 0.1178  data_time: 0.0014  memory: 708  grad_norm: 4.2462  loss: 0.6604  loss_cls: 0.0065  loss_bbox: 0.1036  loss_centerness: 0.5503
2026/03/11 03:35:13 - mmengine - INFO - Epoch(train)  [37][ 300/1154]  base_lr: 1.2500e-03 lr: 1.2500e-03  eta: 2:26:15  time: 0.1176  data_time: 0.0013  memory: 708  grad_norm: 4.4132  loss: 0.6642  loss_cls: 0.0136  loss_bbox: 0.0977  loss_centerness: 0.5529
2026/03/11 03:35:19 - mmengine - INFO - Epoch(train)  [37][ 350/1154]  base_lr: 1.2500e-03 lr: 1.2500e-03  eta: 2:26:09  time: 0.1178  data_time: 0.0014  memory: 708  grad_norm: 4.0801  loss: 0.6583  loss_cls: 0.0067  loss_bbox: 0.0953  loss_centerness: 0.5563
2026/03/11 03:35:25 - mmengine - INFO - Epoch(train)  [37][ 400/1154]  base_lr: 1.2500e-03 lr: 1.2500e-03  eta: 2:26:03  time: 0.1184  data_time: 0.0013  memory: 708  grad_norm: 4.3405  loss: 0.6567  loss_cls: 0.0100  loss_bbox: 0.0957  loss_centerness: 0.5511
2026/03/11 03:35:31 - mmengine - INFO - Epoch(train)  [37][ 450/1154]  base_lr: 1.2500e-03 lr: 1.2500e-03  eta: 2:25:57  time: 0.1180  data_time: 0.0014  memory: 708  grad_norm: 3.9143  loss: 0.6567  loss_cls: 0.0116  loss_bbox: 0.0910  loss_centerness: 0.5540
2026/03/11 03:35:32 - mmengine - INFO - Exp name: fcos_minecraft_20260311_015948
2026/03/11 03:35:37 - mmengine - INFO - Epoch(train)  [37][ 500/1154]  base_lr: 1.2500e-03 lr: 1.2500e-03  eta: 2:25:51  time: 0.1173  data_time: 0.0014  memory: 708  grad_norm: 4.0558  loss: 0.6388  loss_cls: 0.0106  loss_bbox: 0.0778  loss_centerness: 0.5504
2026/03/11 03:35:43 - mmengine - INFO - Epoch(train)  [37][ 550/1154]  base_lr: 1.2500e-03 lr: 1.2500e-03  eta: 2:25:45  time: 0.1182  data_time: 0.0013  memory: 708  grad_norm: 4.1654  loss: 0.6483  loss_cls: 0.0093  loss_bbox: 0.0833  loss_centerness: 0.5557
2026/03/11 03:35:49 - mmengine - INFO - Epoch(train)  [37][ 600/1154]  base_lr: 1.2500e-03 lr: 1.2500e-03  eta: 2:25:39  time: 0.1184  data_time: 0.0013  memory: 708  grad_norm: 4.4556  loss: 0.6579  loss_cls: 0.0089  loss_bbox: 0.0934  loss_centerness: 0.5555
2026/03/11 03:35:55 - mmengine - INFO - Epoch(train)  [37][ 650/1154]  base_lr: 1.2500e-03 lr: 1.2500e-03  eta: 2:25:33  time: 0.1178  data_time: 0.0014  memory: 708  grad_norm: 4.2617  loss: 0.6622  loss_cls: 0.0093  loss_bbox: 0.1001  loss_centerness: 0.5528
2026/03/11 03:36:00 - mmengine - INFO - Epoch(train)  [37][ 700/1154]  base_lr: 1.2500e-03 lr: 1.2500e-03  eta: 2:25:26  time: 0.1182  data_time: 0.0013  memory: 708  grad_norm: 5.3315  loss: 0.6813  loss_cls: 0.0286  loss_bbox: 0.0972  loss_centerness: 0.5554
2026/03/11 03:36:05 - mmengine - INFO - Epoch(train)  [37][ 750/1154]  base_lr: 1.2500e-03 lr: 1.2500e-03  eta: 2:25:18  time: 0.0915  data_time: 0.0015  memory: 708  grad_norm: 4.9520  loss: 0.6896  loss_cls: 0.0325  loss_bbox: 0.0991  loss_centerness: 0.5580
2026/03/11 03:36:10 - mmengine - INFO - Epoch(train)  [37][ 800/1154]  base_lr: 1.2500e-03 lr: 1.2500e-03  eta: 2:25:10  time: 0.0983  data_time: 0.0015  memory: 708  grad_norm: 4.4676  loss: 0.6639  loss_cls: 0.0175  loss_bbox: 0.0943  loss_centerness: 0.5522
2026/03/11 03:36:15 - mmengine - INFO - Epoch(train)  [37][ 850/1154]  base_lr: 1.2500e-03 lr: 1.2500e-03  eta: 2:25:03  time: 0.0981  data_time: 0.0013  memory: 708  grad_norm: 4.0597  loss: 0.6546  loss_cls: 0.0088  loss_bbox: 0.0922  loss_centerness: 0.5535
2026/03/11 03:36:20 - mmengine - INFO - Epoch(train)  [37][ 900/1154]  base_lr: 1.2500e-03 lr: 1.2500e-03  eta: 2:24:55  time: 0.0986  data_time: 0.0014  memory: 708  grad_norm: 4.3556  loss: 0.6533  loss_cls: 0.0108  loss_bbox: 0.0933  loss_centerness: 0.5492
2026/03/11 03:36:24 - mmengine - INFO - Epoch(train)  [37][ 950/1154]  base_lr: 1.2500e-03 lr: 1.2500e-03  eta: 2:24:46  time: 0.0830  data_time: 0.0012  memory: 708  grad_norm: 4.4060  loss: 0.6628  loss_cls: 0.0115  loss_bbox: 0.0995  loss_centerness: 0.5517
2026/03/11 03:36:30 - mmengine - INFO - Epoch(train)  [37][1000/1154]  base_lr: 1.2500e-03 lr: 1.2500e-03  eta: 2:24:40  time: 0.1176  data_time: 0.0013  memory: 708  grad_norm: 4.1361  loss: 0.6488  loss_cls: 0.0088  loss_bbox: 0.0871  loss_centerness: 0.5529
2026/03/11 03:36:36 - mmengine - INFO - Epoch(train)  [37][1050/1154]  base_lr: 1.2500e-03 lr: 1.2500e-03  eta: 2:24:34  time: 0.1176  data_time: 0.0013  memory: 708  grad_norm: 4.3867  loss: 0.6485  loss_cls: 0.0101  loss_bbox: 0.0907  loss_centerness: 0.5478
2026/03/11 03:36:42 - mmengine - INFO - Epoch(train)  [37][1100/1154]  base_lr: 1.2500e-03 lr: 1.2500e-03  eta: 2:24:27  time: 0.1176  data_time: 0.0013  memory: 708  grad_norm: 4.1160  loss: 0.6479  loss_cls: 0.0141  loss_bbox: 0.0808  loss_centerness: 0.5530
2026/03/11 03:36:48 - mmengine - INFO - Epoch(train)  [37][1150/1154]  base_lr: 1.2500e-03 lr: 1.2500e-03  eta: 2:24:21  time: 0.1178  data_time: 0.0013  memory: 708  grad_norm: 4.1104  loss: 0.6601  loss_cls: 0.0115  loss_bbox: 0.0915  loss_centerness: 0.5571
2026/03/11 03:36:48 - mmengine - INFO - Exp name: fcos_minecraft_20260311_015948
2026/03/11 03:36:48 - mmengine - INFO - Saving checkpoint at 37 epochs
2026/03/11 03:36:57 - mmengine - INFO - Epoch(val)  [37][ 50/422]    eta: 0:00:14  time: 0.0382  data_time: 0.0008  memory: 708  
2026/03/11 03:36:59 - mmengine - INFO - Epoch(val)  [37][100/422]    eta: 0:00:12  time: 0.0365  data_time: 0.0005  memory: 403  
2026/03/11 03:37:01 - mmengine - INFO - Epoch(val)  [37][150/422]    eta: 0:00:10  time: 0.0362  data_time: 0.0004  memory: 403  
2026/03/11 03:37:03 - mmengine - INFO - Epoch(val)  [37][200/422]    eta: 0:00:08  time: 0.0373  data_time: 0.0005  memory: 403  
2026/03/11 03:37:05 - mmengine - INFO - Epoch(val)  [37][250/422]    eta: 0:00:06  time: 0.0381  data_time: 0.0006  memory: 403  
2026/03/11 03:37:07 - mmengine - INFO - Epoch(val)  [37][300/422]    eta: 0:00:04  time: 0.0383  data_time: 0.0005  memory: 403  
2026/03/11 03:37:09 - mmengine - INFO - Epoch(val)  [37][350/422]    eta: 0:00:02  time: 0.0381  data_time: 0.0006  memory: 403  
2026/03/11 03:37:11 - mmengine - INFO - Epoch(val)  [37][400/422]    eta: 0:00:00  time: 0.0375  data_time: 0.0006  memory: 403  
2026/03/11 03:37:11 - mmengine - INFO - Evaluating bbox...
2026/03/11 03:37:12 - mmengine - INFO - bbox_mAP_copypaste: 0.304 0.508 0.349 0.026 0.166 0.439
2026/03/11 03:37:12 - mmengine - INFO - Epoch(val) [37][422/422]    coco/bbox_mAP: 0.3040  coco/bbox_mAP_50: 0.5080  coco/bbox_mAP_75: 0.3490  coco/bbox_mAP_s: 0.0260  coco/bbox_mAP_m: 0.1660  coco/bbox_mAP_l: 0.4390  data_time: 0.0006  time: 0.0375
2026/03/11 03:37:18 - mmengine - INFO - Epoch(train)  [38][  50/1154]  base_lr: 1.2500e-03 lr: 1.2500e-03  eta: 2:24:15  time: 0.1181  data_time: 0.0017  memory: 708  grad_norm: 3.9991  loss: 0.6562  loss_cls: 0.0132  loss_bbox: 0.0953  loss_centerness: 0.5478
2026/03/11 03:37:24 - mmengine - INFO - Epoch(train)  [38][ 100/1154]  base_lr: 1.2500e-03 lr: 1.2500e-03  eta: 2:24:09  time: 0.1172  data_time: 0.0013  memory: 708  grad_norm: 4.1694  loss: 0.6530  loss_cls: 0.0158  loss_bbox: 0.0864  loss_centerness: 0.5509
2026/03/11 03:37:30 - mmengine - INFO - Epoch(train)  [38][ 150/1154]  base_lr: 1.2500e-03 lr: 1.2500e-03  eta: 2:24:03  time: 0.1187  data_time: 0.0013  memory: 708  grad_norm: 4.0651  loss: 0.6403  loss_cls: 0.0086  loss_bbox: 0.0796  loss_centerness: 0.5521
2026/03/11 03:37:36 - mmengine - INFO - Epoch(train)  [38][ 200/1154]  base_lr: 1.2500e-03 lr: 1.2500e-03  eta: 2:23:57  time: 0.1183  data_time: 0.0013  memory: 708  grad_norm: 4.3353  loss: 0.6529  loss_cls: 0.0100  loss_bbox: 0.0871  loss_centerness: 0.5558
2026/03/11 03:37:42 - mmengine - INFO - Epoch(train)  [38][ 250/1154]  base_lr: 1.2500e-03 lr: 1.2500e-03  eta: 2:23:51  time: 0.1179  data_time: 0.0013  memory: 708  grad_norm: 4.5450  loss: 0.6561  loss_cls: 0.0120  loss_bbox: 0.0920  loss_centerness: 0.5521
2026/03/11 03:37:47 - mmengine - INFO - Epoch(train)  [38][ 300/1154]  base_lr: 1.2500e-03 lr: 1.2500e-03  eta: 2:23:45  time: 0.1180  data_time: 0.0014  memory: 708  grad_norm: 4.2642  loss: 0.6578  loss_cls: 0.0084  loss_bbox: 0.0966  loss_centerness: 0.5528
2026/03/11 03:37:48 - mmengine - INFO - Exp name: fcos_minecraft_20260311_015948
2026/03/11 03:37:53 - mmengine - INFO - Epoch(train)  [38][ 350/1154]  base_lr: 1.2500e-03 lr: 1.2500e-03  eta: 2:23:39  time: 0.1183  data_time: 0.0013  memory: 708  grad_norm: 4.0327  loss: 0.6391  loss_cls: 0.0085  loss_bbox: 0.0812  loss_centerness: 0.5494
2026/03/11 03:37:59 - mmengine - INFO - Epoch(train)  [38][ 400/1154]  base_lr: 1.2500e-03 lr: 1.2500e-03  eta: 2:23:33  time: 0.1182  data_time: 0.0014  memory: 708  grad_norm: 4.1923  loss: 0.6484  loss_cls: 0.0089  loss_bbox: 0.0856  loss_centerness: 0.5539
2026/03/11 03:38:05 - mmengine - INFO - Epoch(train)  [38][ 450/1154]  base_lr: 1.2500e-03 lr: 1.2500e-03  eta: 2:23:26  time: 0.1176  data_time: 0.0014  memory: 708  grad_norm: 4.6777  loss: 0.6710  loss_cls: 0.0133  loss_bbox: 0.1027  loss_centerness: 0.5550
2026/03/11 03:38:11 - mmengine - INFO - Epoch(train)  [38][ 500/1154]  base_lr: 1.2500e-03 lr: 1.2500e-03  eta: 2:23:20  time: 0.1193  data_time: 0.0014  memory: 708  grad_norm: 4.6206  loss: 0.6591  loss_cls: 0.0153  loss_bbox: 0.0908  loss_centerness: 0.5530
2026/03/11 03:38:17 - mmengine - INFO - Epoch(train)  [38][ 550/1154]  base_lr: 1.2500e-03 lr: 1.2500e-03  eta: 2:23:14  time: 0.1185  data_time: 0.0013  memory: 708  grad_norm: 4.4309  loss: 0.6635  loss_cls: 0.0066  loss_bbox: 0.1019  loss_centerness: 0.5550
2026/03/11 03:38:23 - mmengine - INFO - Epoch(train)  [38][ 600/1154]  base_lr: 1.2500e-03 lr: 1.2500e-03  eta: 2:23:08  time: 0.1177  data_time: 0.0014  memory: 708  grad_norm: 4.1293  loss: 0.6542  loss_cls: 0.0062  loss_bbox: 0.0922  loss_centerness: 0.5558
2026/03/11 03:38:29 - mmengine - INFO - Epoch(train)  [38][ 650/1154]  base_lr: 1.2500e-03 lr: 1.2500e-03  eta: 2:23:02  time: 0.1187  data_time: 0.0014  memory: 708  grad_norm: 3.9029  loss: 0.6398  loss_cls: 0.0077  loss_bbox: 0.0807  loss_centerness: 0.5514
2026/03/11 03:38:32 - mmengine - INFO - Epoch(train)  [38][ 700/1154]  base_lr: 1.2500e-03 lr: 1.2500e-03  eta: 2:22:52  time: 0.0664  data_time: 0.0013  memory: 708  grad_norm: 4.1578  loss: 0.6468  loss_cls: 0.0082  loss_bbox: 0.0879  loss_centerness: 0.5508
2026/03/11 03:38:35 - mmengine - INFO - Epoch(train)  [38][ 750/1154]  base_lr: 1.2500e-03 lr: 1.2500e-03  eta: 2:22:41  time: 0.0630  data_time: 0.0013  memory: 708  grad_norm: 3.8084  loss: 0.6493  loss_cls: 0.0080  loss_bbox: 0.0867  loss_centerness: 0.5546
2026/03/11 03:38:39 - mmengine - INFO - Epoch(train)  [38][ 800/1154]  base_lr: 1.2500e-03 lr: 1.2500e-03  eta: 2:22:32  time: 0.0741  data_time: 0.0015  memory: 708  grad_norm: 3.7458  loss: 0.6393  loss_cls: 0.0094  loss_bbox: 0.0808  loss_centerness: 0.5491
2026/03/11 03:38:44 - mmengine - INFO - Epoch(train)  [38][ 850/1154]  base_lr: 1.2500e-03 lr: 1.2500e-03  eta: 2:22:24  time: 0.0987  data_time: 0.0014  memory: 708  grad_norm: 3.7381  loss: 0.6361  loss_cls: 0.0073  loss_bbox: 0.0770  loss_centerness: 0.5518
2026/03/11 03:38:49 - mmengine - INFO - Epoch(train)  [38][ 900/1154]  base_lr: 1.2500e-03 lr: 1.2500e-03  eta: 2:22:17  time: 0.0979  data_time: 0.0014  memory: 708  grad_norm: 3.6368  loss: 0.6450  loss_cls: 0.0054  loss_bbox: 0.0807  loss_centerness: 0.5589
2026/03/11 03:38:54 - mmengine - INFO - Epoch(train)  [38][ 950/1154]  base_lr: 1.2500e-03 lr: 1.2500e-03  eta: 2:22:09  time: 0.0974  data_time: 0.0014  memory: 708  grad_norm: 4.0224  loss: 0.6439  loss_cls: 0.0074  loss_bbox: 0.0879  loss_centerness: 0.5486
2026/03/11 03:38:58 - mmengine - INFO - Epoch(train)  [38][1000/1154]  base_lr: 1.2500e-03 lr: 1.2500e-03  eta: 2:22:01  time: 0.0912  data_time: 0.0014  memory: 708  grad_norm: 4.4568  loss: 0.6508  loss_cls: 0.0118  loss_bbox: 0.0907  loss_centerness: 0.5483
2026/03/11 03:39:04 - mmengine - INFO - Epoch(train)  [38][1050/1154]  base_lr: 1.2500e-03 lr: 1.2500e-03  eta: 2:21:55  time: 0.1174  data_time: 0.0014  memory: 708  grad_norm: 4.0469  loss: 0.6471  loss_cls: 0.0069  loss_bbox: 0.0872  loss_centerness: 0.5531
2026/03/11 03:39:10 - mmengine - INFO - Epoch(train)  [38][1100/1154]  base_lr: 1.2500e-03 lr: 1.2500e-03  eta: 2:21:49  time: 0.1181  data_time: 0.0014  memory: 708  grad_norm: 4.2272  loss: 0.6555  loss_cls: 0.0066  loss_bbox: 0.0957  loss_centerness: 0.5532
2026/03/11 03:39:16 - mmengine - INFO - Epoch(train)  [38][1150/1154]  base_lr: 1.2500e-03 lr: 1.2500e-03  eta: 2:21:43  time: 0.1177  data_time: 0.0013  memory: 708  grad_norm: 3.9008  loss: 0.6557  loss_cls: 0.0095  loss_bbox: 0.0852  loss_centerness: 0.5611
2026/03/11 03:39:16 - mmengine - INFO - Exp name: fcos_minecraft_20260311_015948
2026/03/11 03:39:16 - mmengine - INFO - Saving checkpoint at 38 epochs
2026/03/11 03:39:20 - mmengine - INFO - Epoch(val)  [38][ 50/422]    eta: 0:00:13  time: 0.0371  data_time: 0.0008  memory: 708  
2026/03/11 03:39:22 - mmengine - INFO - Epoch(val)  [38][100/422]    eta: 0:00:12  time: 0.0375  data_time: 0.0006  memory: 403  
2026/03/11 03:39:23 - mmengine - INFO - Epoch(val)  [38][150/422]    eta: 0:00:10  time: 0.0373  data_time: 0.0006  memory: 403  
2026/03/11 03:39:25 - mmengine - INFO - Epoch(val)  [38][200/422]    eta: 0:00:08  time: 0.0378  data_time: 0.0006  memory: 403  
2026/03/11 03:39:27 - mmengine - INFO - Epoch(val)  [38][250/422]    eta: 0:00:06  time: 0.0383  data_time: 0.0006  memory: 403  
2026/03/11 03:39:29 - mmengine - INFO - Epoch(val)  [38][300/422]    eta: 0:00:04  time: 0.0376  data_time: 0.0005  memory: 403  
2026/03/11 03:39:31 - mmengine - INFO - Epoch(val)  [38][350/422]    eta: 0:00:02  time: 0.0364  data_time: 0.0006  memory: 403  
2026/03/11 03:39:33 - mmengine - INFO - Epoch(val)  [38][400/422]    eta: 0:00:00  time: 0.0381  data_time: 0.0006  memory: 403  
2026/03/11 03:39:34 - mmengine - INFO - Evaluating bbox...
2026/03/11 03:39:34 - mmengine - INFO - bbox_mAP_copypaste: 0.273 0.430 0.318 0.013 0.165 0.404
2026/03/11 03:39:34 - mmengine - INFO - Epoch(val) [38][422/422]    coco/bbox_mAP: 0.2730  coco/bbox_mAP_50: 0.4300  coco/bbox_mAP_75: 0.3180  coco/bbox_mAP_s: 0.0130  coco/bbox_mAP_m: 0.1650  coco/bbox_mAP_l: 0.4040  data_time: 0.0006  time: 0.0376
2026/03/11 03:39:40 - mmengine - INFO - Epoch(train)  [39][  50/1154]  base_lr: 1.2500e-03 lr: 1.2500e-03  eta: 2:21:36  time: 0.1183  data_time: 0.0015  memory: 708  grad_norm: 3.7096  loss: 0.6452  loss_cls: 0.0059  loss_bbox: 0.0812  loss_centerness: 0.5581
2026/03/11 03:39:46 - mmengine - INFO - Epoch(train)  [39][ 100/1154]  base_lr: 1.2500e-03 lr: 1.2500e-03  eta: 2:21:30  time: 0.1178  data_time: 0.0014  memory: 708  grad_norm: 3.8226  loss: 0.6468  loss_cls: 0.0056  loss_bbox: 0.0827  loss_centerness: 0.5585
2026/03/11 03:39:52 - mmengine - INFO - Exp name: fcos_minecraft_20260311_015948
2026/03/11 03:39:52 - mmengine - INFO - Epoch(train)  [39][ 150/1154]  base_lr: 1.2500e-03 lr: 1.2500e-03  eta: 2:21:24  time: 0.1183  data_time: 0.0014  memory: 708  grad_norm: 3.8976  loss: 0.6423  loss_cls: 0.0062  loss_bbox: 0.0863  loss_centerness: 0.5498
2026/03/11 03:39:58 - mmengine - INFO - Epoch(train)  [39][ 200/1154]  base_lr: 1.2500e-03 lr: 1.2500e-03  eta: 2:21:18  time: 0.1178  data_time: 0.0014  memory: 708  grad_norm: 4.1239  loss: 0.6571  loss_cls: 0.0067  loss_bbox: 0.0956  loss_centerness: 0.5548
2026/03/11 03:40:04 - mmengine - INFO - Epoch(train)  [39][ 250/1154]  base_lr: 1.2500e-03 lr: 1.2500e-03  eta: 2:21:12  time: 0.1189  data_time: 0.0013  memory: 708  grad_norm: 3.6499  loss: 0.6363  loss_cls: 0.0063  loss_bbox: 0.0780  loss_centerness: 0.5520
2026/03/11 03:40:10 - mmengine - INFO - Epoch(train)  [39][ 300/1154]  base_lr: 1.2500e-03 lr: 1.2500e-03  eta: 2:21:06  time: 0.1182  data_time: 0.0013  memory: 708  grad_norm: 3.6769  loss: 0.6354  loss_cls: 0.0071  loss_bbox: 0.0756  loss_centerness: 0.5526
2026/03/11 03:40:16 - mmengine - INFO - Epoch(train)  [39][ 350/1154]  base_lr: 1.2500e-03 lr: 1.2500e-03  eta: 2:21:00  time: 0.1187  data_time: 0.0014  memory: 708  grad_norm: 4.2287  loss: 0.6501  loss_cls: 0.0083  loss_bbox: 0.0948  loss_centerness: 0.5471
2026/03/11 03:40:22 - mmengine - INFO - Epoch(train)  [39][ 400/1154]  base_lr: 1.2500e-03 lr: 1.2500e-03  eta: 2:20:54  time: 0.1188  data_time: 0.0015  memory: 708  grad_norm: 4.1067  loss: 0.6396  loss_cls: 0.0109  loss_bbox: 0.0781  loss_centerness: 0.5506
2026/03/11 03:40:27 - mmengine - INFO - Epoch(train)  [39][ 450/1154]  base_lr: 1.2500e-03 lr: 1.2500e-03  eta: 2:20:48  time: 0.1180  data_time: 0.0014  memory: 708  grad_norm: 3.8490  loss: 0.6542  loss_cls: 0.0137  loss_bbox: 0.0825  loss_centerness: 0.5580
2026/03/11 03:40:33 - mmengine - INFO - Epoch(train)  [39][ 500/1154]  base_lr: 1.2500e-03 lr: 1.2500e-03  eta: 2:20:42  time: 0.1178  data_time: 0.0014  memory: 708  grad_norm: 3.8324  loss: 0.6336  loss_cls: 0.0072  loss_bbox: 0.0755  loss_centerness: 0.5509
2026/03/11 03:40:39 - mmengine - INFO - Epoch(train)  [39][ 550/1154]  base_lr: 1.2500e-03 lr: 1.2500e-03  eta: 2:20:36  time: 0.1184  data_time: 0.0014  memory: 708  grad_norm: 4.4915  loss: 0.6536  loss_cls: 0.0065  loss_bbox: 0.0923  loss_centerness: 0.5548
2026/03/11 03:40:45 - mmengine - INFO - Epoch(train)  [39][ 600/1154]  base_lr: 1.2500e-03 lr: 1.2500e-03  eta: 2:20:30  time: 0.1182  data_time: 0.0015  memory: 708  grad_norm: 4.6441  loss: 0.6611  loss_cls: 0.0130  loss_bbox: 0.0971  loss_centerness: 0.5510
2026/03/11 03:40:51 - mmengine - INFO - Epoch(train)  [39][ 650/1154]  base_lr: 1.2500e-03 lr: 1.2500e-03  eta: 2:20:24  time: 0.1184  data_time: 0.0014  memory: 708  grad_norm: 4.0644  loss: 0.6385  loss_cls: 0.0068  loss_bbox: 0.0824  loss_centerness: 0.5493
2026/03/11 03:40:57 - mmengine - INFO - Epoch(train)  [39][ 700/1154]  base_lr: 1.2500e-03 lr: 1.2500e-03  eta: 2:20:18  time: 0.1178  data_time: 0.0014  memory: 708  grad_norm: 3.9328  loss: 0.6391  loss_cls: 0.0068  loss_bbox: 0.0806  loss_centerness: 0.5517
2026/03/11 03:41:03 - mmengine - INFO - Epoch(train)  [39][ 750/1154]  base_lr: 1.2500e-03 lr: 1.2500e-03  eta: 2:20:12  time: 0.1187  data_time: 0.0015  memory: 708  grad_norm: 4.0355  loss: 0.6530  loss_cls: 0.0078  loss_bbox: 0.0936  loss_centerness: 0.5516
2026/03/11 03:41:08 - mmengine - INFO - Epoch(train)  [39][ 800/1154]  base_lr: 1.2500e-03 lr: 1.2500e-03  eta: 2:20:05  time: 0.1005  data_time: 0.0013  memory: 708  grad_norm: 3.7724  loss: 0.6329  loss_cls: 0.0066  loss_bbox: 0.0806  loss_centerness: 0.5456
2026/03/11 03:41:13 - mmengine - INFO - Epoch(train)  [39][ 850/1154]  base_lr: 1.2500e-03 lr: 1.2500e-03  eta: 2:19:57  time: 0.0955  data_time: 0.0014  memory: 708  grad_norm: 4.5335  loss: 0.6720  loss_cls: 0.0136  loss_bbox: 0.1007  loss_centerness: 0.5576
2026/03/11 03:41:18 - mmengine - INFO - Epoch(train)  [39][ 900/1154]  base_lr: 1.2500e-03 lr: 1.2500e-03  eta: 2:19:49  time: 0.0977  data_time: 0.0013  memory: 708  grad_norm: 3.9333  loss: 0.6384  loss_cls: 0.0074  loss_bbox: 0.0783  loss_centerness: 0.5527
2026/03/11 03:41:23 - mmengine - INFO - Epoch(train)  [39][ 950/1154]  base_lr: 1.2500e-03 lr: 1.2500e-03  eta: 2:19:42  time: 0.0981  data_time: 0.0013  memory: 708  grad_norm: 3.7515  loss: 0.6456  loss_cls: 0.0092  loss_bbox: 0.0846  loss_centerness: 0.5518
2026/03/11 03:41:26 - mmengine - INFO - Epoch(train)  [39][1000/1154]  base_lr: 1.2500e-03 lr: 1.2500e-03  eta: 2:19:33  time: 0.0780  data_time: 0.0015  memory: 708  grad_norm: 4.2554  loss: 0.6442  loss_cls: 0.0053  loss_bbox: 0.0859  loss_centerness: 0.5530
2026/03/11 03:41:30 - mmengine - INFO - Epoch(train)  [39][1050/1154]  base_lr: 1.2500e-03 lr: 1.2500e-03  eta: 2:19:22  time: 0.0643  data_time: 0.0013  memory: 708  grad_norm: 4.6995  loss: 0.6574  loss_cls: 0.0124  loss_bbox: 0.0940  loss_centerness: 0.5510
2026/03/11 03:41:33 - mmengine - INFO - Epoch(train)  [39][1100/1154]  base_lr: 1.2500e-03 lr: 1.2500e-03  eta: 2:19:12  time: 0.0641  data_time: 0.0013  memory: 708  grad_norm: 4.8517  loss: 0.6810  loss_cls: 0.0099  loss_bbox: 0.1153  loss_centerness: 0.5558
2026/03/11 03:41:36 - mmengine - INFO - Exp name: fcos_minecraft_20260311_015948
2026/03/11 03:41:36 - mmengine - INFO - Epoch(train)  [39][1150/1154]  base_lr: 1.2500e-03 lr: 1.2500e-03  eta: 2:19:02  time: 0.0641  data_time: 0.0012  memory: 708  grad_norm: 4.3110  loss: 0.6442  loss_cls: 0.0084  loss_bbox: 0.0847  loss_centerness: 0.5511
2026/03/11 03:41:36 - mmengine - INFO - Exp name: fcos_minecraft_20260311_015948
2026/03/11 03:41:36 - mmengine - INFO - Saving checkpoint at 39 epochs
2026/03/11 03:41:38 - mmengine - INFO - Epoch(val)  [39][ 50/422]    eta: 0:00:06  time: 0.0167  data_time: 0.0007  memory: 708  
2026/03/11 03:41:39 - mmengine - INFO - Epoch(val)  [39][100/422]    eta: 0:00:05  time: 0.0168  data_time: 0.0005  memory: 403  
2026/03/11 03:41:40 - mmengine - INFO - Epoch(val)  [39][150/422]    eta: 0:00:04  time: 0.0169  data_time: 0.0006  memory: 403  
2026/03/11 03:41:41 - mmengine - INFO - Epoch(val)  [39][200/422]    eta: 0:00:03  time: 0.0174  data_time: 0.0007  memory: 403  
2026/03/11 03:41:42 - mmengine - INFO - Epoch(val)  [39][250/422]    eta: 0:00:02  time: 0.0173  data_time: 0.0005  memory: 403  
2026/03/11 03:41:43 - mmengine - INFO - Epoch(val)  [39][300/422]    eta: 0:00:02  time: 0.0176  data_time: 0.0005  memory: 403  
2026/03/11 03:41:43 - mmengine - INFO - Epoch(val)  [39][350/422]    eta: 0:00:01  time: 0.0171  data_time: 0.0006  memory: 403  
2026/03/11 03:41:44 - mmengine - INFO - Epoch(val)  [39][400/422]    eta: 0:00:00  time: 0.0173  data_time: 0.0007  memory: 403  
2026/03/11 03:41:45 - mmengine - INFO - Evaluating bbox...
2026/03/11 03:41:45 - mmengine - INFO - bbox_mAP_copypaste: 0.296 0.489 0.291 0.061 0.133 0.425
2026/03/11 03:41:45 - mmengine - INFO - Epoch(val) [39][422/422]    coco/bbox_mAP: 0.2960  coco/bbox_mAP_50: 0.4890  coco/bbox_mAP_75: 0.2910  coco/bbox_mAP_s: 0.0610  coco/bbox_mAP_m: 0.1330  coco/bbox_mAP_l: 0.4250  data_time: 0.0006  time: 0.0172
2026/03/11 03:41:49 - mmengine - INFO - Epoch(train)  [40][  50/1154]  base_lr: 1.2500e-03 lr: 1.2500e-03  eta: 2:18:51  time: 0.0653  data_time: 0.0018  memory: 708  grad_norm: 3.9548  loss: 0.6555  loss_cls: 0.0089  loss_bbox: 0.0927  loss_centerness: 0.5539
2026/03/11 03:41:52 - mmengine - INFO - Epoch(train)  [40][ 100/1154]  base_lr: 1.2500e-03 lr: 1.2500e-03  eta: 2:18:41  time: 0.0641  data_time: 0.0013  memory: 708  grad_norm: 4.5760  loss: 0.6574  loss_cls: 0.0098  loss_bbox: 0.0978  loss_centerness: 0.5499
2026/03/11 03:41:55 - mmengine - INFO - Epoch(train)  [40][ 150/1154]  base_lr: 1.2500e-03 lr: 1.2500e-03  eta: 2:18:31  time: 0.0632  data_time: 0.0013  memory: 708  grad_norm: 4.0313  loss: 0.6571  loss_cls: 0.0071  loss_bbox: 0.1008  loss_centerness: 0.5492
2026/03/11 03:41:58 - mmengine - INFO - Epoch(train)  [40][ 200/1154]  base_lr: 1.2500e-03 lr: 1.2500e-03  eta: 2:18:21  time: 0.0647  data_time: 0.0012  memory: 708  grad_norm: 3.8279  loss: 0.6454  loss_cls: 0.0088  loss_bbox: 0.0802  loss_centerness: 0.5564
2026/03/11 03:42:01 - mmengine - INFO - Epoch(train)  [40][ 250/1154]  base_lr: 1.2500e-03 lr: 1.2500e-03  eta: 2:18:11  time: 0.0641  data_time: 0.0012  memory: 708  grad_norm: 3.5104  loss: 0.6236  loss_cls: 0.0063  loss_bbox: 0.0702  loss_centerness: 0.5472
2026/03/11 03:42:04 - mmengine - INFO - Epoch(train)  [40][ 300/1154]  base_lr: 1.2500e-03 lr: 1.2500e-03  eta: 2:18:00  time: 0.0628  data_time: 0.0012  memory: 708  grad_norm: 3.9229  loss: 0.6304  loss_cls: 0.0069  loss_bbox: 0.0770  loss_centerness: 0.5465
2026/03/11 03:42:08 - mmengine - INFO - Epoch(train)  [40][ 350/1154]  base_lr: 1.2500e-03 lr: 1.2500e-03  eta: 2:17:50  time: 0.0644  data_time: 0.0012  memory: 708  grad_norm: 3.7489  loss: 0.6427  loss_cls: 0.0080  loss_bbox: 0.0797  loss_centerness: 0.5551
2026/03/11 03:42:11 - mmengine - INFO - Epoch(train)  [40][ 400/1154]  base_lr: 1.2500e-03 lr: 1.2500e-03  eta: 2:17:40  time: 0.0636  data_time: 0.0013  memory: 708  grad_norm: 3.7910  loss: 0.6485  loss_cls: 0.0073  loss_bbox: 0.0880  loss_centerness: 0.5531
2026/03/11 03:42:14 - mmengine - INFO - Epoch(train)  [40][ 450/1154]  base_lr: 1.2500e-03 lr: 1.2500e-03  eta: 2:17:30  time: 0.0634  data_time: 0.0013  memory: 708  grad_norm: 4.3148  loss: 0.6625  loss_cls: 0.0073  loss_bbox: 0.0953  loss_centerness: 0.5599
2026/03/11 03:42:17 - mmengine - INFO - Epoch(train)  [40][ 500/1154]  base_lr: 1.2500e-03 lr: 1.2500e-03  eta: 2:17:20  time: 0.0645  data_time: 0.0012  memory: 708  grad_norm: 4.1613  loss: 0.6371  loss_cls: 0.0094  loss_bbox: 0.0810  loss_centerness: 0.5467
2026/03/11 03:42:20 - mmengine - INFO - Epoch(train)  [40][ 550/1154]  base_lr: 1.2500e-03 lr: 1.2500e-03  eta: 2:17:10  time: 0.0631  data_time: 0.0012  memory: 708  grad_norm: 3.6122  loss: 0.6282  loss_cls: 0.0072  loss_bbox: 0.0719  loss_centerness: 0.5492
2026/03/11 03:42:24 - mmengine - INFO - Epoch(train)  [40][ 600/1154]  base_lr: 1.2500e-03 lr: 1.2500e-03  eta: 2:17:00  time: 0.0649  data_time: 0.0014  memory: 708  grad_norm: 4.1565  loss: 0.6459  loss_cls: 0.0097  loss_bbox: 0.0885  loss_centerness: 0.5477
2026/03/11 03:42:27 - mmengine - INFO - Epoch(train)  [40][ 650/1154]  base_lr: 1.2500e-03 lr: 1.2500e-03  eta: 2:16:50  time: 0.0652  data_time: 0.0013  memory: 708  grad_norm: 3.7593  loss: 0.6395  loss_cls: 0.0057  loss_bbox: 0.0805  loss_centerness: 0.5534
2026/03/11 03:42:30 - mmengine - INFO - Epoch(train)  [40][ 700/1154]  base_lr: 1.2500e-03 lr: 1.2500e-03  eta: 2:16:40  time: 0.0638  data_time: 0.0013  memory: 708  grad_norm: 3.7180  loss: 0.6347  loss_cls: 0.0052  loss_bbox: 0.0773  loss_centerness: 0.5522
2026/03/11 03:42:33 - mmengine - INFO - Epoch(train)  [40][ 750/1154]  base_lr: 1.2500e-03 lr: 1.2500e-03  eta: 2:16:30  time: 0.0642  data_time: 0.0013  memory: 708  grad_norm: 4.3355  loss: 0.6674  loss_cls: 0.0109  loss_bbox: 0.1042  loss_centerness: 0.5523
2026/03/11 03:42:37 - mmengine - INFO - Epoch(train)  [40][ 800/1154]  base_lr: 1.2500e-03 lr: 1.2500e-03  eta: 2:16:20  time: 0.0639  data_time: 0.0013  memory: 708  grad_norm: 4.2241  loss: 0.6500  loss_cls: 0.0117  loss_bbox: 0.0836  loss_centerness: 0.5547
2026/03/11 03:42:40 - mmengine - INFO - Epoch(train)  [40][ 850/1154]  base_lr: 1.2500e-03 lr: 1.2500e-03  eta: 2:16:10  time: 0.0632  data_time: 0.0011  memory: 708  grad_norm: 3.7399  loss: 0.6368  loss_cls: 0.0063  loss_bbox: 0.0752  loss_centerness: 0.5553
2026/03/11 03:42:43 - mmengine - INFO - Epoch(train)  [40][ 900/1154]  base_lr: 1.2500e-03 lr: 1.2500e-03  eta: 2:16:00  time: 0.0643  data_time: 0.0015  memory: 708  grad_norm: 4.4014  loss: 0.6429  loss_cls: 0.0053  loss_bbox: 0.0879  loss_centerness: 0.5497
2026/03/11 03:42:46 - mmengine - INFO - Epoch(train)  [40][ 950/1154]  base_lr: 1.2500e-03 lr: 1.2500e-03  eta: 2:15:50  time: 0.0633  data_time: 0.0012  memory: 708  grad_norm: 4.0395  loss: 0.6472  loss_cls: 0.0082  loss_bbox: 0.0882  loss_centerness: 0.5508
2026/03/11 03:42:49 - mmengine - INFO - Exp name: fcos_minecraft_20260311_015948
2026/03/11 03:42:49 - mmengine - INFO - Epoch(train)  [40][1000/1154]  base_lr: 1.2500e-03 lr: 1.2500e-03  eta: 2:15:41  time: 0.0649  data_time: 0.0013  memory: 708  grad_norm: 3.8574  loss: 0.6371  loss_cls: 0.0047  loss_bbox: 0.0802  loss_centerness: 0.5522
2026/03/11 03:42:53 - mmengine - INFO - Epoch(train)  [40][1050/1154]  base_lr: 1.2500e-03 lr: 1.2500e-03  eta: 2:15:31  time: 0.0641  data_time: 0.0012  memory: 708  grad_norm: 3.9147  loss: 0.6385  loss_cls: 0.0041  loss_bbox: 0.0780  loss_centerness: 0.5564
2026/03/11 03:42:56 - mmengine - INFO - Epoch(train)  [40][1100/1154]  base_lr: 1.2500e-03 lr: 1.2500e-03  eta: 2:15:21  time: 0.0629  data_time: 0.0012  memory: 708  grad_norm: 4.2159  loss: 0.6492  loss_cls: 0.0051  loss_bbox: 0.0916  loss_centerness: 0.5524
2026/03/11 03:42:59 - mmengine - INFO - Epoch(train)  [40][1150/1154]  base_lr: 1.2500e-03 lr: 1.2500e-03  eta: 2:15:11  time: 0.0647  data_time: 0.0014  memory: 708  grad_norm: 3.4366  loss: 0.6346  loss_cls: 0.0039  loss_bbox: 0.0781  loss_centerness: 0.5526
2026/03/11 03:42:59 - mmengine - INFO - Exp name: fcos_minecraft_20260311_015948
2026/03/11 03:42:59 - mmengine - INFO - Saving checkpoint at 40 epochs
2026/03/11 03:43:01 - mmengine - INFO - Epoch(val)  [40][ 50/422]    eta: 0:00:06  time: 0.0171  data_time: 0.0009  memory: 708  
2026/03/11 03:43:02 - mmengine - INFO - Epoch(val)  [40][100/422]    eta: 0:00:05  time: 0.0171  data_time: 0.0006  memory: 403  
2026/03/11 03:43:03 - mmengine - INFO - Epoch(val)  [40][150/422]    eta: 0:00:04  time: 0.0168  data_time: 0.0005  memory: 403  
2026/03/11 03:43:04 - mmengine - INFO - Epoch(val)  [40][200/422]    eta: 0:00:03  time: 0.0171  data_time: 0.0006  memory: 403  
2026/03/11 03:43:05 - mmengine - INFO - Epoch(val)  [40][250/422]    eta: 0:00:02  time: 0.0173  data_time: 0.0006  memory: 403  
2026/03/11 03:43:06 - mmengine - INFO - Epoch(val)  [40][300/422]    eta: 0:00:02  time: 0.0177  data_time: 0.0006  memory: 403  
2026/03/11 03:43:06 - mmengine - INFO - Epoch(val)  [40][350/422]    eta: 0:00:01  time: 0.0170  data_time: 0.0006  memory: 403  
2026/03/11 03:43:07 - mmengine - INFO - Epoch(val)  [40][400/422]    eta: 0:00:00  time: 0.0173  data_time: 0.0005  memory: 403  
2026/03/11 03:43:08 - mmengine - INFO - Evaluating bbox...
2026/03/11 03:43:08 - mmengine - INFO - bbox_mAP_copypaste: 0.297 0.449 0.357 0.010 0.175 0.443
2026/03/11 03:43:08 - mmengine - INFO - Epoch(val) [40][422/422]    coco/bbox_mAP: 0.2970  coco/bbox_mAP_50: 0.4490  coco/bbox_mAP_75: 0.3570  coco/bbox_mAP_s: 0.0100  coco/bbox_mAP_m: 0.1750  coco/bbox_mAP_l: 0.4430  data_time: 0.0006  time: 0.0172
2026/03/11 03:43:11 - mmengine - INFO - Epoch(train)  [41][  50/1154]  base_lr: 1.2500e-03 lr: 1.2500e-03  eta: 2:15:00  time: 0.0644  data_time: 0.0015  memory: 708  grad_norm: 3.7464  loss: 0.6343  loss_cls: 0.0052  loss_bbox: 0.0774  loss_centerness: 0.5517
2026/03/11 03:43:15 - mmengine - INFO - Epoch(train)  [41][ 100/1154]  base_lr: 1.2500e-03 lr: 1.2500e-03  eta: 2:14:51  time: 0.0636  data_time: 0.0013  memory: 708  grad_norm: 4.1356  loss: 0.6464  loss_cls: 0.0085  loss_bbox: 0.0898  loss_centerness: 0.5481
2026/03/11 03:43:18 - mmengine - INFO - Epoch(train)  [41][ 150/1154]  base_lr: 1.2500e-03 lr: 1.2500e-03  eta: 2:14:41  time: 0.0640  data_time: 0.0012  memory: 708  grad_norm: 4.0611  loss: 0.6370  loss_cls: 0.0048  loss_bbox: 0.0865  loss_centerness: 0.5457
2026/03/11 03:43:21 - mmengine - INFO - Epoch(train)  [41][ 200/1154]  base_lr: 1.2500e-03 lr: 1.2500e-03  eta: 2:14:31  time: 0.0629  data_time: 0.0012  memory: 708  grad_norm: 4.2205  loss: 0.6465  loss_cls: 0.0098  loss_bbox: 0.0817  loss_centerness: 0.5550
2026/03/11 03:43:24 - mmengine - INFO - Epoch(train)  [41][ 250/1154]  base_lr: 1.2500e-03 lr: 1.2500e-03  eta: 2:14:21  time: 0.0642  data_time: 0.0012  memory: 708  grad_norm: 3.8861  loss: 0.6446  loss_cls: 0.0091  loss_bbox: 0.0863  loss_centerness: 0.5492
2026/03/11 03:43:27 - mmengine - INFO - Epoch(train)  [41][ 300/1154]  base_lr: 1.2500e-03 lr: 1.2500e-03  eta: 2:14:11  time: 0.0635  data_time: 0.0012  memory: 708  grad_norm: 4.3960  loss: 0.6466  loss_cls: 0.0112  loss_bbox: 0.0849  loss_centerness: 0.5504
2026/03/11 03:43:31 - mmengine - INFO - Epoch(train)  [41][ 350/1154]  base_lr: 1.2500e-03 lr: 1.2500e-03  eta: 2:14:02  time: 0.0644  data_time: 0.0013  memory: 708  grad_norm: 3.9943  loss: 0.6514  loss_cls: 0.0084  loss_bbox: 0.0881  loss_centerness: 0.5549
2026/03/11 03:43:34 - mmengine - INFO - Epoch(train)  [41][ 400/1154]  base_lr: 1.2500e-03 lr: 1.2500e-03  eta: 2:13:52  time: 0.0642  data_time: 0.0013  memory: 708  grad_norm: 3.7948  loss: 0.6384  loss_cls: 0.0062  loss_bbox: 0.0776  loss_centerness: 0.5546
2026/03/11 03:43:37 - mmengine - INFO - Epoch(train)  [41][ 450/1154]  base_lr: 1.2500e-03 lr: 1.2500e-03  eta: 2:13:42  time: 0.0631  data_time: 0.0012  memory: 708  grad_norm: 3.7904  loss: 0.6362  loss_cls: 0.0070  loss_bbox: 0.0769  loss_centerness: 0.5523
2026/03/11 03:43:40 - mmengine - INFO - Epoch(train)  [41][ 500/1154]  base_lr: 1.2500e-03 lr: 1.2500e-03  eta: 2:13:32  time: 0.0647  data_time: 0.0013  memory: 708  grad_norm: 4.3799  loss: 0.6529  loss_cls: 0.0082  loss_bbox: 0.0891  loss_centerness: 0.5557
2026/03/11 03:43:43 - mmengine - INFO - Epoch(train)  [41][ 550/1154]  base_lr: 1.2500e-03 lr: 1.2500e-03  eta: 2:13:23  time: 0.0640  data_time: 0.0013  memory: 708  grad_norm: 4.4998  loss: 0.6606  loss_cls: 0.0076  loss_bbox: 0.0991  loss_centerness: 0.5539
2026/03/11 03:43:46 - mmengine - INFO - Epoch(train)  [41][ 600/1154]  base_lr: 1.2500e-03 lr: 1.2500e-03  eta: 2:13:13  time: 0.0629  data_time: 0.0012  memory: 708  grad_norm: 3.9152  loss: 0.6321  loss_cls: 0.0067  loss_bbox: 0.0753  loss_centerness: 0.5502
2026/03/11 03:43:50 - mmengine - INFO - Epoch(train)  [41][ 650/1154]  base_lr: 1.2500e-03 lr: 1.2500e-03  eta: 2:13:03  time: 0.0643  data_time: 0.0013  memory: 708  grad_norm: 4.0018  loss: 0.6433  loss_cls: 0.0055  loss_bbox: 0.0838  loss_centerness: 0.5540
2026/03/11 03:43:53 - mmengine - INFO - Epoch(train)  [41][ 700/1154]  base_lr: 1.2500e-03 lr: 1.2500e-03  eta: 2:12:54  time: 0.0633  data_time: 0.0012  memory: 708  grad_norm: 3.8297  loss: 0.6348  loss_cls: 0.0073  loss_bbox: 0.0744  loss_centerness: 0.5531
2026/03/11 03:43:56 - mmengine - INFO - Epoch(train)  [41][ 750/1154]  base_lr: 1.2500e-03 lr: 1.2500e-03  eta: 2:12:44  time: 0.0643  data_time: 0.0013  memory: 708  grad_norm: 3.7986  loss: 0.6190  loss_cls: 0.0082  loss_bbox: 0.0696  loss_centerness: 0.5412
2026/03/11 03:43:59 - mmengine - INFO - Epoch(train)  [41][ 800/1154]  base_lr: 1.2500e-03 lr: 1.2500e-03  eta: 2:12:34  time: 0.0643  data_time: 0.0014  memory: 708  grad_norm: 4.0881  loss: 0.6447  loss_cls: 0.0072  loss_bbox: 0.0878  loss_centerness: 0.5497
2026/03/11 03:44:02 - mmengine - INFO - Exp name: fcos_minecraft_20260311_015948
2026/03/11 03:44:02 - mmengine - INFO - Epoch(train)  [41][ 850/1154]  base_lr: 1.2500e-03 lr: 1.2500e-03  eta: 2:12:25  time: 0.0631  data_time: 0.0012  memory: 708  grad_norm: 4.4051  loss: 0.6516  loss_cls: 0.0075  loss_bbox: 0.0932  loss_centerness: 0.5509
2026/03/11 03:44:06 - mmengine - INFO - Epoch(train)  [41][ 900/1154]  base_lr: 1.2500e-03 lr: 1.2500e-03  eta: 2:12:15  time: 0.0647  data_time: 0.0013  memory: 708  grad_norm: 3.9504  loss: 0.6440  loss_cls: 0.0064  loss_bbox: 0.0839  loss_centerness: 0.5537
2026/03/11 03:44:09 - mmengine - INFO - Epoch(train)  [41][ 950/1154]  base_lr: 1.2500e-03 lr: 1.2500e-03  eta: 2:12:06  time: 0.0640  data_time: 0.0012  memory: 708  grad_norm: 4.2831  loss: 0.6486  loss_cls: 0.0081  loss_bbox: 0.0848  loss_centerness: 0.5557
2026/03/11 03:44:12 - mmengine - INFO - Epoch(train)  [41][1000/1154]  base_lr: 1.2500e-03 lr: 1.2500e-03  eta: 2:11:56  time: 0.0640  data_time: 0.0012  memory: 708  grad_norm: 3.9058  loss: 0.6543  loss_cls: 0.0072  loss_bbox: 0.0865  loss_centerness: 0.5606
2026/03/11 03:44:15 - mmengine - INFO - Epoch(train)  [41][1050/1154]  base_lr: 1.2500e-03 lr: 1.2500e-03  eta: 2:11:46  time: 0.0645  data_time: 0.0013  memory: 708  grad_norm: 3.9133  loss: 0.6379  loss_cls: 0.0071  loss_bbox: 0.0807  loss_centerness: 0.5502
2026/03/11 03:44:19 - mmengine - INFO - Epoch(train)  [41][1100/1154]  base_lr: 1.2500e-03 lr: 1.2500e-03  eta: 2:11:37  time: 0.0635  data_time: 0.0012  memory: 708  grad_norm: 3.5698  loss: 0.6228  loss_cls: 0.0062  loss_bbox: 0.0664  loss_centerness: 0.5502
2026/03/11 03:44:22 - mmengine - INFO - Epoch(train)  [41][1150/1154]  base_lr: 1.2500e-03 lr: 1.2500e-03  eta: 2:11:27  time: 0.0634  data_time: 0.0013  memory: 708  grad_norm: 5.0144  loss: 0.6793  loss_cls: 0.0190  loss_bbox: 0.1000  loss_centerness: 0.5604
2026/03/11 03:44:22 - mmengine - INFO - Exp name: fcos_minecraft_20260311_015948
2026/03/11 03:44:22 - mmengine - INFO - Saving checkpoint at 41 epochs
2026/03/11 03:44:24 - mmengine - INFO - Epoch(val)  [41][ 50/422]    eta: 0:00:06  time: 0.0173  data_time: 0.0009  memory: 708  
2026/03/11 03:44:25 - mmengine - INFO - Epoch(val)  [41][100/422]    eta: 0:00:05  time: 0.0168  data_time: 0.0007  memory: 403  
2026/03/11 03:44:26 - mmengine - INFO - Epoch(val)  [41][150/422]    eta: 0:00:04  time: 0.0171  data_time: 0.0006  memory: 403  
2026/03/11 03:44:27 - mmengine - INFO - Epoch(val)  [41][200/422]    eta: 0:00:03  time: 0.0170  data_time: 0.0007  memory: 403  
2026/03/11 03:44:28 - mmengine - INFO - Epoch(val)  [41][250/422]    eta: 0:00:02  time: 0.0174  data_time: 0.0007  memory: 403  
2026/03/11 03:44:28 - mmengine - INFO - Epoch(val)  [41][300/422]    eta: 0:00:02  time: 0.0174  data_time: 0.0005  memory: 403  
2026/03/11 03:44:29 - mmengine - INFO - Epoch(val)  [41][350/422]    eta: 0:00:01  time: 0.0174  data_time: 0.0007  memory: 403  
2026/03/11 03:44:30 - mmengine - INFO - Epoch(val)  [41][400/422]    eta: 0:00:00  time: 0.0169  data_time: 0.0005  memory: 403  
2026/03/11 03:44:31 - mmengine - INFO - Evaluating bbox...
2026/03/11 03:44:31 - mmengine - INFO - bbox_mAP_copypaste: 0.284 0.502 0.326 0.024 0.170 0.430
2026/03/11 03:44:31 - mmengine - INFO - Epoch(val) [41][422/422]    coco/bbox_mAP: 0.2840  coco/bbox_mAP_50: 0.5020  coco/bbox_mAP_75: 0.3260  coco/bbox_mAP_s: 0.0240  coco/bbox_mAP_m: 0.1700  coco/bbox_mAP_l: 0.4300  data_time: 0.0007  time: 0.0172
2026/03/11 03:44:34 - mmengine - INFO - Epoch(train)  [42][  50/1154]  base_lr: 1.2500e-03 lr: 1.2500e-03  eta: 2:11:17  time: 0.0642  data_time: 0.0013  memory: 708  grad_norm: 4.0034  loss: 0.6496  loss_cls: 0.0062  loss_bbox: 0.0865  loss_centerness: 0.5569
2026/03/11 03:44:38 - mmengine - INFO - Epoch(train)  [42][ 100/1154]  base_lr: 1.2500e-03 lr: 1.2500e-03  eta: 2:11:07  time: 0.0627  data_time: 0.0012  memory: 708  grad_norm: 3.9170  loss: 0.6401  loss_cls: 0.0055  loss_bbox: 0.0839  loss_centerness: 0.5507
2026/03/11 03:44:41 - mmengine - INFO - Epoch(train)  [42][ 150/1154]  base_lr: 1.2500e-03 lr: 1.2500e-03  eta: 2:10:58  time: 0.0641  data_time: 0.0012  memory: 708  grad_norm: 3.8137  loss: 0.6413  loss_cls: 0.0061  loss_bbox: 0.0873  loss_centerness: 0.5478
2026/03/11 03:44:44 - mmengine - INFO - Epoch(train)  [42][ 200/1154]  base_lr: 1.2500e-03 lr: 1.2500e-03  eta: 2:10:48  time: 0.0634  data_time: 0.0012  memory: 708  grad_norm: 3.8003  loss: 0.6220  loss_cls: 0.0062  loss_bbox: 0.0685  loss_centerness: 0.5474
2026/03/11 03:44:47 - mmengine - INFO - Epoch(train)  [42][ 250/1154]  base_lr: 1.2500e-03 lr: 1.2500e-03  eta: 2:10:39  time: 0.0642  data_time: 0.0013  memory: 708  grad_norm: 3.8142  loss: 0.6375  loss_cls: 0.0067  loss_bbox: 0.0766  loss_centerness: 0.5542
2026/03/11 03:44:50 - mmengine - INFO - Epoch(train)  [42][ 300/1154]  base_lr: 1.2500e-03 lr: 1.2500e-03  eta: 2:10:30  time: 0.0641  data_time: 0.0013  memory: 708  grad_norm: 3.9638  loss: 0.6346  loss_cls: 0.0059  loss_bbox: 0.0829  loss_centerness: 0.5459
2026/03/11 03:44:53 - mmengine - INFO - Epoch(train)  [42][ 350/1154]  base_lr: 1.2500e-03 lr: 1.2500e-03  eta: 2:10:20  time: 0.0630  data_time: 0.0013  memory: 708  grad_norm: 3.9848  loss: 0.6464  loss_cls: 0.0080  loss_bbox: 0.0842  loss_centerness: 0.5542
2026/03/11 03:44:57 - mmengine - INFO - Epoch(train)  [42][ 400/1154]  base_lr: 1.2500e-03 lr: 1.2500e-03  eta: 2:10:11  time: 0.0649  data_time: 0.0013  memory: 708  grad_norm: 3.9416  loss: 0.6369  loss_cls: 0.0078  loss_bbox: 0.0806  loss_centerness: 0.5486
2026/03/11 03:45:00 - mmengine - INFO - Epoch(train)  [42][ 450/1154]  base_lr: 1.2500e-03 lr: 1.2500e-03  eta: 2:10:01  time: 0.0646  data_time: 0.0013  memory: 708  grad_norm: 4.3058  loss: 0.6622  loss_cls: 0.0097  loss_bbox: 0.0998  loss_centerness: 0.5527
2026/03/11 03:45:03 - mmengine - INFO - Epoch(train)  [42][ 500/1154]  base_lr: 1.2500e-03 lr: 1.2500e-03  eta: 2:09:52  time: 0.0627  data_time: 0.0012  memory: 708  grad_norm: 3.7680  loss: 0.6355  loss_cls: 0.0087  loss_bbox: 0.0832  loss_centerness: 0.5437
2026/03/11 03:45:06 - mmengine - INFO - Epoch(train)  [42][ 550/1154]  base_lr: 1.2500e-03 lr: 1.2500e-03  eta: 2:09:42  time: 0.0645  data_time: 0.0012  memory: 708  grad_norm: 3.7841  loss: 0.6393  loss_cls: 0.0044  loss_bbox: 0.0803  loss_centerness: 0.5547
2026/03/11 03:45:10 - mmengine - INFO - Epoch(train)  [42][ 600/1154]  base_lr: 1.2500e-03 lr: 1.2500e-03  eta: 2:09:33  time: 0.0641  data_time: 0.0014  memory: 708  grad_norm: 3.5771  loss: 0.6348  loss_cls: 0.0055  loss_bbox: 0.0789  loss_centerness: 0.5504
2026/03/11 03:45:13 - mmengine - INFO - Epoch(train)  [42][ 650/1154]  base_lr: 1.2500e-03 lr: 1.2500e-03  eta: 2:09:24  time: 0.0644  data_time: 0.0013  memory: 708  grad_norm: 3.5554  loss: 0.6353  loss_cls: 0.0047  loss_bbox: 0.0785  loss_centerness: 0.5521
2026/03/11 03:45:15 - mmengine - INFO - Exp name: fcos_minecraft_20260311_015948
2026/03/11 03:45:16 - mmengine - INFO - Epoch(train)  [42][ 700/1154]  base_lr: 1.2500e-03 lr: 1.2500e-03  eta: 2:09:14  time: 0.0644  data_time: 0.0012  memory: 708  grad_norm: 4.2838  loss: 0.6503  loss_cls: 0.0055  loss_bbox: 0.0870  loss_centerness: 0.5578
2026/03/11 03:45:19 - mmengine - INFO - Epoch(train)  [42][ 750/1154]  base_lr: 1.2500e-03 lr: 1.2500e-03  eta: 2:09:05  time: 0.0631  data_time: 0.0013  memory: 708  grad_norm: 3.8511  loss: 0.6397  loss_cls: 0.0054  loss_bbox: 0.0766  loss_centerness: 0.5577
2026/03/11 03:45:22 - mmengine - INFO - Epoch(train)  [42][ 800/1154]  base_lr: 1.2500e-03 lr: 1.2500e-03  eta: 2:08:56  time: 0.0649  data_time: 0.0013  memory: 708  grad_norm: 3.8106  loss: 0.6358  loss_cls: 0.0094  loss_bbox: 0.0743  loss_centerness: 0.5521
2026/03/11 03:45:26 - mmengine - INFO - Epoch(train)  [42][ 850/1154]  base_lr: 1.2500e-03 lr: 1.2500e-03  eta: 2:08:46  time: 0.0639  data_time: 0.0014  memory: 708  grad_norm: 3.6312  loss: 0.6239  loss_cls: 0.0065  loss_bbox: 0.0704  loss_centerness: 0.5470
2026/03/11 03:45:29 - mmengine - INFO - Epoch(train)  [42][ 900/1154]  base_lr: 1.2500e-03 lr: 1.2500e-03  eta: 2:08:37  time: 0.0634  data_time: 0.0012  memory: 708  grad_norm: 3.9325  loss: 0.6450  loss_cls: 0.0062  loss_bbox: 0.0815  loss_centerness: 0.5573
2026/03/11 03:45:32 - mmengine - INFO - Epoch(train)  [42][ 950/1154]  base_lr: 1.2500e-03 lr: 1.2500e-03  eta: 2:08:28  time: 0.0642  data_time: 0.0013  memory: 708  grad_norm: 4.3976  loss: 0.6472  loss_cls: 0.0059  loss_bbox: 0.0876  loss_centerness: 0.5537
2026/03/11 03:45:35 - mmengine - INFO - Epoch(train)  [42][1000/1154]  base_lr: 1.2500e-03 lr: 1.2500e-03  eta: 2:08:19  time: 0.0634  data_time: 0.0014  memory: 708  grad_norm: 4.6392  loss: 0.6760  loss_cls: 0.0070  loss_bbox: 0.1160  loss_centerness: 0.5530
2026/03/11 03:45:38 - mmengine - INFO - Epoch(train)  [42][1050/1154]  base_lr: 1.2500e-03 lr: 1.2500e-03  eta: 2:08:09  time: 0.0644  data_time: 0.0012  memory: 708  grad_norm: 4.4952  loss: 0.6507  loss_cls: 0.0054  loss_bbox: 0.0929  loss_centerness: 0.5524
2026/03/11 03:45:42 - mmengine - INFO - Epoch(train)  [42][1100/1154]  base_lr: 1.2500e-03 lr: 1.2500e-03  eta: 2:08:00  time: 0.0644  data_time: 0.0013  memory: 708  grad_norm: 4.3034  loss: 0.6598  loss_cls: 0.0083  loss_bbox: 0.0999  loss_centerness: 0.5516
2026/03/11 03:45:45 - mmengine - INFO - Epoch(train)  [42][1150/1154]  base_lr: 1.2500e-03 lr: 1.2500e-03  eta: 2:07:51  time: 0.0644  data_time: 0.0013  memory: 708  grad_norm: 4.0113  loss: 0.6347  loss_cls: 0.0075  loss_bbox: 0.0785  loss_centerness: 0.5487
2026/03/11 03:45:45 - mmengine - INFO - Exp name: fcos_minecraft_20260311_015948
2026/03/11 03:45:45 - mmengine - INFO - Saving checkpoint at 42 epochs
2026/03/11 03:45:47 - mmengine - INFO - Epoch(val)  [42][ 50/422]    eta: 0:00:06  time: 0.0166  data_time: 0.0007  memory: 708  
2026/03/11 03:45:48 - mmengine - INFO - Epoch(val)  [42][100/422]    eta: 0:00:05  time: 0.0163  data_time: 0.0006  memory: 403  
2026/03/11 03:45:49 - mmengine - INFO - Epoch(val)  [42][150/422]    eta: 0:00:04  time: 0.0163  data_time: 0.0006  memory: 403  
2026/03/11 03:45:50 - mmengine - INFO - Epoch(val)  [42][200/422]    eta: 0:00:03  time: 0.0167  data_time: 0.0007  memory: 403  
2026/03/11 03:45:51 - mmengine - INFO - Epoch(val)  [42][250/422]    eta: 0:00:02  time: 0.0176  data_time: 0.0004  memory: 403  
2026/03/11 03:45:52 - mmengine - INFO - Epoch(val)  [42][300/422]    eta: 0:00:02  time: 0.0174  data_time: 0.0006  memory: 403  
2026/03/11 03:45:52 - mmengine - INFO - Epoch(val)  [42][350/422]    eta: 0:00:01  time: 0.0171  data_time: 0.0006  memory: 403  
2026/03/11 03:45:53 - mmengine - INFO - Epoch(val)  [42][400/422]    eta: 0:00:00  time: 0.0171  data_time: 0.0006  memory: 403  
2026/03/11 03:45:54 - mmengine - INFO - Evaluating bbox...
2026/03/11 03:45:54 - mmengine - INFO - bbox_mAP_copypaste: 0.290 0.482 0.355 0.023 0.146 0.436
2026/03/11 03:45:54 - mmengine - INFO - Epoch(val) [42][422/422]    coco/bbox_mAP: 0.2900  coco/bbox_mAP_50: 0.4820  coco/bbox_mAP_75: 0.3550  coco/bbox_mAP_s: 0.0230  coco/bbox_mAP_m: 0.1460  coco/bbox_mAP_l: 0.4360  data_time: 0.0006  time: 0.0169
2026/03/11 03:45:57 - mmengine - INFO - Epoch(train)  [43][  50/1154]  base_lr: 1.2500e-03 lr: 1.2500e-03  eta: 2:07:41  time: 0.0646  data_time: 0.0017  memory: 708  grad_norm: 3.9523  loss: 0.6511  loss_cls: 0.0064  loss_bbox: 0.0902  loss_centerness: 0.5545
2026/03/11 03:46:00 - mmengine - INFO - Epoch(train)  [43][ 100/1154]  base_lr: 1.2500e-03 lr: 1.2500e-03  eta: 2:07:32  time: 0.0635  data_time: 0.0013  memory: 708  grad_norm: 3.8745  loss: 0.6444  loss_cls: 0.0057  loss_bbox: 0.0786  loss_centerness: 0.5600
2026/03/11 03:46:04 - mmengine - INFO - Epoch(train)  [43][ 150/1154]  base_lr: 1.2500e-03 lr: 1.2500e-03  eta: 2:07:23  time: 0.0647  data_time: 0.0012  memory: 708  grad_norm: 4.2186  loss: 0.6472  loss_cls: 0.0072  loss_bbox: 0.0861  loss_centerness: 0.5539
2026/03/11 03:46:07 - mmengine - INFO - Epoch(train)  [43][ 200/1154]  base_lr: 1.2500e-03 lr: 1.2500e-03  eta: 2:07:13  time: 0.0642  data_time: 0.0013  memory: 708  grad_norm: 4.1989  loss: 0.6572  loss_cls: 0.0068  loss_bbox: 0.0959  loss_centerness: 0.5545
2026/03/11 03:46:10 - mmengine - INFO - Epoch(train)  [43][ 250/1154]  base_lr: 1.2500e-03 lr: 1.2500e-03  eta: 2:07:04  time: 0.0629  data_time: 0.0012  memory: 708  grad_norm: 3.8849  loss: 0.6411  loss_cls: 0.0079  loss_bbox: 0.0864  loss_centerness: 0.5468
2026/03/11 03:46:13 - mmengine - INFO - Epoch(train)  [43][ 300/1154]  base_lr: 1.2500e-03 lr: 1.2500e-03  eta: 2:06:55  time: 0.0642  data_time: 0.0013  memory: 708  grad_norm: 3.8425  loss: 0.6313  loss_cls: 0.0057  loss_bbox: 0.0783  loss_centerness: 0.5473
2026/03/11 03:46:16 - mmengine - INFO - Epoch(train)  [43][ 350/1154]  base_lr: 1.2500e-03 lr: 1.2500e-03  eta: 2:06:46  time: 0.0640  data_time: 0.0012  memory: 708  grad_norm: 3.7908  loss: 0.6453  loss_cls: 0.0049  loss_bbox: 0.0825  loss_centerness: 0.5578
2026/03/11 03:46:20 - mmengine - INFO - Epoch(train)  [43][ 400/1154]  base_lr: 1.2500e-03 lr: 1.2500e-03  eta: 2:06:37  time: 0.0631  data_time: 0.0012  memory: 708  grad_norm: 3.7944  loss: 0.6357  loss_cls: 0.0046  loss_bbox: 0.0803  loss_centerness: 0.5507
2026/03/11 03:46:23 - mmengine - INFO - Epoch(train)  [43][ 450/1154]  base_lr: 1.2500e-03 lr: 1.2500e-03  eta: 2:06:28  time: 0.0642  data_time: 0.0013  memory: 708  grad_norm: 3.8872  loss: 0.6265  loss_cls: 0.0066  loss_bbox: 0.0738  loss_centerness: 0.5461
2026/03/11 03:46:26 - mmengine - INFO - Epoch(train)  [43][ 500/1154]  base_lr: 1.2500e-03 lr: 1.2500e-03  eta: 2:06:18  time: 0.0632  data_time: 0.0013  memory: 708  grad_norm: 4.0014  loss: 0.6513  loss_cls: 0.0088  loss_bbox: 0.0859  loss_centerness: 0.5566
2026/03/11 03:46:28 - mmengine - INFO - Exp name: fcos_minecraft_20260311_015948
2026/03/11 03:46:29 - mmengine - INFO - Epoch(train)  [43][ 550/1154]  base_lr: 1.2500e-03 lr: 1.2500e-03  eta: 2:06:09  time: 0.0653  data_time: 0.0014  memory: 708  grad_norm: 3.9778  loss: 0.6448  loss_cls: 0.0056  loss_bbox: 0.0819  loss_centerness: 0.5573
2026/03/11 03:46:33 - mmengine - INFO - Epoch(train)  [43][ 600/1154]  base_lr: 1.2500e-03 lr: 1.2500e-03  eta: 2:06:00  time: 0.0645  data_time: 0.0013  memory: 708  grad_norm: 4.1291  loss: 0.6425  loss_cls: 0.0056  loss_bbox: 0.0849  loss_centerness: 0.5520
2026/03/11 03:46:36 - mmengine - INFO - Epoch(train)  [43][ 650/1154]  base_lr: 1.2500e-03 lr: 1.2500e-03  eta: 2:05:51  time: 0.0631  data_time: 0.0012  memory: 708  grad_norm: 4.0465  loss: 0.6307  loss_cls: 0.0082  loss_bbox: 0.0785  loss_centerness: 0.5440
2026/03/11 03:46:39 - mmengine - INFO - Epoch(train)  [43][ 700/1154]  base_lr: 1.2500e-03 lr: 1.2500e-03  eta: 2:05:42  time: 0.0645  data_time: 0.0012  memory: 708  grad_norm: 3.5942  loss: 0.6259  loss_cls: 0.0078  loss_bbox: 0.0690  loss_centerness: 0.5491
2026/03/11 03:46:42 - mmengine - INFO - Epoch(train)  [43][ 750/1154]  base_lr: 1.2500e-03 lr: 1.2500e-03  eta: 2:05:33  time: 0.0638  data_time: 0.0013  memory: 708  grad_norm: 3.8152  loss: 0.6397  loss_cls: 0.0063  loss_bbox: 0.0804  loss_centerness: 0.5531
2026/03/11 03:46:45 - mmengine - INFO - Epoch(train)  [43][ 800/1154]  base_lr: 1.2500e-03 lr: 1.2500e-03  eta: 2:05:24  time: 0.0632  data_time: 0.0012  memory: 708  grad_norm: 3.9346  loss: 0.6383  loss_cls: 0.0037  loss_bbox: 0.0804  loss_centerness: 0.5542
2026/03/11 03:46:48 - mmengine - INFO - Epoch(train)  [43][ 850/1154]  base_lr: 1.2500e-03 lr: 1.2500e-03  eta: 2:05:15  time: 0.0648  data_time: 0.0014  memory: 708  grad_norm: 4.2388  loss: 0.6380  loss_cls: 0.0072  loss_bbox: 0.0865  loss_centerness: 0.5444
2026/03/11 03:46:52 - mmengine - INFO - Epoch(train)  [43][ 900/1154]  base_lr: 1.2500e-03 lr: 1.2500e-03  eta: 2:05:06  time: 0.0642  data_time: 0.0013  memory: 708  grad_norm: 3.9544  loss: 0.6385  loss_cls: 0.0066  loss_bbox: 0.0848  loss_centerness: 0.5470
2026/03/11 03:46:55 - mmengine - INFO - Epoch(train)  [43][ 950/1154]  base_lr: 1.2500e-03 lr: 1.2500e-03  eta: 2:04:57  time: 0.0642  data_time: 0.0013  memory: 708  grad_norm: 3.8556  loss: 0.6416  loss_cls: 0.0042  loss_bbox: 0.0822  loss_centerness: 0.5553
2026/03/11 03:46:58 - mmengine - INFO - Epoch(train)  [43][1000/1154]  base_lr: 1.2500e-03 lr: 1.2500e-03  eta: 2:04:48  time: 0.0641  data_time: 0.0013  memory: 708  grad_norm: 4.2265  loss: 0.6525  loss_cls: 0.0068  loss_bbox: 0.0900  loss_centerness: 0.5557
2026/03/11 03:47:01 - mmengine - INFO - Epoch(train)  [43][1050/1154]  base_lr: 1.2500e-03 lr: 1.2500e-03  eta: 2:04:39  time: 0.0631  data_time: 0.0013  memory: 708  grad_norm: 3.8779  loss: 0.6419  loss_cls: 0.0051  loss_bbox: 0.0842  loss_centerness: 0.5525
2026/03/11 03:47:04 - mmengine - INFO - Epoch(train)  [43][1100/1154]  base_lr: 1.2500e-03 lr: 1.2500e-03  eta: 2:04:30  time: 0.0638  data_time: 0.0012  memory: 708  grad_norm: 4.7089  loss: 0.6597  loss_cls: 0.0077  loss_bbox: 0.1061  loss_centerness: 0.5460
2026/03/11 03:47:08 - mmengine - INFO - Epoch(train)  [43][1150/1154]  base_lr: 1.2500e-03 lr: 1.2500e-03  eta: 2:04:21  time: 0.0639  data_time: 0.0012  memory: 708  grad_norm: 3.8318  loss: 0.6345  loss_cls: 0.0055  loss_bbox: 0.0792  loss_centerness: 0.5498
2026/03/11 03:47:08 - mmengine - INFO - Exp name: fcos_minecraft_20260311_015948
2026/03/11 03:47:08 - mmengine - INFO - Saving checkpoint at 43 epochs
2026/03/11 03:47:10 - mmengine - INFO - Epoch(val)  [43][ 50/422]    eta: 0:00:06  time: 0.0166  data_time: 0.0007  memory: 708  
2026/03/11 03:47:11 - mmengine - INFO - Epoch(val)  [43][100/422]    eta: 0:00:05  time: 0.0165  data_time: 0.0006  memory: 403  
2026/03/11 03:47:12 - mmengine - INFO - Epoch(val)  [43][150/422]    eta: 0:00:04  time: 0.0169  data_time: 0.0005  memory: 403  
2026/03/11 03:47:13 - mmengine - INFO - Epoch(val)  [43][200/422]    eta: 0:00:03  time: 0.0172  data_time: 0.0006  memory: 403  
2026/03/11 03:47:14 - mmengine - INFO - Epoch(val)  [43][250/422]    eta: 0:00:02  time: 0.0168  data_time: 0.0007  memory: 403  
2026/03/11 03:47:14 - mmengine - INFO - Epoch(val)  [43][300/422]    eta: 0:00:02  time: 0.0169  data_time: 0.0008  memory: 403  
2026/03/11 03:47:15 - mmengine - INFO - Epoch(val)  [43][350/422]    eta: 0:00:01  time: 0.0167  data_time: 0.0006  memory: 403  
2026/03/11 03:47:16 - mmengine - INFO - Epoch(val)  [43][400/422]    eta: 0:00:00  time: 0.0175  data_time: 0.0006  memory: 403  
2026/03/11 03:47:17 - mmengine - INFO - Evaluating bbox...
2026/03/11 03:47:17 - mmengine - INFO - bbox_mAP_copypaste: 0.290 0.488 0.340 0.020 0.177 0.431
2026/03/11 03:47:17 - mmengine - INFO - Epoch(val) [43][422/422]    coco/bbox_mAP: 0.2900  coco/bbox_mAP_50: 0.4880  coco/bbox_mAP_75: 0.3400  coco/bbox_mAP_s: 0.0200  coco/bbox_mAP_m: 0.1770  coco/bbox_mAP_l: 0.4310  data_time: 0.0006  time: 0.0169
2026/03/11 03:47:20 - mmengine - INFO - Epoch(train)  [44][  50/1154]  base_lr: 1.2500e-03 lr: 1.2500e-03  eta: 2:04:11  time: 0.0640  data_time: 0.0017  memory: 708  grad_norm: 4.1782  loss: 0.6344  loss_cls: 0.0061  loss_bbox: 0.0821  loss_centerness: 0.5462
2026/03/11 03:47:23 - mmengine - INFO - Epoch(train)  [44][ 100/1154]  base_lr: 1.2500e-03 lr: 1.2500e-03  eta: 2:04:03  time: 0.0640  data_time: 0.0013  memory: 708  grad_norm: 4.1417  loss: 0.6383  loss_cls: 0.0075  loss_bbox: 0.0840  loss_centerness: 0.5467
2026/03/11 03:47:27 - mmengine - INFO - Epoch(train)  [44][ 150/1154]  base_lr: 1.2500e-03 lr: 1.2500e-03  eta: 2:03:54  time: 0.0630  data_time: 0.0012  memory: 708  grad_norm: 3.7878  loss: 0.6280  loss_cls: 0.0067  loss_bbox: 0.0742  loss_centerness: 0.5471
2026/03/11 03:47:30 - mmengine - INFO - Epoch(train)  [44][ 200/1154]  base_lr: 1.2500e-03 lr: 1.2500e-03  eta: 2:03:45  time: 0.0638  data_time: 0.0012  memory: 708  grad_norm: 4.5310  loss: 0.6406  loss_cls: 0.0149  loss_bbox: 0.0781  loss_centerness: 0.5476
2026/03/11 03:47:33 - mmengine - INFO - Epoch(train)  [44][ 250/1154]  base_lr: 1.2500e-03 lr: 1.2500e-03  eta: 2:03:36  time: 0.0637  data_time: 0.0011  memory: 708  grad_norm: 4.6246  loss: 0.6449  loss_cls: 0.0118  loss_bbox: 0.0823  loss_centerness: 0.5508
2026/03/11 03:47:36 - mmengine - INFO - Epoch(train)  [44][ 300/1154]  base_lr: 1.2500e-03 lr: 1.2500e-03  eta: 2:03:27  time: 0.0635  data_time: 0.0012  memory: 708  grad_norm: 4.3119  loss: 0.6590  loss_cls: 0.0128  loss_bbox: 0.0877  loss_centerness: 0.5585
2026/03/11 03:47:39 - mmengine - INFO - Epoch(train)  [44][ 350/1154]  base_lr: 1.2500e-03 lr: 1.2500e-03  eta: 2:03:18  time: 0.0639  data_time: 0.0011  memory: 708  grad_norm: 3.9555  loss: 0.6457  loss_cls: 0.0079  loss_bbox: 0.0921  loss_centerness: 0.5458
2026/03/11 03:47:41 - mmengine - INFO - Exp name: fcos_minecraft_20260311_015948
2026/03/11 03:47:42 - mmengine - INFO - Epoch(train)  [44][ 400/1154]  base_lr: 1.2500e-03 lr: 1.2500e-03  eta: 2:03:09  time: 0.0633  data_time: 0.0012  memory: 708  grad_norm: 3.8282  loss: 0.6428  loss_cls: 0.0076  loss_bbox: 0.0810  loss_centerness: 0.5542
2026/03/11 03:47:46 - mmengine - INFO - Epoch(train)  [44][ 450/1154]  base_lr: 1.2500e-03 lr: 1.2500e-03  eta: 2:03:00  time: 0.0644  data_time: 0.0012  memory: 708  grad_norm: 3.6367  loss: 0.6342  loss_cls: 0.0061  loss_bbox: 0.0750  loss_centerness: 0.5531
2026/03/11 03:47:49 - mmengine - INFO - Epoch(train)  [44][ 500/1154]  base_lr: 1.2500e-03 lr: 1.2500e-03  eta: 2:02:51  time: 0.0633  data_time: 0.0012  memory: 708  grad_norm: 4.3351  loss: 0.6463  loss_cls: 0.0061  loss_bbox: 0.0919  loss_centerness: 0.5483
2026/03/11 03:47:52 - mmengine - INFO - Epoch(train)  [44][ 550/1154]  base_lr: 1.2500e-03 lr: 1.2500e-03  eta: 2:02:42  time: 0.0627  data_time: 0.0013  memory: 708  grad_norm: 4.1217  loss: 0.6514  loss_cls: 0.0090  loss_bbox: 0.0897  loss_centerness: 0.5527
2026/03/11 03:47:55 - mmengine - INFO - Epoch(train)  [44][ 600/1154]  base_lr: 1.2500e-03 lr: 1.2500e-03  eta: 2:02:34  time: 0.0638  data_time: 0.0012  memory: 708  grad_norm: 4.1259  loss: 0.6408  loss_cls: 0.0056  loss_bbox: 0.0857  loss_centerness: 0.5495
2026/03/11 03:47:58 - mmengine - INFO - Epoch(train)  [44][ 650/1154]  base_lr: 1.2500e-03 lr: 1.2500e-03  eta: 2:02:25  time: 0.0638  data_time: 0.0013  memory: 708  grad_norm: 4.0899  loss: 0.6484  loss_cls: 0.0079  loss_bbox: 0.0876  loss_centerness: 0.5528
2026/03/11 03:48:02 - mmengine - INFO - Epoch(train)  [44][ 700/1154]  base_lr: 1.2500e-03 lr: 1.2500e-03  eta: 2:02:16  time: 0.0633  data_time: 0.0013  memory: 708  grad_norm: 3.8563  loss: 0.6322  loss_cls: 0.0077  loss_bbox: 0.0749  loss_centerness: 0.5496
2026/03/11 03:48:05 - mmengine - INFO - Epoch(train)  [44][ 750/1154]  base_lr: 1.2500e-03 lr: 1.2500e-03  eta: 2:02:07  time: 0.0639  data_time: 0.0012  memory: 708  grad_norm: 3.8812  loss: 0.6388  loss_cls: 0.0064  loss_bbox: 0.0815  loss_centerness: 0.5510
2026/03/11 03:48:08 - mmengine - INFO - Epoch(train)  [44][ 800/1154]  base_lr: 1.2500e-03 lr: 1.2500e-03  eta: 2:01:58  time: 0.0629  data_time: 0.0013  memory: 708  grad_norm: 3.7830  loss: 0.6327  loss_cls: 0.0057  loss_bbox: 0.0768  loss_centerness: 0.5501
2026/03/11 03:48:11 - mmengine - INFO - Epoch(train)  [44][ 850/1154]  base_lr: 1.2500e-03 lr: 1.2500e-03  eta: 2:01:50  time: 0.0638  data_time: 0.0014  memory: 708  grad_norm: 4.0958  loss: 0.6467  loss_cls: 0.0056  loss_bbox: 0.0858  loss_centerness: 0.5553
2026/03/11 03:48:14 - mmengine - INFO - Epoch(train)  [44][ 900/1154]  base_lr: 1.2500e-03 lr: 1.2500e-03  eta: 2:01:41  time: 0.0638  data_time: 0.0012  memory: 708  grad_norm: 4.2739  loss: 0.6442  loss_cls: 0.0075  loss_bbox: 0.0861  loss_centerness: 0.5506
2026/03/11 03:48:17 - mmengine - INFO - Epoch(train)  [44][ 950/1154]  base_lr: 1.2500e-03 lr: 1.2500e-03  eta: 2:01:32  time: 0.0626  data_time: 0.0012  memory: 708  grad_norm: 3.9432  loss: 0.6430  loss_cls: 0.0044  loss_bbox: 0.0796  loss_centerness: 0.5589
2026/03/11 03:48:21 - mmengine - INFO - Epoch(train)  [44][1000/1154]  base_lr: 1.2500e-03 lr: 1.2500e-03  eta: 2:01:23  time: 0.0638  data_time: 0.0013  memory: 708  grad_norm: 3.7241  loss: 0.6445  loss_cls: 0.0052  loss_bbox: 0.0776  loss_centerness: 0.5617
2026/03/11 03:48:24 - mmengine - INFO - Epoch(train)  [44][1050/1154]  base_lr: 1.2500e-03 lr: 1.2500e-03  eta: 2:01:14  time: 0.0637  data_time: 0.0013  memory: 708  grad_norm: 3.7297  loss: 0.6345  loss_cls: 0.0078  loss_bbox: 0.0752  loss_centerness: 0.5514
2026/03/11 03:48:27 - mmengine - INFO - Epoch(train)  [44][1100/1154]  base_lr: 1.2500e-03 lr: 1.2500e-03  eta: 2:01:06  time: 0.0641  data_time: 0.0013  memory: 708  grad_norm: 3.8897  loss: 0.6334  loss_cls: 0.0038  loss_bbox: 0.0762  loss_centerness: 0.5534
2026/03/11 03:48:30 - mmengine - INFO - Epoch(train)  [44][1150/1154]  base_lr: 1.2500e-03 lr: 1.2500e-03  eta: 2:00:57  time: 0.0638  data_time: 0.0012  memory: 708  grad_norm: 4.1304  loss: 0.6400  loss_cls: 0.0074  loss_bbox: 0.0845  loss_centerness: 0.5482
2026/03/11 03:48:30 - mmengine - INFO - Exp name: fcos_minecraft_20260311_015948
2026/03/11 03:48:30 - mmengine - INFO - Saving checkpoint at 44 epochs
2026/03/11 03:48:33 - mmengine - INFO - Epoch(val)  [44][ 50/422]    eta: 0:00:06  time: 0.0166  data_time: 0.0007  memory: 708  
2026/03/11 03:48:33 - mmengine - INFO - Epoch(val)  [44][100/422]    eta: 0:00:05  time: 0.0168  data_time: 0.0007  memory: 403  
2026/03/11 03:48:34 - mmengine - INFO - Epoch(val)  [44][150/422]    eta: 0:00:04  time: 0.0171  data_time: 0.0007  memory: 403  
2026/03/11 03:48:35 - mmengine - INFO - Epoch(val)  [44][200/422]    eta: 0:00:03  time: 0.0169  data_time: 0.0005  memory: 403  
2026/03/11 03:48:36 - mmengine - INFO - Epoch(val)  [44][250/422]    eta: 0:00:02  time: 0.0167  data_time: 0.0006  memory: 403  
2026/03/11 03:48:37 - mmengine - INFO - Epoch(val)  [44][300/422]    eta: 0:00:02  time: 0.0169  data_time: 0.0004  memory: 403  
2026/03/11 03:48:38 - mmengine - INFO - Epoch(val)  [44][350/422]    eta: 0:00:01  time: 0.0172  data_time: 0.0007  memory: 403  
2026/03/11 03:48:39 - mmengine - INFO - Epoch(val)  [44][400/422]    eta: 0:00:00  time: 0.0174  data_time: 0.0006  memory: 403  
2026/03/11 03:48:39 - mmengine - INFO - Evaluating bbox...
2026/03/11 03:48:39 - mmengine - INFO - bbox_mAP_copypaste: 0.298 0.488 0.352 0.025 0.167 0.436
2026/03/11 03:48:39 - mmengine - INFO - Epoch(val) [44][422/422]    coco/bbox_mAP: 0.2980  coco/bbox_mAP_50: 0.4880  coco/bbox_mAP_75: 0.3520  coco/bbox_mAP_s: 0.0250  coco/bbox_mAP_m: 0.1670  coco/bbox_mAP_l: 0.4360  data_time: 0.0006  time: 0.0169
2026/03/11 03:48:43 - mmengine - INFO - Epoch(train)  [45][  50/1154]  base_lr: 1.2500e-03 lr: 1.2500e-03  eta: 2:00:48  time: 0.0630  data_time: 0.0015  memory: 708  grad_norm: 3.9845  loss: 0.6371  loss_cls: 0.0090  loss_bbox: 0.0748  loss_centerness: 0.5533
2026/03/11 03:48:46 - mmengine - INFO - Epoch(train)  [45][ 100/1154]  base_lr: 1.2500e-03 lr: 1.2500e-03  eta: 2:00:39  time: 0.0641  data_time: 0.0013  memory: 708  grad_norm: 4.3035  loss: 0.6332  loss_cls: 0.0081  loss_bbox: 0.0780  loss_centerness: 0.5471
2026/03/11 03:48:49 - mmengine - INFO - Epoch(train)  [45][ 150/1154]  base_lr: 1.2500e-03 lr: 1.2500e-03  eta: 2:00:30  time: 0.0632  data_time: 0.0012  memory: 708  grad_norm: 4.1571  loss: 0.6406  loss_cls: 0.0083  loss_bbox: 0.0807  loss_centerness: 0.5516
2026/03/11 03:48:52 - mmengine - INFO - Epoch(train)  [45][ 200/1154]  base_lr: 1.2500e-03 lr: 1.2500e-03  eta: 2:00:22  time: 0.0637  data_time: 0.0012  memory: 708  grad_norm: 3.9677  loss: 0.6232  loss_cls: 0.0063  loss_bbox: 0.0682  loss_centerness: 0.5488
2026/03/11 03:48:54 - mmengine - INFO - Exp name: fcos_minecraft_20260311_015948
2026/03/11 03:48:55 - mmengine - INFO - Epoch(train)  [45][ 250/1154]  base_lr: 1.2500e-03 lr: 1.2500e-03  eta: 2:00:13  time: 0.0639  data_time: 0.0012  memory: 708  grad_norm: 3.9782  loss: 0.6448  loss_cls: 0.0098  loss_bbox: 0.0794  loss_centerness: 0.5555
2026/03/11 03:48:59 - mmengine - INFO - Epoch(train)  [45][ 300/1154]  base_lr: 1.2500e-03 lr: 1.2500e-03  eta: 2:00:04  time: 0.0643  data_time: 0.0014  memory: 708  grad_norm: 3.7261  loss: 0.6376  loss_cls: 0.0105  loss_bbox: 0.0719  loss_centerness: 0.5552
2026/03/11 03:49:02 - mmengine - INFO - Epoch(train)  [45][ 350/1154]  base_lr: 1.2500e-03 lr: 1.2500e-03  eta: 1:59:56  time: 0.0629  data_time: 0.0013  memory: 708  grad_norm: 3.7626  loss: 0.6285  loss_cls: 0.0068  loss_bbox: 0.0703  loss_centerness: 0.5515
2026/03/11 03:49:05 - mmengine - INFO - Epoch(train)  [45][ 400/1154]  base_lr: 1.2500e-03 lr: 1.2500e-03  eta: 1:59:47  time: 0.0636  data_time: 0.0013  memory: 708  grad_norm: 3.7867  loss: 0.6305  loss_cls: 0.0063  loss_bbox: 0.0738  loss_centerness: 0.5504
2026/03/11 03:49:08 - mmengine - INFO - Epoch(train)  [45][ 450/1154]  base_lr: 1.2500e-03 lr: 1.2500e-03  eta: 1:59:38  time: 0.0631  data_time: 0.0012  memory: 708  grad_norm: 3.9289  loss: 0.6361  loss_cls: 0.0043  loss_bbox: 0.0813  loss_centerness: 0.5504
2026/03/11 03:49:11 - mmengine - INFO - Epoch(train)  [45][ 500/1154]  base_lr: 1.2500e-03 lr: 1.2500e-03  eta: 1:59:30  time: 0.0630  data_time: 0.0012  memory: 708  grad_norm: 3.8305  loss: 0.6262  loss_cls: 0.0050  loss_bbox: 0.0741  loss_centerness: 0.5471
2026/03/11 03:49:14 - mmengine - INFO - Epoch(train)  [45][ 550/1154]  base_lr: 1.2500e-03 lr: 1.2500e-03  eta: 1:59:21  time: 0.0630  data_time: 0.0014  memory: 708  grad_norm: 3.7953  loss: 0.6380  loss_cls: 0.0068  loss_bbox: 0.0810  loss_centerness: 0.5503
2026/03/11 03:49:18 - mmengine - INFO - Epoch(train)  [45][ 600/1154]  base_lr: 1.2500e-03 lr: 1.2500e-03  eta: 1:59:12  time: 0.0638  data_time: 0.0012  memory: 708  grad_norm: 4.2063  loss: 0.6405  loss_cls: 0.0062  loss_bbox: 0.0848  loss_centerness: 0.5495
2026/03/11 03:49:21 - mmengine - INFO - Epoch(train)  [45][ 650/1154]  base_lr: 1.2500e-03 lr: 1.2500e-03  eta: 1:59:04  time: 0.0639  data_time: 0.0013  memory: 708  grad_norm: 3.8852  loss: 0.6360  loss_cls: 0.0053  loss_bbox: 0.0804  loss_centerness: 0.5502
2026/03/11 03:49:24 - mmengine - INFO - Epoch(train)  [45][ 700/1154]  base_lr: 1.2500e-03 lr: 1.2500e-03  eta: 1:58:55  time: 0.0632  data_time: 0.0012  memory: 708  grad_norm: 3.6130  loss: 0.6302  loss_cls: 0.0046  loss_bbox: 0.0710  loss_centerness: 0.5546
2026/03/11 03:49:27 - mmengine - INFO - Epoch(train)  [45][ 750/1154]  base_lr: 1.2500e-03 lr: 1.2500e-03  eta: 1:58:47  time: 0.0646  data_time: 0.0013  memory: 708  grad_norm: 3.9694  loss: 0.6374  loss_cls: 0.0045  loss_bbox: 0.0805  loss_centerness: 0.5524
2026/03/11 03:49:30 - mmengine - INFO - Epoch(train)  [45][ 800/1154]  base_lr: 1.2500e-03 lr: 1.2500e-03  eta: 1:58:38  time: 0.0635  data_time: 0.0012  memory: 708  grad_norm: 4.2033  loss: 0.6442  loss_cls: 0.0040  loss_bbox: 0.0889  loss_centerness: 0.5513
2026/03/11 03:49:34 - mmengine - INFO - Epoch(train)  [45][ 850/1154]  base_lr: 1.2500e-03 lr: 1.2500e-03  eta: 1:58:30  time: 0.0634  data_time: 0.0013  memory: 708  grad_norm: 4.2096  loss: 0.6380  loss_cls: 0.0046  loss_bbox: 0.0844  loss_centerness: 0.5490
2026/03/11 03:49:37 - mmengine - INFO - Epoch(train)  [45][ 900/1154]  base_lr: 1.2500e-03 lr: 1.2500e-03  eta: 1:58:21  time: 0.0641  data_time: 0.0012  memory: 708  grad_norm: 4.0656  loss: 0.6438  loss_cls: 0.0082  loss_bbox: 0.0842  loss_centerness: 0.5514
2026/03/11 03:49:40 - mmengine - INFO - Epoch(train)  [45][ 950/1154]  base_lr: 1.2500e-03 lr: 1.2500e-03  eta: 1:58:13  time: 0.0629  data_time: 0.0013  memory: 708  grad_norm: 4.5767  loss: 0.6542  loss_cls: 0.0044  loss_bbox: 0.0974  loss_centerness: 0.5525
2026/03/11 03:49:43 - mmengine - INFO - Epoch(train)  [45][1000/1154]  base_lr: 1.2500e-03 lr: 1.2500e-03  eta: 1:58:04  time: 0.0640  data_time: 0.0013  memory: 708  grad_norm: 4.1918  loss: 0.6541  loss_cls: 0.0029  loss_bbox: 0.0974  loss_centerness: 0.5538
2026/03/11 03:49:46 - mmengine - INFO - Epoch(train)  [45][1050/1154]  base_lr: 1.2500e-03 lr: 1.2500e-03  eta: 1:57:56  time: 0.0640  data_time: 0.0013  memory: 708  grad_norm: 4.0040  loss: 0.6577  loss_cls: 0.0053  loss_bbox: 0.0960  loss_centerness: 0.5565
2026/03/11 03:49:49 - mmengine - INFO - Epoch(train)  [45][1100/1154]  base_lr: 1.2500e-03 lr: 1.2500e-03  eta: 1:57:47  time: 0.0631  data_time: 0.0013  memory: 708  grad_norm: 4.4529  loss: 0.6542  loss_cls: 0.0073  loss_bbox: 0.0994  loss_centerness: 0.5476
2026/03/11 03:49:53 - mmengine - INFO - Epoch(train)  [45][1150/1154]  base_lr: 1.2500e-03 lr: 1.2500e-03  eta: 1:57:39  time: 0.0630  data_time: 0.0011  memory: 708  grad_norm: 3.7974  loss: 0.6263  loss_cls: 0.0050  loss_bbox: 0.0726  loss_centerness: 0.5488
2026/03/11 03:49:53 - mmengine - INFO - Exp name: fcos_minecraft_20260311_015948
2026/03/11 03:49:53 - mmengine - INFO - Saving checkpoint at 45 epochs
2026/03/11 03:49:55 - mmengine - INFO - Epoch(val)  [45][ 50/422]    eta: 0:00:06  time: 0.0169  data_time: 0.0008  memory: 708  
2026/03/11 03:49:56 - mmengine - INFO - Epoch(val)  [45][100/422]    eta: 0:00:05  time: 0.0173  data_time: 0.0006  memory: 403  
2026/03/11 03:49:57 - mmengine - INFO - Epoch(val)  [45][150/422]    eta: 0:00:04  time: 0.0171  data_time: 0.0005  memory: 403  
2026/03/11 03:49:58 - mmengine - INFO - Epoch(val)  [45][200/422]    eta: 0:00:03  time: 0.0168  data_time: 0.0006  memory: 403  
2026/03/11 03:49:58 - mmengine - INFO - Epoch(val)  [45][250/422]    eta: 0:00:02  time: 0.0172  data_time: 0.0005  memory: 403  
2026/03/11 03:49:59 - mmengine - INFO - Epoch(val)  [45][300/422]    eta: 0:00:02  time: 0.0176  data_time: 0.0005  memory: 403  
2026/03/11 03:50:00 - mmengine - INFO - Epoch(val)  [45][350/422]    eta: 0:00:01  time: 0.0174  data_time: 0.0006  memory: 403  
2026/03/11 03:50:01 - mmengine - INFO - Epoch(val)  [45][400/422]    eta: 0:00:00  time: 0.0172  data_time: 0.0005  memory: 403  
2026/03/11 03:50:02 - mmengine - INFO - Evaluating bbox...
2026/03/11 03:50:02 - mmengine - INFO - bbox_mAP_copypaste: 0.293 0.483 0.322 0.035 0.166 0.438
2026/03/11 03:50:02 - mmengine - INFO - Epoch(val) [45][422/422]    coco/bbox_mAP: 0.2930  coco/bbox_mAP_50: 0.4830  coco/bbox_mAP_75: 0.3220  coco/bbox_mAP_s: 0.0350  coco/bbox_mAP_m: 0.1660  coco/bbox_mAP_l: 0.4380  data_time: 0.0006  time: 0.0172
2026/03/11 03:50:05 - mmengine - INFO - Epoch(train)  [46][  50/1154]  base_lr: 1.2500e-03 lr: 1.2500e-03  eta: 1:57:29  time: 0.0640  data_time: 0.0014  memory: 708  grad_norm: 4.0350  loss: 0.6400  loss_cls: 0.0039  loss_bbox: 0.0861  loss_centerness: 0.5500
2026/03/11 03:50:06 - mmengine - INFO - Exp name: fcos_minecraft_20260311_015948
2026/03/11 03:50:08 - mmengine - INFO - Epoch(train)  [46][ 100/1154]  base_lr: 1.2500e-03 lr: 1.2500e-03  eta: 1:57:21  time: 0.0626  data_time: 0.0011  memory: 708  grad_norm: 4.3123  loss: 0.6557  loss_cls: 0.0073  loss_bbox: 0.0923  loss_centerness: 0.5561
2026/03/11 03:50:11 - mmengine - INFO - Epoch(train)  [46][ 150/1154]  base_lr: 1.2500e-03 lr: 1.2500e-03  eta: 1:57:12  time: 0.0630  data_time: 0.0013  memory: 708  grad_norm: 5.6641  loss: 0.6788  loss_cls: 0.0255  loss_bbox: 0.0999  loss_centerness: 0.5535
2026/03/11 03:50:15 - mmengine - INFO - Epoch(train)  [46][ 200/1154]  base_lr: 1.2500e-03 lr: 1.2500e-03  eta: 1:57:04  time: 0.0628  data_time: 0.0012  memory: 708  grad_norm: 4.2196  loss: 0.6451  loss_cls: 0.0098  loss_bbox: 0.0827  loss_centerness: 0.5526
2026/03/11 03:50:18 - mmengine - INFO - Epoch(train)  [46][ 250/1154]  base_lr: 1.2500e-03 lr: 1.2500e-03  eta: 1:56:56  time: 0.0642  data_time: 0.0012  memory: 708  grad_norm: 4.1139  loss: 0.6433  loss_cls: 0.0065  loss_bbox: 0.0851  loss_centerness: 0.5517
2026/03/11 03:50:21 - mmengine - INFO - Epoch(train)  [46][ 300/1154]  base_lr: 1.2500e-03 lr: 1.2500e-03  eta: 1:56:47  time: 0.0630  data_time: 0.0012  memory: 708  grad_norm: 3.7701  loss: 0.6403  loss_cls: 0.0068  loss_bbox: 0.0783  loss_centerness: 0.5552
2026/03/11 03:50:24 - mmengine - INFO - Epoch(train)  [46][ 350/1154]  base_lr: 1.2500e-03 lr: 1.2500e-03  eta: 1:56:39  time: 0.0636  data_time: 0.0012  memory: 708  grad_norm: 3.7140  loss: 0.6402  loss_cls: 0.0063  loss_bbox: 0.0805  loss_centerness: 0.5533
2026/03/11 03:50:27 - mmengine - INFO - Epoch(train)  [46][ 400/1154]  base_lr: 1.2500e-03 lr: 1.2500e-03  eta: 1:56:30  time: 0.0640  data_time: 0.0014  memory: 708  grad_norm: 3.9792  loss: 0.6362  loss_cls: 0.0098  loss_bbox: 0.0768  loss_centerness: 0.5496
2026/03/11 03:50:31 - mmengine - INFO - Epoch(train)  [46][ 450/1154]  base_lr: 1.2500e-03 lr: 1.2500e-03  eta: 1:56:22  time: 0.0631  data_time: 0.0012  memory: 708  grad_norm: 4.9160  loss: 0.6529  loss_cls: 0.0224  loss_bbox: 0.0761  loss_centerness: 0.5544
2026/03/11 03:50:34 - mmengine - INFO - Epoch(train)  [46][ 500/1154]  base_lr: 1.2500e-03 lr: 1.2500e-03  eta: 1:56:14  time: 0.0648  data_time: 0.0014  memory: 708  grad_norm: 4.2754  loss: 0.6530  loss_cls: 0.0106  loss_bbox: 0.0955  loss_centerness: 0.5469
2026/03/11 03:50:37 - mmengine - INFO - Epoch(train)  [46][ 550/1154]  base_lr: 1.2500e-03 lr: 1.2500e-03  eta: 1:56:05  time: 0.0635  data_time: 0.0012  memory: 708  grad_norm: 4.5974  loss: 0.6557  loss_cls: 0.0080  loss_bbox: 0.0985  loss_centerness: 0.5492
2026/03/11 03:50:40 - mmengine - INFO - Epoch(train)  [46][ 600/1154]  base_lr: 1.2500e-03 lr: 1.2500e-03  eta: 1:55:57  time: 0.0632  data_time: 0.0013  memory: 708  grad_norm: 4.0285  loss: 0.6323  loss_cls: 0.0088  loss_bbox: 0.0740  loss_centerness: 0.5494
2026/03/11 03:50:43 - mmengine - INFO - Epoch(train)  [46][ 650/1154]  base_lr: 1.2500e-03 lr: 1.2500e-03  eta: 1:55:49  time: 0.0641  data_time: 0.0013  memory: 708  grad_norm: 4.0086  loss: 0.6450  loss_cls: 0.0106  loss_bbox: 0.0839  loss_centerness: 0.5505
2026/03/11 03:50:46 - mmengine - INFO - Epoch(train)  [46][ 700/1154]  base_lr: 1.2500e-03 lr: 1.2500e-03  eta: 1:55:40  time: 0.0634  data_time: 0.0012  memory: 708  grad_norm: 4.5773  loss: 0.6639  loss_cls: 0.0072  loss_bbox: 0.1029  loss_centerness: 0.5539
2026/03/11 03:50:50 - mmengine - INFO - Epoch(train)  [46][ 750/1154]  base_lr: 1.2500e-03 lr: 1.2500e-03  eta: 1:55:32  time: 0.0640  data_time: 0.0013  memory: 708  grad_norm: 4.2451  loss: 0.6447  loss_cls: 0.0085  loss_bbox: 0.0861  loss_centerness: 0.5501
2026/03/11 03:50:53 - mmengine - INFO - Epoch(train)  [46][ 800/1154]  base_lr: 1.2500e-03 lr: 1.2500e-03  eta: 1:55:24  time: 0.0641  data_time: 0.0013  memory: 708  grad_norm: 4.4539  loss: 0.6662  loss_cls: 0.0093  loss_bbox: 0.1024  loss_centerness: 0.5546
2026/03/11 03:50:56 - mmengine - INFO - Epoch(train)  [46][ 850/1154]  base_lr: 1.2500e-03 lr: 1.2500e-03  eta: 1:55:15  time: 0.0628  data_time: 0.0012  memory: 708  grad_norm: 4.1149  loss: 0.6448  loss_cls: 0.0084  loss_bbox: 0.0812  loss_centerness: 0.5552
2026/03/11 03:50:59 - mmengine - INFO - Epoch(train)  [46][ 900/1154]  base_lr: 1.2500e-03 lr: 1.2500e-03  eta: 1:55:07  time: 0.0642  data_time: 0.0014  memory: 708  grad_norm: 4.0795  loss: 0.6378  loss_cls: 0.0088  loss_bbox: 0.0806  loss_centerness: 0.5484
2026/03/11 03:51:02 - mmengine - INFO - Epoch(train)  [46][ 950/1154]  base_lr: 1.2500e-03 lr: 1.2500e-03  eta: 1:54:59  time: 0.0639  data_time: 0.0012  memory: 708  grad_norm: 4.0255  loss: 0.6436  loss_cls: 0.0065  loss_bbox: 0.0836  loss_centerness: 0.5535
2026/03/11 03:51:06 - mmengine - INFO - Epoch(train)  [46][1000/1154]  base_lr: 1.2500e-03 lr: 1.2500e-03  eta: 1:54:51  time: 0.0636  data_time: 0.0012  memory: 708  grad_norm: 4.2167  loss: 0.6500  loss_cls: 0.0060  loss_bbox: 0.0917  loss_centerness: 0.5523
2026/03/11 03:51:09 - mmengine - INFO - Epoch(train)  [46][1050/1154]  base_lr: 1.2500e-03 lr: 1.2500e-03  eta: 1:54:42  time: 0.0638  data_time: 0.0012  memory: 708  grad_norm: 4.4383  loss: 0.6620  loss_cls: 0.0048  loss_bbox: 0.1045  loss_centerness: 0.5528
2026/03/11 03:51:10 - mmengine - INFO - Exp name: fcos_minecraft_20260311_015948
2026/03/11 03:51:12 - mmengine - INFO - Epoch(train)  [46][1100/1154]  base_lr: 1.2500e-03 lr: 1.2500e-03  eta: 1:54:34  time: 0.0629  data_time: 0.0012  memory: 708  grad_norm: 3.6470  loss: 0.6290  loss_cls: 0.0042  loss_bbox: 0.0768  loss_centerness: 0.5479
2026/03/11 03:51:15 - mmengine - INFO - Epoch(train)  [46][1150/1154]  base_lr: 1.2500e-03 lr: 1.2500e-03  eta: 1:54:26  time: 0.0639  data_time: 0.0012  memory: 708  grad_norm: 4.1129  loss: 0.6407  loss_cls: 0.0063  loss_bbox: 0.0862  loss_centerness: 0.5482
2026/03/11 03:51:15 - mmengine - INFO - Exp name: fcos_minecraft_20260311_015948
2026/03/11 03:51:15 - mmengine - INFO - Saving checkpoint at 46 epochs
2026/03/11 03:51:18 - mmengine - INFO - Epoch(val)  [46][ 50/422]    eta: 0:00:06  time: 0.0174  data_time: 0.0007  memory: 708  
2026/03/11 03:51:18 - mmengine - INFO - Epoch(val)  [46][100/422]    eta: 0:00:05  time: 0.0170  data_time: 0.0006  memory: 403  
2026/03/11 03:51:19 - mmengine - INFO - Epoch(val)  [46][150/422]    eta: 0:00:04  time: 0.0166  data_time: 0.0006  memory: 403  
2026/03/11 03:51:20 - mmengine - INFO - Epoch(val)  [46][200/422]    eta: 0:00:03  time: 0.0165  data_time: 0.0006  memory: 403  
2026/03/11 03:51:21 - mmengine - INFO - Epoch(val)  [46][250/422]    eta: 0:00:02  time: 0.0169  data_time: 0.0007  memory: 403  
2026/03/11 03:51:22 - mmengine - INFO - Epoch(val)  [46][300/422]    eta: 0:00:02  time: 0.0181  data_time: 0.0006  memory: 403  
2026/03/11 03:51:23 - mmengine - INFO - Epoch(val)  [46][350/422]    eta: 0:00:01  time: 0.0178  data_time: 0.0006  memory: 403  
2026/03/11 03:51:24 - mmengine - INFO - Epoch(val)  [46][400/422]    eta: 0:00:00  time: 0.0172  data_time: 0.0006  memory: 403  
2026/03/11 03:51:24 - mmengine - INFO - Evaluating bbox...
2026/03/11 03:51:24 - mmengine - INFO - bbox_mAP_copypaste: 0.245 0.456 0.267 0.022 0.163 0.347
2026/03/11 03:51:24 - mmengine - INFO - Epoch(val) [46][422/422]    coco/bbox_mAP: 0.2450  coco/bbox_mAP_50: 0.4560  coco/bbox_mAP_75: 0.2670  coco/bbox_mAP_s: 0.0220  coco/bbox_mAP_m: 0.1630  coco/bbox_mAP_l: 0.3470  data_time: 0.0006  time: 0.0172
2026/03/11 03:51:28 - mmengine - INFO - Epoch(train)  [47][  50/1154]  base_lr: 1.2500e-03 lr: 1.2500e-03  eta: 1:54:17  time: 0.0640  data_time: 0.0014  memory: 708  grad_norm: 4.1600  loss: 0.6492  loss_cls: 0.0046  loss_bbox: 0.0907  loss_centerness: 0.5538
2026/03/11 03:51:31 - mmengine - INFO - Epoch(train)  [47][ 100/1154]  base_lr: 1.2500e-03 lr: 1.2500e-03  eta: 1:54:09  time: 0.0637  data_time: 0.0012  memory: 708  grad_norm: 3.7312  loss: 0.6335  loss_cls: 0.0040  loss_bbox: 0.0746  loss_centerness: 0.5549
2026/03/11 03:51:34 - mmengine - INFO - Epoch(train)  [47][ 150/1154]  base_lr: 1.2500e-03 lr: 1.2500e-03  eta: 1:54:00  time: 0.0640  data_time: 0.0013  memory: 708  grad_norm: 3.5388  loss: 0.6284  loss_cls: 0.0051  loss_bbox: 0.0711  loss_centerness: 0.5522
2026/03/11 03:51:37 - mmengine - INFO - Epoch(train)  [47][ 200/1154]  base_lr: 1.2500e-03 lr: 1.2500e-03  eta: 1:53:52  time: 0.0630  data_time: 0.0014  memory: 708  grad_norm: 4.0108  loss: 0.6438  loss_cls: 0.0056  loss_bbox: 0.0827  loss_centerness: 0.5555
2026/03/11 03:51:40 - mmengine - INFO - Epoch(train)  [47][ 250/1154]  base_lr: 1.2500e-03 lr: 1.2500e-03  eta: 1:53:44  time: 0.0638  data_time: 0.0012  memory: 708  grad_norm: 4.1013  loss: 0.6396  loss_cls: 0.0047  loss_bbox: 0.0798  loss_centerness: 0.5551
2026/03/11 03:51:44 - mmengine - INFO - Epoch(train)  [47][ 300/1154]  base_lr: 1.2500e-03 lr: 1.2500e-03  eta: 1:53:36  time: 0.0637  data_time: 0.0012  memory: 708  grad_norm: 4.1022  loss: 0.6335  loss_cls: 0.0062  loss_bbox: 0.0751  loss_centerness: 0.5522
2026/03/11 03:51:47 - mmengine - INFO - Epoch(train)  [47][ 350/1154]  base_lr: 1.2500e-03 lr: 1.2500e-03  eta: 1:53:28  time: 0.0630  data_time: 0.0013  memory: 708  grad_norm: 4.4969  loss: 0.6560  loss_cls: 0.0106  loss_bbox: 0.0991  loss_centerness: 0.5463
2026/03/11 03:51:50 - mmengine - INFO - Epoch(train)  [47][ 400/1154]  base_lr: 1.2500e-03 lr: 1.2500e-03  eta: 1:53:19  time: 0.0642  data_time: 0.0013  memory: 708  grad_norm: 3.8043  loss: 0.6310  loss_cls: 0.0072  loss_bbox: 0.0776  loss_centerness: 0.5461
2026/03/11 03:51:53 - mmengine - INFO - Epoch(train)  [47][ 450/1154]  base_lr: 1.2500e-03 lr: 1.2500e-03  eta: 1:53:11  time: 0.0632  data_time: 0.0013  memory: 708  grad_norm: 4.4284  loss: 0.6446  loss_cls: 0.0074  loss_bbox: 0.0879  loss_centerness: 0.5493
2026/03/11 03:51:56 - mmengine - INFO - Epoch(train)  [47][ 500/1154]  base_lr: 1.2500e-03 lr: 1.2500e-03  eta: 1:53:03  time: 0.0635  data_time: 0.0012  memory: 708  grad_norm: 4.1710  loss: 0.6532  loss_cls: 0.0072  loss_bbox: 0.0958  loss_centerness: 0.5502
2026/03/11 03:52:00 - mmengine - INFO - Epoch(train)  [47][ 550/1154]  base_lr: 1.2500e-03 lr: 1.2500e-03  eta: 1:52:55  time: 0.0645  data_time: 0.0013  memory: 708  grad_norm: 3.9971  loss: 0.6346  loss_cls: 0.0053  loss_bbox: 0.0740  loss_centerness: 0.5554
2026/03/11 03:52:03 - mmengine - INFO - Epoch(train)  [47][ 600/1154]  base_lr: 1.2500e-03 lr: 1.2500e-03  eta: 1:52:47  time: 0.0628  data_time: 0.0012  memory: 708  grad_norm: 3.7267  loss: 0.6313  loss_cls: 0.0044  loss_bbox: 0.0767  loss_centerness: 0.5502
2026/03/11 03:52:06 - mmengine - INFO - Epoch(train)  [47][ 650/1154]  base_lr: 1.2500e-03 lr: 1.2500e-03  eta: 1:52:39  time: 0.0630  data_time: 0.0012  memory: 708  grad_norm: 3.8984  loss: 0.6271  loss_cls: 0.0051  loss_bbox: 0.0762  loss_centerness: 0.5458
2026/03/11 03:52:09 - mmengine - INFO - Epoch(train)  [47][ 700/1154]  base_lr: 1.2500e-03 lr: 1.2500e-03  eta: 1:52:31  time: 0.0636  data_time: 0.0013  memory: 708  grad_norm: 3.7391  loss: 0.6347  loss_cls: 0.0039  loss_bbox: 0.0774  loss_centerness: 0.5534
2026/03/11 03:52:12 - mmengine - INFO - Epoch(train)  [47][ 750/1154]  base_lr: 1.2500e-03 lr: 1.2500e-03  eta: 1:52:22  time: 0.0634  data_time: 0.0013  memory: 708  grad_norm: 3.9264  loss: 0.6341  loss_cls: 0.0046  loss_bbox: 0.0814  loss_centerness: 0.5481
2026/03/11 03:52:15 - mmengine - INFO - Epoch(train)  [47][ 800/1154]  base_lr: 1.2500e-03 lr: 1.2500e-03  eta: 1:52:14  time: 0.0640  data_time: 0.0012  memory: 708  grad_norm: 3.9847  loss: 0.6357  loss_cls: 0.0040  loss_bbox: 0.0829  loss_centerness: 0.5488
2026/03/11 03:52:19 - mmengine - INFO - Epoch(train)  [47][ 850/1154]  base_lr: 1.2500e-03 lr: 1.2500e-03  eta: 1:52:06  time: 0.0631  data_time: 0.0013  memory: 708  grad_norm: 4.4983  loss: 0.6547  loss_cls: 0.0060  loss_bbox: 0.0993  loss_centerness: 0.5494
2026/03/11 03:52:22 - mmengine - INFO - Epoch(train)  [47][ 900/1154]  base_lr: 1.2500e-03 lr: 1.2500e-03  eta: 1:51:58  time: 0.0638  data_time: 0.0013  memory: 708  grad_norm: 4.0983  loss: 0.6538  loss_cls: 0.0059  loss_bbox: 0.0890  loss_centerness: 0.5588
2026/03/11 03:52:23 - mmengine - INFO - Exp name: fcos_minecraft_20260311_015948
2026/03/11 03:52:25 - mmengine - INFO - Epoch(train)  [47][ 950/1154]  base_lr: 1.2500e-03 lr: 1.2500e-03  eta: 1:51:50  time: 0.0648  data_time: 0.0014  memory: 708  grad_norm: 4.3310  loss: 0.6410  loss_cls: 0.0076  loss_bbox: 0.0843  loss_centerness: 0.5492
2026/03/11 03:52:28 - mmengine - INFO - Epoch(train)  [47][1000/1154]  base_lr: 1.2500e-03 lr: 1.2500e-03  eta: 1:51:42  time: 0.0630  data_time: 0.0013  memory: 708  grad_norm: 3.9369  loss: 0.6337  loss_cls: 0.0057  loss_bbox: 0.0768  loss_centerness: 0.5513
2026/03/11 03:52:31 - mmengine - INFO - Epoch(train)  [47][1050/1154]  base_lr: 1.2500e-03 lr: 1.2500e-03  eta: 1:51:34  time: 0.0638  data_time: 0.0013  memory: 708  grad_norm: 3.6366  loss: 0.6283  loss_cls: 0.0048  loss_bbox: 0.0741  loss_centerness: 0.5494
2026/03/11 03:52:35 - mmengine - INFO - Epoch(train)  [47][1100/1154]  base_lr: 1.2500e-03 lr: 1.2500e-03  eta: 1:51:26  time: 0.0637  data_time: 0.0013  memory: 708  grad_norm: 4.1421  loss: 0.6528  loss_cls: 0.0064  loss_bbox: 0.0925  loss_centerness: 0.5539
2026/03/11 03:52:38 - mmengine - INFO - Epoch(train)  [47][1150/1154]  base_lr: 1.2500e-03 lr: 1.2500e-03  eta: 1:51:18  time: 0.0633  data_time: 0.0012  memory: 708  grad_norm: 4.0716  loss: 0.6367  loss_cls: 0.0060  loss_bbox: 0.0779  loss_centerness: 0.5527
2026/03/11 03:52:38 - mmengine - INFO - Exp name: fcos_minecraft_20260311_015948
2026/03/11 03:52:38 - mmengine - INFO - Saving checkpoint at 47 epochs
2026/03/11 03:52:40 - mmengine - INFO - Epoch(val)  [47][ 50/422]    eta: 0:00:06  time: 0.0173  data_time: 0.0009  memory: 708  
2026/03/11 03:52:41 - mmengine - INFO - Epoch(val)  [47][100/422]    eta: 0:00:05  time: 0.0168  data_time: 0.0006  memory: 403  
2026/03/11 03:52:42 - mmengine - INFO - Epoch(val)  [47][150/422]    eta: 0:00:04  time: 0.0167  data_time: 0.0005  memory: 403  
2026/03/11 03:52:43 - mmengine - INFO - Epoch(val)  [47][200/422]    eta: 0:00:03  time: 0.0169  data_time: 0.0004  memory: 403  
2026/03/11 03:52:44 - mmengine - INFO - Epoch(val)  [47][250/422]    eta: 0:00:02  time: 0.0170  data_time: 0.0006  memory: 403  
2026/03/11 03:52:45 - mmengine - INFO - Epoch(val)  [47][300/422]    eta: 0:00:02  time: 0.0172  data_time: 0.0004  memory: 403  
2026/03/11 03:52:45 - mmengine - INFO - Epoch(val)  [47][350/422]    eta: 0:00:01  time: 0.0167  data_time: 0.0006  memory: 403  
2026/03/11 03:52:46 - mmengine - INFO - Epoch(val)  [47][400/422]    eta: 0:00:00  time: 0.0167  data_time: 0.0004  memory: 403  
2026/03/11 03:52:47 - mmengine - INFO - Evaluating bbox...
2026/03/11 03:52:47 - mmengine - INFO - bbox_mAP_copypaste: 0.304 0.490 0.362 0.027 0.185 0.447
2026/03/11 03:52:47 - mmengine - INFO - Epoch(val) [47][422/422]    coco/bbox_mAP: 0.3040  coco/bbox_mAP_50: 0.4900  coco/bbox_mAP_75: 0.3620  coco/bbox_mAP_s: 0.0270  coco/bbox_mAP_m: 0.1850  coco/bbox_mAP_l: 0.4470  data_time: 0.0005  time: 0.0169
2026/03/11 03:52:50 - mmengine - INFO - Epoch(train)  [48][  50/1154]  base_lr: 1.2500e-03 lr: 1.2500e-03  eta: 1:51:09  time: 0.0634  data_time: 0.0017  memory: 708  grad_norm: 4.0858  loss: 0.6449  loss_cls: 0.0051  loss_bbox: 0.0890  loss_centerness: 0.5508
2026/03/11 03:52:53 - mmengine - INFO - Epoch(train)  [48][ 100/1154]  base_lr: 1.2500e-03 lr: 1.2500e-03  eta: 1:51:01  time: 0.0630  data_time: 0.0012  memory: 708  grad_norm: 4.0603  loss: 0.6341  loss_cls: 0.0062  loss_bbox: 0.0843  loss_centerness: 0.5437
2026/03/11 03:52:57 - mmengine - INFO - Epoch(train)  [48][ 150/1154]  base_lr: 1.2500e-03 lr: 1.2500e-03  eta: 1:50:53  time: 0.0643  data_time: 0.0013  memory: 708  grad_norm: 3.3106  loss: 0.6248  loss_cls: 0.0043  loss_bbox: 0.0647  loss_centerness: 0.5558
2026/03/11 03:53:00 - mmengine - INFO - Epoch(train)  [48][ 200/1154]  base_lr: 1.2500e-03 lr: 1.2500e-03  eta: 1:50:45  time: 0.0635  data_time: 0.0013  memory: 708  grad_norm: 3.7594  loss: 0.6260  loss_cls: 0.0030  loss_bbox: 0.0708  loss_centerness: 0.5522
2026/03/11 03:53:03 - mmengine - INFO - Epoch(train)  [48][ 250/1154]  base_lr: 1.2500e-03 lr: 1.2500e-03  eta: 1:50:37  time: 0.0637  data_time: 0.0013  memory: 708  grad_norm: 3.6145  loss: 0.6281  loss_cls: 0.0020  loss_bbox: 0.0730  loss_centerness: 0.5531
2026/03/11 03:53:06 - mmengine - INFO - Epoch(train)  [48][ 300/1154]  base_lr: 1.2500e-03 lr: 1.2500e-03  eta: 1:50:29  time: 0.0641  data_time: 0.0012  memory: 708  grad_norm: 4.1408  loss: 0.6407  loss_cls: 0.0085  loss_bbox: 0.0801  loss_centerness: 0.5521
2026/03/11 03:53:09 - mmengine - INFO - Epoch(train)  [48][ 350/1154]  base_lr: 1.2500e-03 lr: 1.2500e-03  eta: 1:50:21  time: 0.0629  data_time: 0.0013  memory: 708  grad_norm: 3.6611  loss: 0.6356  loss_cls: 0.0045  loss_bbox: 0.0745  loss_centerness: 0.5565
2026/03/11 03:53:12 - mmengine - INFO - Epoch(train)  [48][ 400/1154]  base_lr: 1.2500e-03 lr: 1.2500e-03  eta: 1:50:13  time: 0.0637  data_time: 0.0012  memory: 708  grad_norm: 4.0642  loss: 0.6377  loss_cls: 0.0065  loss_bbox: 0.0795  loss_centerness: 0.5517
2026/03/11 03:53:16 - mmengine - INFO - Epoch(train)  [48][ 450/1154]  base_lr: 1.2500e-03 lr: 1.2500e-03  eta: 1:50:05  time: 0.0636  data_time: 0.0012  memory: 708  grad_norm: 3.9700  loss: 0.6407  loss_cls: 0.0081  loss_bbox: 0.0787  loss_centerness: 0.5539
2026/03/11 03:53:19 - mmengine - INFO - Epoch(train)  [48][ 500/1154]  base_lr: 1.2500e-03 lr: 1.2500e-03  eta: 1:49:57  time: 0.0630  data_time: 0.0013  memory: 708  grad_norm: 3.8105  loss: 0.6273  loss_cls: 0.0044  loss_bbox: 0.0778  loss_centerness: 0.5451
2026/03/11 03:53:22 - mmengine - INFO - Epoch(train)  [48][ 550/1154]  base_lr: 1.2500e-03 lr: 1.2500e-03  eta: 1:49:50  time: 0.0644  data_time: 0.0014  memory: 708  grad_norm: 3.8925  loss: 0.6306  loss_cls: 0.0054  loss_bbox: 0.0736  loss_centerness: 0.5516
2026/03/11 03:53:25 - mmengine - INFO - Epoch(train)  [48][ 600/1154]  base_lr: 1.2500e-03 lr: 1.2500e-03  eta: 1:49:42  time: 0.0640  data_time: 0.0013  memory: 708  grad_norm: 4.3055  loss: 0.6403  loss_cls: 0.0051  loss_bbox: 0.0834  loss_centerness: 0.5518
2026/03/11 03:53:28 - mmengine - INFO - Epoch(train)  [48][ 650/1154]  base_lr: 1.2500e-03 lr: 1.2500e-03  eta: 1:49:34  time: 0.0638  data_time: 0.0012  memory: 708  grad_norm: 4.2802  loss: 0.6511  loss_cls: 0.0088  loss_bbox: 0.0892  loss_centerness: 0.5531
2026/03/11 03:53:32 - mmengine - INFO - Epoch(train)  [48][ 700/1154]  base_lr: 1.2500e-03 lr: 1.2500e-03  eta: 1:49:26  time: 0.0641  data_time: 0.0012  memory: 708  grad_norm: 4.3725  loss: 0.6471  loss_cls: 0.0105  loss_bbox: 0.0861  loss_centerness: 0.5505
2026/03/11 03:53:35 - mmengine - INFO - Epoch(train)  [48][ 750/1154]  base_lr: 1.2500e-03 lr: 1.2500e-03  eta: 1:49:18  time: 0.0630  data_time: 0.0011  memory: 708  grad_norm: 3.9518  loss: 0.6416  loss_cls: 0.0068  loss_bbox: 0.0787  loss_centerness: 0.5561
2026/03/11 03:53:36 - mmengine - INFO - Exp name: fcos_minecraft_20260311_015948
2026/03/11 03:53:38 - mmengine - INFO - Epoch(train)  [48][ 800/1154]  base_lr: 1.2500e-03 lr: 1.2500e-03  eta: 1:49:10  time: 0.0641  data_time: 0.0012  memory: 708  grad_norm: 4.1813  loss: 0.6360  loss_cls: 0.0081  loss_bbox: 0.0736  loss_centerness: 0.5544
2026/03/11 03:53:41 - mmengine - INFO - Epoch(train)  [48][ 850/1154]  base_lr: 1.2500e-03 lr: 1.2500e-03  eta: 1:49:02  time: 0.0632  data_time: 0.0011  memory: 708  grad_norm: 3.7127  loss: 0.6384  loss_cls: 0.0092  loss_bbox: 0.0773  loss_centerness: 0.5519
2026/03/11 03:53:44 - mmengine - INFO - Epoch(train)  [48][ 900/1154]  base_lr: 1.2500e-03 lr: 1.2500e-03  eta: 1:48:54  time: 0.0629  data_time: 0.0011  memory: 708  grad_norm: 3.9455  loss: 0.6367  loss_cls: 0.0058  loss_bbox: 0.0782  loss_centerness: 0.5527
2026/03/11 03:53:48 - mmengine - INFO - Epoch(train)  [48][ 950/1154]  base_lr: 1.2500e-03 lr: 1.2500e-03  eta: 1:48:46  time: 0.0640  data_time: 0.0013  memory: 708  grad_norm: 3.7803  loss: 0.6365  loss_cls: 0.0048  loss_bbox: 0.0798  loss_centerness: 0.5519
2026/03/11 03:53:51 - mmengine - INFO - Epoch(train)  [48][1000/1154]  base_lr: 1.2500e-03 lr: 1.2500e-03  eta: 1:48:38  time: 0.0631  data_time: 0.0012  memory: 708  grad_norm: 3.6483  loss: 0.6234  loss_cls: 0.0045  loss_bbox: 0.0730  loss_centerness: 0.5459
2026/03/11 03:53:54 - mmengine - INFO - Epoch(train)  [48][1050/1154]  base_lr: 1.2500e-03 lr: 1.2500e-03  eta: 1:48:31  time: 0.0637  data_time: 0.0012  memory: 708  grad_norm: 3.5463  loss: 0.6309  loss_cls: 0.0073  loss_bbox: 0.0750  loss_centerness: 0.5486
2026/03/11 03:53:57 - mmengine - INFO - Epoch(train)  [48][1100/1154]  base_lr: 1.2500e-03 lr: 1.2500e-03  eta: 1:48:23  time: 0.0642  data_time: 0.0012  memory: 708  grad_norm: 3.9384  loss: 0.6449  loss_cls: 0.0043  loss_bbox: 0.0802  loss_centerness: 0.5603
2026/03/11 03:54:00 - mmengine - INFO - Epoch(train)  [48][1150/1154]  base_lr: 1.2500e-03 lr: 1.2500e-03  eta: 1:48:15  time: 0.0635  data_time: 0.0013  memory: 708  grad_norm: 3.9103  loss: 0.6293  loss_cls: 0.0034  loss_bbox: 0.0806  loss_centerness: 0.5453
2026/03/11 03:54:01 - mmengine - INFO - Exp name: fcos_minecraft_20260311_015948
2026/03/11 03:54:01 - mmengine - INFO - Saving checkpoint at 48 epochs
2026/03/11 03:54:03 - mmengine - INFO - Epoch(val)  [48][ 50/422]    eta: 0:00:06  time: 0.0168  data_time: 0.0007  memory: 708  
2026/03/11 03:54:03 - mmengine - INFO - Epoch(val)  [48][100/422]    eta: 0:00:05  time: 0.0168  data_time: 0.0006  memory: 403  
2026/03/11 03:54:04 - mmengine - INFO - Epoch(val)  [48][150/422]    eta: 0:00:04  time: 0.0176  data_time: 0.0007  memory: 403  
2026/03/11 03:54:05 - mmengine - INFO - Epoch(val)  [48][200/422]    eta: 0:00:03  time: 0.0172  data_time: 0.0006  memory: 403  
2026/03/11 03:54:06 - mmengine - INFO - Epoch(val)  [48][250/422]    eta: 0:00:02  time: 0.0169  data_time: 0.0005  memory: 403  
2026/03/11 03:54:07 - mmengine - INFO - Epoch(val)  [48][300/422]    eta: 0:00:02  time: 0.0170  data_time: 0.0006  memory: 403  
2026/03/11 03:54:08 - mmengine - INFO - Epoch(val)  [48][350/422]    eta: 0:00:01  time: 0.0172  data_time: 0.0006  memory: 403  
2026/03/11 03:54:09 - mmengine - INFO - Epoch(val)  [48][400/422]    eta: 0:00:00  time: 0.0172  data_time: 0.0006  memory: 403  
2026/03/11 03:54:09 - mmengine - INFO - Evaluating bbox...
2026/03/11 03:54:09 - mmengine - INFO - bbox_mAP_copypaste: 0.297 0.437 0.352 0.014 0.144 0.473
2026/03/11 03:54:10 - mmengine - INFO - Epoch(val) [48][422/422]    coco/bbox_mAP: 0.2970  coco/bbox_mAP_50: 0.4370  coco/bbox_mAP_75: 0.3520  coco/bbox_mAP_s: 0.0140  coco/bbox_mAP_m: 0.1440  coco/bbox_mAP_l: 0.4730  data_time: 0.0006  time: 0.0171
2026/03/11 03:54:13 - mmengine - INFO - Epoch(train)  [49][  50/1154]  base_lr: 1.2500e-03 lr: 1.2500e-03  eta: 1:48:07  time: 0.0642  data_time: 0.0016  memory: 708  grad_norm: 3.9403  loss: 0.6347  loss_cls: 0.0061  loss_bbox: 0.0770  loss_centerness: 0.5516
2026/03/11 03:54:16 - mmengine - INFO - Epoch(train)  [49][ 100/1154]  base_lr: 1.2500e-03 lr: 1.2500e-03  eta: 1:47:59  time: 0.0629  data_time: 0.0012  memory: 708  grad_norm: 3.9458  loss: 0.6370  loss_cls: 0.0053  loss_bbox: 0.0743  loss_centerness: 0.5573
2026/03/11 03:54:19 - mmengine - INFO - Epoch(train)  [49][ 150/1154]  base_lr: 1.2500e-03 lr: 1.2500e-03  eta: 1:47:51  time: 0.0640  data_time: 0.0012  memory: 708  grad_norm: 3.8963  loss: 0.6374  loss_cls: 0.0043  loss_bbox: 0.0852  loss_centerness: 0.5479
2026/03/11 03:54:22 - mmengine - INFO - Epoch(train)  [49][ 200/1154]  base_lr: 1.2500e-03 lr: 1.2500e-03  eta: 1:47:43  time: 0.0638  data_time: 0.0012  memory: 708  grad_norm: 4.1896  loss: 0.6342  loss_cls: 0.0047  loss_bbox: 0.0806  loss_centerness: 0.5489
2026/03/11 03:54:25 - mmengine - INFO - Epoch(train)  [49][ 250/1154]  base_lr: 1.2500e-03 lr: 1.2500e-03  eta: 1:47:35  time: 0.0629  data_time: 0.0012  memory: 708  grad_norm: 4.0209  loss: 0.6347  loss_cls: 0.0044  loss_bbox: 0.0826  loss_centerness: 0.5477
2026/03/11 03:54:29 - mmengine - INFO - Epoch(train)  [49][ 300/1154]  base_lr: 1.2500e-03 lr: 1.2500e-03  eta: 1:47:27  time: 0.0632  data_time: 0.0013  memory: 708  grad_norm: 3.7204  loss: 0.6306  loss_cls: 0.0055  loss_bbox: 0.0778  loss_centerness: 0.5473
2026/03/11 03:54:32 - mmengine - INFO - Epoch(train)  [49][ 350/1154]  base_lr: 1.2500e-03 lr: 1.2500e-03  eta: 1:47:20  time: 0.0634  data_time: 0.0015  memory: 708  grad_norm: 3.8545  loss: 0.6446  loss_cls: 0.0044  loss_bbox: 0.0890  loss_centerness: 0.5513
2026/03/11 03:54:35 - mmengine - INFO - Epoch(train)  [49][ 400/1154]  base_lr: 1.2500e-03 lr: 1.2500e-03  eta: 1:47:12  time: 0.0634  data_time: 0.0013  memory: 708  grad_norm: 4.0437  loss: 0.6364  loss_cls: 0.0034  loss_bbox: 0.0866  loss_centerness: 0.5463
2026/03/11 03:54:38 - mmengine - INFO - Epoch(train)  [49][ 450/1154]  base_lr: 1.2500e-03 lr: 1.2500e-03  eta: 1:47:04  time: 0.0640  data_time: 0.0013  memory: 708  grad_norm: 4.2307  loss: 0.6374  loss_cls: 0.0050  loss_bbox: 0.0817  loss_centerness: 0.5507
2026/03/11 03:54:41 - mmengine - INFO - Epoch(train)  [49][ 500/1154]  base_lr: 1.2500e-03 lr: 1.2500e-03  eta: 1:46:56  time: 0.0630  data_time: 0.0013  memory: 708  grad_norm: 3.6637  loss: 0.6275  loss_cls: 0.0042  loss_bbox: 0.0731  loss_centerness: 0.5502
2026/03/11 03:54:44 - mmengine - INFO - Epoch(train)  [49][ 550/1154]  base_lr: 1.2500e-03 lr: 1.2500e-03  eta: 1:46:49  time: 0.0639  data_time: 0.0011  memory: 708  grad_norm: 3.4103  loss: 0.6230  loss_cls: 0.0026  loss_bbox: 0.0636  loss_centerness: 0.5568
2026/03/11 03:54:48 - mmengine - INFO - Epoch(train)  [49][ 600/1154]  base_lr: 1.2500e-03 lr: 1.2500e-03  eta: 1:46:41  time: 0.0637  data_time: 0.0013  memory: 708  grad_norm: 4.0372  loss: 0.6399  loss_cls: 0.0101  loss_bbox: 0.0783  loss_centerness: 0.5515
2026/03/11 03:54:48 - mmengine - INFO - Exp name: fcos_minecraft_20260311_015948
2026/03/11 03:54:51 - mmengine - INFO - Epoch(train)  [49][ 650/1154]  base_lr: 1.2500e-03 lr: 1.2500e-03  eta: 1:46:33  time: 0.0631  data_time: 0.0013  memory: 708  grad_norm: 3.9967  loss: 0.6350  loss_cls: 0.0062  loss_bbox: 0.0794  loss_centerness: 0.5493
2026/03/11 03:54:54 - mmengine - INFO - Epoch(train)  [49][ 700/1154]  base_lr: 1.2500e-03 lr: 1.2500e-03  eta: 1:46:25  time: 0.0642  data_time: 0.0012  memory: 708  grad_norm: 4.1762  loss: 0.6290  loss_cls: 0.0046  loss_bbox: 0.0790  loss_centerness: 0.5454
2026/03/11 03:54:57 - mmengine - INFO - Epoch(train)  [49][ 750/1154]  base_lr: 1.2500e-03 lr: 1.2500e-03  eta: 1:46:18  time: 0.0632  data_time: 0.0012  memory: 708  grad_norm: 3.4591  loss: 0.6317  loss_cls: 0.0043  loss_bbox: 0.0713  loss_centerness: 0.5562
2026/03/11 03:55:00 - mmengine - INFO - Epoch(train)  [49][ 800/1154]  base_lr: 1.2500e-03 lr: 1.2500e-03  eta: 1:46:10  time: 0.0638  data_time: 0.0012  memory: 708  grad_norm: 3.7224  loss: 0.6355  loss_cls: 0.0082  loss_bbox: 0.0768  loss_centerness: 0.5505
2026/03/11 03:55:04 - mmengine - INFO - Epoch(train)  [49][ 850/1154]  base_lr: 1.2500e-03 lr: 1.2500e-03  eta: 1:46:02  time: 0.0645  data_time: 0.0013  memory: 708  grad_norm: 3.5134  loss: 0.6211  loss_cls: 0.0032  loss_bbox: 0.0702  loss_centerness: 0.5477
2026/03/11 03:55:07 - mmengine - INFO - Epoch(train)  [49][ 900/1154]  base_lr: 1.2500e-03 lr: 1.2500e-03  eta: 1:45:55  time: 0.0629  data_time: 0.0013  memory: 708  grad_norm: 3.8796  loss: 0.6406  loss_cls: 0.0099  loss_bbox: 0.0759  loss_centerness: 0.5548
2026/03/11 03:55:10 - mmengine - INFO - Epoch(train)  [49][ 950/1154]  base_lr: 1.2500e-03 lr: 1.2500e-03  eta: 1:45:47  time: 0.0639  data_time: 0.0012  memory: 708  grad_norm: 3.6259  loss: 0.6312  loss_cls: 0.0045  loss_bbox: 0.0718  loss_centerness: 0.5550
2026/03/11 03:55:13 - mmengine - INFO - Epoch(train)  [49][1000/1154]  base_lr: 1.2500e-03 lr: 1.2500e-03  eta: 1:45:39  time: 0.0631  data_time: 0.0013  memory: 708  grad_norm: 3.8067  loss: 0.6373  loss_cls: 0.0059  loss_bbox: 0.0806  loss_centerness: 0.5507
2026/03/11 03:55:16 - mmengine - INFO - Epoch(train)  [49][1050/1154]  base_lr: 1.2500e-03 lr: 1.2500e-03  eta: 1:45:32  time: 0.0632  data_time: 0.0012  memory: 708  grad_norm: 3.5710  loss: 0.6333  loss_cls: 0.0047  loss_bbox: 0.0732  loss_centerness: 0.5554
2026/03/11 03:55:20 - mmengine - INFO - Epoch(train)  [49][1100/1154]  base_lr: 1.2500e-03 lr: 1.2500e-03  eta: 1:45:24  time: 0.0639  data_time: 0.0012  memory: 708  grad_norm: 3.6598  loss: 0.6349  loss_cls: 0.0029  loss_bbox: 0.0748  loss_centerness: 0.5572
2026/03/11 03:55:23 - mmengine - INFO - Epoch(train)  [49][1150/1154]  base_lr: 1.2500e-03 lr: 1.2500e-03  eta: 1:45:16  time: 0.0633  data_time: 0.0012  memory: 708  grad_norm: 3.8362  loss: 0.6286  loss_cls: 0.0037  loss_bbox: 0.0713  loss_centerness: 0.5535
2026/03/11 03:55:23 - mmengine - INFO - Exp name: fcos_minecraft_20260311_015948
2026/03/11 03:55:23 - mmengine - INFO - Saving checkpoint at 49 epochs
2026/03/11 03:55:25 - mmengine - INFO - Epoch(val)  [49][ 50/422]    eta: 0:00:06  time: 0.0167  data_time: 0.0007  memory: 708  
2026/03/11 03:55:26 - mmengine - INFO - Epoch(val)  [49][100/422]    eta: 0:00:05  time: 0.0167  data_time: 0.0006  memory: 403  
2026/03/11 03:55:27 - mmengine - INFO - Epoch(val)  [49][150/422]    eta: 0:00:04  time: 0.0170  data_time: 0.0005  memory: 403  
2026/03/11 03:55:28 - mmengine - INFO - Epoch(val)  [49][200/422]    eta: 0:00:03  time: 0.0171  data_time: 0.0006  memory: 403  
2026/03/11 03:55:29 - mmengine - INFO - Epoch(val)  [49][250/422]    eta: 0:00:02  time: 0.0171  data_time: 0.0005  memory: 403  
2026/03/11 03:55:29 - mmengine - INFO - Epoch(val)  [49][300/422]    eta: 0:00:02  time: 0.0169  data_time: 0.0007  memory: 403  
2026/03/11 03:55:30 - mmengine - INFO - Epoch(val)  [49][350/422]    eta: 0:00:01  time: 0.0169  data_time: 0.0006  memory: 403  
2026/03/11 03:55:31 - mmengine - INFO - Epoch(val)  [49][400/422]    eta: 0:00:00  time: 0.0173  data_time: 0.0006  memory: 403  
2026/03/11 03:55:32 - mmengine - INFO - Evaluating bbox...
2026/03/11 03:55:32 - mmengine - INFO - bbox_mAP_copypaste: 0.283 0.482 0.337 0.019 0.151 0.424
2026/03/11 03:55:32 - mmengine - INFO - Epoch(val) [49][422/422]    coco/bbox_mAP: 0.2830  coco/bbox_mAP_50: 0.4820  coco/bbox_mAP_75: 0.3370  coco/bbox_mAP_s: 0.0190  coco/bbox_mAP_m: 0.1510  coco/bbox_mAP_l: 0.4240  data_time: 0.0006  time: 0.0170
2026/03/11 03:55:35 - mmengine - INFO - Epoch(train)  [50][  50/1154]  base_lr: 1.2500e-03 lr: 1.2500e-03  eta: 1:45:08  time: 0.0640  data_time: 0.0018  memory: 708  grad_norm: 3.7948  loss: 0.6279  loss_cls: 0.0026  loss_bbox: 0.0704  loss_centerness: 0.5548
2026/03/11 03:55:38 - mmengine - INFO - Epoch(train)  [50][ 100/1154]  base_lr: 1.2500e-03 lr: 1.2500e-03  eta: 1:45:00  time: 0.0633  data_time: 0.0012  memory: 708  grad_norm: 3.7260  loss: 0.6244  loss_cls: 0.0032  loss_bbox: 0.0724  loss_centerness: 0.5488
2026/03/11 03:55:42 - mmengine - INFO - Epoch(train)  [50][ 150/1154]  base_lr: 1.2500e-03 lr: 1.2500e-03  eta: 1:44:53  time: 0.0635  data_time: 0.0012  memory: 708  grad_norm: 3.9701  loss: 0.6311  loss_cls: 0.0043  loss_bbox: 0.0732  loss_centerness: 0.5535
2026/03/11 03:55:45 - mmengine - INFO - Epoch(train)  [50][ 200/1154]  base_lr: 1.2500e-03 lr: 1.2500e-03  eta: 1:44:45  time: 0.0640  data_time: 0.0014  memory: 708  grad_norm: 3.1921  loss: 0.6187  loss_cls: 0.0032  loss_bbox: 0.0632  loss_centerness: 0.5523
2026/03/11 03:55:48 - mmengine - INFO - Epoch(train)  [50][ 250/1154]  base_lr: 1.2500e-03 lr: 1.2500e-03  eta: 1:44:38  time: 0.0638  data_time: 0.0013  memory: 708  grad_norm: 3.7286  loss: 0.6305  loss_cls: 0.0039  loss_bbox: 0.0699  loss_centerness: 0.5567
2026/03/11 03:55:51 - mmengine - INFO - Epoch(train)  [50][ 300/1154]  base_lr: 1.2500e-03 lr: 1.2500e-03  eta: 1:44:30  time: 0.0638  data_time: 0.0012  memory: 708  grad_norm: 3.6685  loss: 0.6284  loss_cls: 0.0040  loss_bbox: 0.0705  loss_centerness: 0.5540
2026/03/11 03:55:54 - mmengine - INFO - Epoch(train)  [50][ 350/1154]  base_lr: 1.2500e-03 lr: 1.2500e-03  eta: 1:44:22  time: 0.0633  data_time: 0.0012  memory: 708  grad_norm: 3.9221  loss: 0.6287  loss_cls: 0.0048  loss_bbox: 0.0726  loss_centerness: 0.5512
2026/03/11 03:55:58 - mmengine - INFO - Epoch(train)  [50][ 400/1154]  base_lr: 1.2500e-03 lr: 1.2500e-03  eta: 1:44:15  time: 0.0637  data_time: 0.0013  memory: 708  grad_norm: 4.3685  loss: 0.6447  loss_cls: 0.0051  loss_bbox: 0.0842  loss_centerness: 0.5554
2026/03/11 03:56:01 - mmengine - INFO - Epoch(train)  [50][ 450/1154]  base_lr: 1.2500e-03 lr: 1.2500e-03  eta: 1:44:07  time: 0.0636  data_time: 0.0013  memory: 708  grad_norm: 4.8366  loss: 0.6372  loss_cls: 0.0106  loss_bbox: 0.0805  loss_centerness: 0.5462
2026/03/11 03:56:01 - mmengine - INFO - Exp name: fcos_minecraft_20260311_015948
2026/03/11 03:56:04 - mmengine - INFO - Epoch(train)  [50][ 500/1154]  base_lr: 1.2500e-03 lr: 1.2500e-03  eta: 1:44:00  time: 0.0642  data_time: 0.0013  memory: 708  grad_norm: 4.4601  loss: 0.6466  loss_cls: 0.0138  loss_bbox: 0.0830  loss_centerness: 0.5498
2026/03/11 03:56:07 - mmengine - INFO - Epoch(train)  [50][ 550/1154]  base_lr: 1.2500e-03 lr: 1.2500e-03  eta: 1:43:52  time: 0.0630  data_time: 0.0012  memory: 708  grad_norm: 3.8332  loss: 0.6349  loss_cls: 0.0066  loss_bbox: 0.0821  loss_centerness: 0.5462
2026/03/11 03:56:10 - mmengine - INFO - Epoch(train)  [50][ 600/1154]  base_lr: 1.2500e-03 lr: 1.2500e-03  eta: 1:43:45  time: 0.0641  data_time: 0.0013  memory: 708  grad_norm: 3.9223  loss: 0.6430  loss_cls: 0.0040  loss_bbox: 0.0796  loss_centerness: 0.5594
2026/03/11 03:56:13 - mmengine - INFO - Epoch(train)  [50][ 650/1154]  base_lr: 1.2500e-03 lr: 1.2500e-03  eta: 1:43:37  time: 0.0630  data_time: 0.0013  memory: 708  grad_norm: 4.5312  loss: 0.6420  loss_cls: 0.0068  loss_bbox: 0.0907  loss_centerness: 0.5445
2026/03/11 03:56:17 - mmengine - INFO - Epoch(train)  [50][ 700/1154]  base_lr: 1.2500e-03 lr: 1.2500e-03  eta: 1:43:30  time: 0.0639  data_time: 0.0013  memory: 708  grad_norm: 4.7020  loss: 0.6425  loss_cls: 0.0103  loss_bbox: 0.0815  loss_centerness: 0.5507
2026/03/11 03:56:20 - mmengine - INFO - Epoch(train)  [50][ 750/1154]  base_lr: 1.2500e-03 lr: 1.2500e-03  eta: 1:43:22  time: 0.0637  data_time: 0.0014  memory: 708  grad_norm: 4.3710  loss: 0.6579  loss_cls: 0.0191  loss_bbox: 0.0890  loss_centerness: 0.5498
2026/03/11 03:56:23 - mmengine - INFO - Epoch(train)  [50][ 800/1154]  base_lr: 1.2500e-03 lr: 1.2500e-03  eta: 1:43:14  time: 0.0630  data_time: 0.0011  memory: 708  grad_norm: 4.0891  loss: 0.6466  loss_cls: 0.0063  loss_bbox: 0.0853  loss_centerness: 0.5550
2026/03/11 03:56:26 - mmengine - INFO - Epoch(train)  [50][ 850/1154]  base_lr: 1.2500e-03 lr: 1.2500e-03  eta: 1:43:07  time: 0.0649  data_time: 0.0013  memory: 708  grad_norm: 3.5884  loss: 0.6310  loss_cls: 0.0048  loss_bbox: 0.0757  loss_centerness: 0.5504
2026/03/11 03:56:29 - mmengine - INFO - Epoch(train)  [50][ 900/1154]  base_lr: 1.2500e-03 lr: 1.2500e-03  eta: 1:43:00  time: 0.0635  data_time: 0.0013  memory: 708  grad_norm: 3.8442  loss: 0.6328  loss_cls: 0.0045  loss_bbox: 0.0806  loss_centerness: 0.5478
2026/03/11 03:56:33 - mmengine - INFO - Epoch(train)  [50][ 950/1154]  base_lr: 1.2500e-03 lr: 1.2500e-03  eta: 1:42:52  time: 0.0636  data_time: 0.0012  memory: 708  grad_norm: 3.5404  loss: 0.6228  loss_cls: 0.0041  loss_bbox: 0.0705  loss_centerness: 0.5483
2026/03/11 03:56:36 - mmengine - INFO - Epoch(train)  [50][1000/1154]  base_lr: 1.2500e-03 lr: 1.2500e-03  eta: 1:42:45  time: 0.0633  data_time: 0.0013  memory: 708  grad_norm: 4.2968  loss: 0.6424  loss_cls: 0.0068  loss_bbox: 0.0837  loss_centerness: 0.5519
2026/03/11 03:56:39 - mmengine - INFO - Epoch(train)  [50][1050/1154]  base_lr: 1.2500e-03 lr: 1.2500e-03  eta: 1:42:37  time: 0.0632  data_time: 0.0013  memory: 708  grad_norm: 3.6543  loss: 0.6370  loss_cls: 0.0061  loss_bbox: 0.0800  loss_centerness: 0.5509
2026/03/11 03:56:42 - mmengine - INFO - Epoch(train)  [50][1100/1154]  base_lr: 1.2500e-03 lr: 1.2500e-03  eta: 1:42:30  time: 0.0640  data_time: 0.0013  memory: 708  grad_norm: 3.8528  loss: 0.6360  loss_cls: 0.0046  loss_bbox: 0.0771  loss_centerness: 0.5543
2026/03/11 03:56:45 - mmengine - INFO - Epoch(train)  [50][1150/1154]  base_lr: 1.2500e-03 lr: 1.2500e-03  eta: 1:42:22  time: 0.0637  data_time: 0.0013  memory: 708  grad_norm: 3.6590  loss: 0.6296  loss_cls: 0.0043  loss_bbox: 0.0718  loss_centerness: 0.5536
2026/03/11 03:56:46 - mmengine - INFO - Exp name: fcos_minecraft_20260311_015948
2026/03/11 03:56:46 - mmengine - INFO - Saving checkpoint at 50 epochs
2026/03/11 03:56:48 - mmengine - INFO - Epoch(val)  [50][ 50/422]    eta: 0:00:06  time: 0.0167  data_time: 0.0009  memory: 708  
2026/03/11 03:56:49 - mmengine - INFO - Epoch(val)  [50][100/422]    eta: 0:00:05  time: 0.0164  data_time: 0.0006  memory: 403  
2026/03/11 03:56:49 - mmengine - INFO - Epoch(val)  [50][150/422]    eta: 0:00:04  time: 0.0168  data_time: 0.0007  memory: 403  
2026/03/11 03:56:50 - mmengine - INFO - Epoch(val)  [50][200/422]    eta: 0:00:03  time: 0.0170  data_time: 0.0005  memory: 403  
2026/03/11 03:56:51 - mmengine - INFO - Epoch(val)  [50][250/422]    eta: 0:00:02  time: 0.0173  data_time: 0.0007  memory: 403  
2026/03/11 03:56:52 - mmengine - INFO - Epoch(val)  [50][300/422]    eta: 0:00:02  time: 0.0174  data_time: 0.0006  memory: 403  
2026/03/11 03:56:53 - mmengine - INFO - Epoch(val)  [50][350/422]    eta: 0:00:01  time: 0.0168  data_time: 0.0006  memory: 403  
2026/03/11 03:56:54 - mmengine - INFO - Epoch(val)  [50][400/422]    eta: 0:00:00  time: 0.0170  data_time: 0.0007  memory: 403  
2026/03/11 03:56:54 - mmengine - INFO - Evaluating bbox...
2026/03/11 03:56:55 - mmengine - INFO - bbox_mAP_copypaste: 0.297 0.491 0.347 0.024 0.167 0.467
2026/03/11 03:56:55 - mmengine - INFO - Epoch(val) [50][422/422]    coco/bbox_mAP: 0.2970  coco/bbox_mAP_50: 0.4910  coco/bbox_mAP_75: 0.3470  coco/bbox_mAP_s: 0.0240  coco/bbox_mAP_m: 0.1670  coco/bbox_mAP_l: 0.4670  data_time: 0.0006  time: 0.0170
2026/03/11 03:56:58 - mmengine - INFO - Epoch(train)  [51][  50/1154]  base_lr: 1.2500e-03 lr: 1.2500e-03  eta: 1:42:14  time: 0.0634  data_time: 0.0013  memory: 708  grad_norm: 3.7588  loss: 0.6361  loss_cls: 0.0053  loss_bbox: 0.0723  loss_centerness: 0.5585
2026/03/11 03:57:01 - mmengine - INFO - Epoch(train)  [51][ 100/1154]  base_lr: 1.2500e-03 lr: 1.2500e-03  eta: 1:42:07  time: 0.0641  data_time: 0.0013  memory: 708  grad_norm: 3.8184  loss: 0.6259  loss_cls: 0.0044  loss_bbox: 0.0709  loss_centerness: 0.5506
2026/03/11 03:57:04 - mmengine - INFO - Epoch(train)  [51][ 150/1154]  base_lr: 1.2500e-03 lr: 1.2500e-03  eta: 1:41:59  time: 0.0635  data_time: 0.0013  memory: 708  grad_norm: 4.2455  loss: 0.6449  loss_cls: 0.0039  loss_bbox: 0.0912  loss_centerness: 0.5498
2026/03/11 03:57:07 - mmengine - INFO - Epoch(train)  [51][ 200/1154]  base_lr: 1.2500e-03 lr: 1.2500e-03  eta: 1:41:52  time: 0.0639  data_time: 0.0012  memory: 708  grad_norm: 3.6621  loss: 0.6292  loss_cls: 0.0022  loss_bbox: 0.0782  loss_centerness: 0.5488
2026/03/11 03:57:11 - mmengine - INFO - Epoch(train)  [51][ 250/1154]  base_lr: 1.2500e-03 lr: 1.2500e-03  eta: 1:41:44  time: 0.0636  data_time: 0.0013  memory: 708  grad_norm: 3.5955  loss: 0.6239  loss_cls: 0.0040  loss_bbox: 0.0695  loss_centerness: 0.5503
2026/03/11 03:57:14 - mmengine - INFO - Exp name: fcos_minecraft_20260311_015948
2026/03/11 03:57:14 - mmengine - INFO - Epoch(train)  [51][ 300/1154]  base_lr: 1.2500e-03 lr: 1.2500e-03  eta: 1:41:37  time: 0.0633  data_time: 0.0012  memory: 708  grad_norm: 4.3530  loss: 0.6277  loss_cls: 0.0095  loss_bbox: 0.0705  loss_centerness: 0.5477
2026/03/11 03:57:17 - mmengine - INFO - Epoch(train)  [51][ 350/1154]  base_lr: 1.2500e-03 lr: 1.2500e-03  eta: 1:41:29  time: 0.0641  data_time: 0.0014  memory: 708  grad_norm: 4.1965  loss: 0.6413  loss_cls: 0.0101  loss_bbox: 0.0865  loss_centerness: 0.5447
2026/03/11 03:57:20 - mmengine - INFO - Epoch(train)  [51][ 400/1154]  base_lr: 1.2500e-03 lr: 1.2500e-03  eta: 1:41:22  time: 0.0631  data_time: 0.0013  memory: 708  grad_norm: 4.5626  loss: 0.6511  loss_cls: 0.0079  loss_bbox: 0.0958  loss_centerness: 0.5474
2026/03/11 03:57:23 - mmengine - INFO - Epoch(train)  [51][ 450/1154]  base_lr: 1.2500e-03 lr: 1.2500e-03  eta: 1:41:15  time: 0.0639  data_time: 0.0012  memory: 708  grad_norm: 3.7839  loss: 0.6255  loss_cls: 0.0050  loss_bbox: 0.0705  loss_centerness: 0.5500
2026/03/11 03:57:27 - mmengine - INFO - Epoch(train)  [51][ 500/1154]  base_lr: 1.2500e-03 lr: 1.2500e-03  eta: 1:41:07  time: 0.0643  data_time: 0.0014  memory: 708  grad_norm: 4.3732  loss: 0.6450  loss_cls: 0.0086  loss_bbox: 0.0951  loss_centerness: 0.5413
2026/03/11 03:57:30 - mmengine - INFO - Epoch(train)  [51][ 550/1154]  base_lr: 1.2500e-03 lr: 1.2500e-03  eta: 1:41:00  time: 0.0629  data_time: 0.0013  memory: 708  grad_norm: 4.2549  loss: 0.6413  loss_cls: 0.0061  loss_bbox: 0.0849  loss_centerness: 0.5502
2026/03/11 03:57:33 - mmengine - INFO - Epoch(train)  [51][ 600/1154]  base_lr: 1.2500e-03 lr: 1.2500e-03  eta: 1:40:52  time: 0.0639  data_time: 0.0013  memory: 708  grad_norm: 3.9633  loss: 0.6504  loss_cls: 0.0077  loss_bbox: 0.0862  loss_centerness: 0.5564
2026/03/11 03:57:36 - mmengine - INFO - Epoch(train)  [51][ 650/1154]  base_lr: 1.2500e-03 lr: 1.2500e-03  eta: 1:40:45  time: 0.0634  data_time: 0.0012  memory: 708  grad_norm: 3.8300  loss: 0.6326  loss_cls: 0.0048  loss_bbox: 0.0743  loss_centerness: 0.5534
2026/03/11 03:57:39 - mmengine - INFO - Epoch(train)  [51][ 700/1154]  base_lr: 1.2500e-03 lr: 1.2500e-03  eta: 1:40:38  time: 0.0637  data_time: 0.0012  memory: 708  grad_norm: 3.5815  loss: 0.6266  loss_cls: 0.0044  loss_bbox: 0.0722  loss_centerness: 0.5500
2026/03/11 03:57:42 - mmengine - INFO - Epoch(train)  [51][ 750/1154]  base_lr: 1.2500e-03 lr: 1.2500e-03  eta: 1:40:30  time: 0.0640  data_time: 0.0014  memory: 708  grad_norm: 3.5879  loss: 0.6218  loss_cls: 0.0051  loss_bbox: 0.0687  loss_centerness: 0.5480
2026/03/11 03:57:46 - mmengine - INFO - Epoch(train)  [51][ 800/1154]  base_lr: 1.2500e-03 lr: 1.2500e-03  eta: 1:40:23  time: 0.0630  data_time: 0.0012  memory: 708  grad_norm: 3.7737  loss: 0.6368  loss_cls: 0.0071  loss_bbox: 0.0727  loss_centerness: 0.5570
2026/03/11 03:57:49 - mmengine - INFO - Epoch(train)  [51][ 850/1154]  base_lr: 1.2500e-03 lr: 1.2500e-03  eta: 1:40:16  time: 0.0639  data_time: 0.0012  memory: 708  grad_norm: 4.0258  loss: 0.6270  loss_cls: 0.0051  loss_bbox: 0.0726  loss_centerness: 0.5493
2026/03/11 03:57:52 - mmengine - INFO - Epoch(train)  [51][ 900/1154]  base_lr: 1.2500e-03 lr: 1.2500e-03  eta: 1:40:08  time: 0.0641  data_time: 0.0013  memory: 708  grad_norm: 4.0344  loss: 0.6329  loss_cls: 0.0047  loss_bbox: 0.0786  loss_centerness: 0.5495
2026/03/11 03:57:55 - mmengine - INFO - Epoch(train)  [51][ 950/1154]  base_lr: 1.2500e-03 lr: 1.2500e-03  eta: 1:40:01  time: 0.0629  data_time: 0.0013  memory: 708  grad_norm: 3.9061  loss: 0.6338  loss_cls: 0.0047  loss_bbox: 0.0792  loss_centerness: 0.5499
2026/03/11 03:57:58 - mmengine - INFO - Epoch(train)  [51][1000/1154]  base_lr: 1.2500e-03 lr: 1.2500e-03  eta: 1:39:54  time: 0.0643  data_time: 0.0013  memory: 708  grad_norm: 3.6712  loss: 0.6349  loss_cls: 0.0034  loss_bbox: 0.0710  loss_centerness: 0.5605
2026/03/11 03:58:02 - mmengine - INFO - Epoch(train)  [51][1050/1154]  base_lr: 1.2500e-03 lr: 1.2500e-03  eta: 1:39:46  time: 0.0635  data_time: 0.0013  memory: 708  grad_norm: 3.6226  loss: 0.6234  loss_cls: 0.0036  loss_bbox: 0.0665  loss_centerness: 0.5534
2026/03/11 03:58:05 - mmengine - INFO - Epoch(train)  [51][1100/1154]  base_lr: 1.2500e-03 lr: 1.2500e-03  eta: 1:39:39  time: 0.0640  data_time: 0.0013  memory: 708  grad_norm: 3.5891  loss: 0.6323  loss_cls: 0.0041  loss_bbox: 0.0764  loss_centerness: 0.5518
2026/03/11 03:58:08 - mmengine - INFO - Epoch(train)  [51][1150/1154]  base_lr: 1.2500e-03 lr: 1.2500e-03  eta: 1:39:32  time: 0.0643  data_time: 0.0014  memory: 708  grad_norm: 5.0253  loss: 0.6781  loss_cls: 0.0228  loss_bbox: 0.0993  loss_centerness: 0.5561
2026/03/11 03:58:08 - mmengine - INFO - Exp name: fcos_minecraft_20260311_015948
2026/03/11 03:58:08 - mmengine - INFO - Saving checkpoint at 51 epochs
2026/03/11 03:58:10 - mmengine - INFO - Epoch(val)  [51][ 50/422]    eta: 0:00:06  time: 0.0168  data_time: 0.0007  memory: 708  
2026/03/11 03:58:11 - mmengine - INFO - Epoch(val)  [51][100/422]    eta: 0:00:05  time: 0.0177  data_time: 0.0006  memory: 403  
2026/03/11 03:58:12 - mmengine - INFO - Epoch(val)  [51][150/422]    eta: 0:00:04  time: 0.0179  data_time: 0.0007  memory: 403  
2026/03/11 03:58:13 - mmengine - INFO - Epoch(val)  [51][200/422]    eta: 0:00:03  time: 0.0171  data_time: 0.0006  memory: 403  
2026/03/11 03:58:14 - mmengine - INFO - Epoch(val)  [51][250/422]    eta: 0:00:02  time: 0.0174  data_time: 0.0006  memory: 403  
2026/03/11 03:58:15 - mmengine - INFO - Epoch(val)  [51][300/422]    eta: 0:00:02  time: 0.0171  data_time: 0.0005  memory: 403  
2026/03/11 03:58:16 - mmengine - INFO - Epoch(val)  [51][350/422]    eta: 0:00:01  time: 0.0172  data_time: 0.0005  memory: 403  
2026/03/11 03:58:17 - mmengine - INFO - Epoch(val)  [51][400/422]    eta: 0:00:00  time: 0.0173  data_time: 0.0007  memory: 403  
2026/03/11 03:58:17 - mmengine - INFO - Evaluating bbox...
2026/03/11 03:58:17 - mmengine - INFO - bbox_mAP_copypaste: 0.255 0.433 0.287 0.030 0.134 0.361
2026/03/11 03:58:17 - mmengine - INFO - Epoch(val) [51][422/422]    coco/bbox_mAP: 0.2550  coco/bbox_mAP_50: 0.4330  coco/bbox_mAP_75: 0.2870  coco/bbox_mAP_s: 0.0300  coco/bbox_mAP_m: 0.1340  coco/bbox_mAP_l: 0.3610  data_time: 0.0006  time: 0.0173
2026/03/11 03:58:21 - mmengine - INFO - Epoch(train)  [52][  50/1154]  base_lr: 1.2500e-03 lr: 1.2500e-03  eta: 1:39:24  time: 0.0631  data_time: 0.0014  memory: 708  grad_norm: 4.1072  loss: 0.6377  loss_cls: 0.0051  loss_bbox: 0.0850  loss_centerness: 0.5476
2026/03/11 03:58:24 - mmengine - INFO - Epoch(train)  [52][ 100/1154]  base_lr: 1.2500e-03 lr: 1.2500e-03  eta: 1:39:17  time: 0.0643  data_time: 0.0012  memory: 708  grad_norm: 3.9148  loss: 0.6388  loss_cls: 0.0063  loss_bbox: 0.0828  loss_centerness: 0.5497
2026/03/11 03:58:27 - mmengine - INFO - Exp name: fcos_minecraft_20260311_015948
2026/03/11 03:58:27 - mmengine - INFO - Epoch(train)  [52][ 150/1154]  base_lr: 1.2500e-03 lr: 1.2500e-03  eta: 1:39:09  time: 0.0633  data_time: 0.0013  memory: 708  grad_norm: 3.7526  loss: 0.6235  loss_cls: 0.0052  loss_bbox: 0.0671  loss_centerness: 0.5511
2026/03/11 03:58:30 - mmengine - INFO - Epoch(train)  [52][ 200/1154]  base_lr: 1.2500e-03 lr: 1.2500e-03  eta: 1:39:02  time: 0.0629  data_time: 0.0012  memory: 708  grad_norm: 4.0118  loss: 0.6275  loss_cls: 0.0043  loss_bbox: 0.0762  loss_centerness: 0.5470
2026/03/11 03:58:33 - mmengine - INFO - Epoch(train)  [52][ 250/1154]  base_lr: 1.2500e-03 lr: 1.2500e-03  eta: 1:38:55  time: 0.0641  data_time: 0.0012  memory: 708  grad_norm: 3.5769  loss: 0.6211  loss_cls: 0.0033  loss_bbox: 0.0674  loss_centerness: 0.5503
2026/03/11 03:58:36 - mmengine - INFO - Epoch(train)  [52][ 300/1154]  base_lr: 1.2500e-03 lr: 1.2500e-03  eta: 1:38:48  time: 0.0629  data_time: 0.0012  memory: 708  grad_norm: 4.4374  loss: 0.6458  loss_cls: 0.0070  loss_bbox: 0.0905  loss_centerness: 0.5483
2026/03/11 03:58:40 - mmengine - INFO - Epoch(train)  [52][ 350/1154]  base_lr: 1.2500e-03 lr: 1.2500e-03  eta: 1:38:40  time: 0.0640  data_time: 0.0013  memory: 708  grad_norm: 3.7755  loss: 0.6251  loss_cls: 0.0042  loss_bbox: 0.0698  loss_centerness: 0.5511
2026/03/11 03:58:43 - mmengine - INFO - Epoch(train)  [52][ 400/1154]  base_lr: 1.2500e-03 lr: 1.2500e-03  eta: 1:38:33  time: 0.0636  data_time: 0.0012  memory: 708  grad_norm: 3.7772  loss: 0.6421  loss_cls: 0.0048  loss_bbox: 0.0828  loss_centerness: 0.5545
2026/03/11 03:58:46 - mmengine - INFO - Epoch(train)  [52][ 450/1154]  base_lr: 1.2500e-03 lr: 1.2500e-03  eta: 1:38:26  time: 0.0634  data_time: 0.0013  memory: 708  grad_norm: 3.5575  loss: 0.6306  loss_cls: 0.0049  loss_bbox: 0.0684  loss_centerness: 0.5574
2026/03/11 03:58:49 - mmengine - INFO - Epoch(train)  [52][ 500/1154]  base_lr: 1.2500e-03 lr: 1.2500e-03  eta: 1:38:19  time: 0.0641  data_time: 0.0013  memory: 708  grad_norm: 3.8102  loss: 0.6225  loss_cls: 0.0068  loss_bbox: 0.0713  loss_centerness: 0.5444
2026/03/11 03:58:52 - mmengine - INFO - Epoch(train)  [52][ 550/1154]  base_lr: 1.2500e-03 lr: 1.2500e-03  eta: 1:38:11  time: 0.0631  data_time: 0.0013  memory: 708  grad_norm: 3.8834  loss: 0.6420  loss_cls: 0.0094  loss_bbox: 0.0796  loss_centerness: 0.5530
2026/03/11 03:58:56 - mmengine - INFO - Epoch(train)  [52][ 600/1154]  base_lr: 1.2500e-03 lr: 1.2500e-03  eta: 1:38:04  time: 0.0639  data_time: 0.0012  memory: 708  grad_norm: 3.7655  loss: 0.6262  loss_cls: 0.0047  loss_bbox: 0.0695  loss_centerness: 0.5520
2026/03/11 03:58:59 - mmengine - INFO - Epoch(train)  [52][ 650/1154]  base_lr: 1.2500e-03 lr: 1.2500e-03  eta: 1:37:57  time: 0.0641  data_time: 0.0013  memory: 708  grad_norm: 4.4971  loss: 0.6353  loss_cls: 0.0139  loss_bbox: 0.0730  loss_centerness: 0.5483
2026/03/11 03:59:02 - mmengine - INFO - Epoch(train)  [52][ 700/1154]  base_lr: 1.2500e-03 lr: 1.2500e-03  eta: 1:37:50  time: 0.0632  data_time: 0.0013  memory: 708  grad_norm: 4.5415  loss: 0.6646  loss_cls: 0.0138  loss_bbox: 0.0905  loss_centerness: 0.5602
2026/03/11 03:59:05 - mmengine - INFO - Epoch(train)  [52][ 750/1154]  base_lr: 1.2500e-03 lr: 1.2500e-03  eta: 1:37:43  time: 0.0642  data_time: 0.0014  memory: 708  grad_norm: 4.1169  loss: 0.6413  loss_cls: 0.0083  loss_bbox: 0.0822  loss_centerness: 0.5509
2026/03/11 03:59:08 - mmengine - INFO - Epoch(train)  [52][ 800/1154]  base_lr: 1.2500e-03 lr: 1.2500e-03  eta: 1:37:35  time: 0.0632  data_time: 0.0012  memory: 708  grad_norm: 3.7309  loss: 0.6273  loss_cls: 0.0069  loss_bbox: 0.0714  loss_centerness: 0.5491
2026/03/11 03:59:11 - mmengine - INFO - Epoch(train)  [52][ 850/1154]  base_lr: 1.2500e-03 lr: 1.2500e-03  eta: 1:37:28  time: 0.0632  data_time: 0.0012  memory: 708  grad_norm: 4.2906  loss: 0.6442  loss_cls: 0.0073  loss_bbox: 0.0868  loss_centerness: 0.5501
2026/03/11 03:59:15 - mmengine - INFO - Epoch(train)  [52][ 900/1154]  base_lr: 1.2500e-03 lr: 1.2500e-03  eta: 1:37:21  time: 0.0644  data_time: 0.0013  memory: 708  grad_norm: 3.8120  loss: 0.6320  loss_cls: 0.0053  loss_bbox: 0.0821  loss_centerness: 0.5446
2026/03/11 03:59:18 - mmengine - INFO - Epoch(train)  [52][ 950/1154]  base_lr: 1.2500e-03 lr: 1.2500e-03  eta: 1:37:14  time: 0.0632  data_time: 0.0013  memory: 708  grad_norm: 4.0229  loss: 0.6419  loss_cls: 0.0066  loss_bbox: 0.0821  loss_centerness: 0.5531
2026/03/11 03:59:21 - mmengine - INFO - Epoch(train)  [52][1000/1154]  base_lr: 1.2500e-03 lr: 1.2500e-03  eta: 1:37:07  time: 0.0639  data_time: 0.0014  memory: 708  grad_norm: 4.1946  loss: 0.6433  loss_cls: 0.0055  loss_bbox: 0.0813  loss_centerness: 0.5564
2026/03/11 03:59:24 - mmengine - INFO - Epoch(train)  [52][1050/1154]  base_lr: 1.2500e-03 lr: 1.2500e-03  eta: 1:37:00  time: 0.0643  data_time: 0.0013  memory: 708  grad_norm: 4.5110  loss: 0.6533  loss_cls: 0.0078  loss_bbox: 0.0937  loss_centerness: 0.5519
2026/03/11 03:59:27 - mmengine - INFO - Epoch(train)  [52][1100/1154]  base_lr: 1.2500e-03 lr: 1.2500e-03  eta: 1:36:52  time: 0.0629  data_time: 0.0012  memory: 708  grad_norm: 4.4026  loss: 0.6489  loss_cls: 0.0069  loss_bbox: 0.0894  loss_centerness: 0.5527
2026/03/11 03:59:30 - mmengine - INFO - Exp name: fcos_minecraft_20260311_015948
2026/03/11 03:59:31 - mmengine - INFO - Epoch(train)  [52][1150/1154]  base_lr: 1.2500e-03 lr: 1.2500e-03  eta: 1:36:45  time: 0.0640  data_time: 0.0013  memory: 708  grad_norm: 4.0430  loss: 0.6376  loss_cls: 0.0062  loss_bbox: 0.0794  loss_centerness: 0.5519
2026/03/11 03:59:31 - mmengine - INFO - Exp name: fcos_minecraft_20260311_015948
2026/03/11 03:59:31 - mmengine - INFO - Saving checkpoint at 52 epochs
2026/03/11 03:59:33 - mmengine - INFO - Epoch(val)  [52][ 50/422]    eta: 0:00:06  time: 0.0173  data_time: 0.0009  memory: 708  
2026/03/11 03:59:34 - mmengine - INFO - Epoch(val)  [52][100/422]    eta: 0:00:05  time: 0.0173  data_time: 0.0006  memory: 403  
2026/03/11 03:59:35 - mmengine - INFO - Epoch(val)  [52][150/422]    eta: 0:00:04  time: 0.0172  data_time: 0.0006  memory: 403  
2026/03/11 03:59:36 - mmengine - INFO - Epoch(val)  [52][200/422]    eta: 0:00:03  time: 0.0169  data_time: 0.0005  memory: 403  
2026/03/11 03:59:37 - mmengine - INFO - Epoch(val)  [52][250/422]    eta: 0:00:02  time: 0.0169  data_time: 0.0006  memory: 403  
2026/03/11 03:59:38 - mmengine - INFO - Epoch(val)  [52][300/422]    eta: 0:00:02  time: 0.0174  data_time: 0.0005  memory: 403  
2026/03/11 03:59:38 - mmengine - INFO - Epoch(val)  [52][350/422]    eta: 0:00:01  time: 0.0173  data_time: 0.0007  memory: 403  
2026/03/11 03:59:39 - mmengine - INFO - Epoch(val)  [52][400/422]    eta: 0:00:00  time: 0.0169  data_time: 0.0004  memory: 403  
2026/03/11 03:59:40 - mmengine - INFO - Evaluating bbox...
2026/03/11 03:59:40 - mmengine - INFO - bbox_mAP_copypaste: 0.282 0.473 0.343 0.027 0.140 0.427
2026/03/11 03:59:40 - mmengine - INFO - Epoch(val) [52][422/422]    coco/bbox_mAP: 0.2820  coco/bbox_mAP_50: 0.4730  coco/bbox_mAP_75: 0.3430  coco/bbox_mAP_s: 0.0270  coco/bbox_mAP_m: 0.1400  coco/bbox_mAP_l: 0.4270  data_time: 0.0006  time: 0.0171
2026/03/11 03:59:43 - mmengine - INFO - Epoch(train)  [53][  50/1154]  base_lr: 1.2500e-03 lr: 1.2500e-03  eta: 1:36:37  time: 0.0631  data_time: 0.0014  memory: 708  grad_norm: 3.5613  loss: 0.6331  loss_cls: 0.0045  loss_bbox: 0.0737  loss_centerness: 0.5548
2026/03/11 03:59:46 - mmengine - INFO - Epoch(train)  [53][ 100/1154]  base_lr: 1.2500e-03 lr: 1.2500e-03  eta: 1:36:30  time: 0.0628  data_time: 0.0013  memory: 708  grad_norm: 3.7314  loss: 0.6313  loss_cls: 0.0041  loss_bbox: 0.0711  loss_centerness: 0.5561
2026/03/11 03:59:50 - mmengine - INFO - Epoch(train)  [53][ 150/1154]  base_lr: 1.2500e-03 lr: 1.2500e-03  eta: 1:36:23  time: 0.0641  data_time: 0.0013  memory: 708  grad_norm: 3.6513  loss: 0.6317  loss_cls: 0.0036  loss_bbox: 0.0741  loss_centerness: 0.5540
2026/03/11 03:59:53 - mmengine - INFO - Epoch(train)  [53][ 200/1154]  base_lr: 1.2500e-03 lr: 1.2500e-03  eta: 1:36:16  time: 0.0630  data_time: 0.0012  memory: 708  grad_norm: 4.0498  loss: 0.6236  loss_cls: 0.0043  loss_bbox: 0.0714  loss_centerness: 0.5479
2026/03/11 03:59:56 - mmengine - INFO - Epoch(train)  [53][ 250/1154]  base_lr: 1.2500e-03 lr: 1.2500e-03  eta: 1:36:09  time: 0.0643  data_time: 0.0013  memory: 708  grad_norm: 4.1754  loss: 0.6399  loss_cls: 0.0031  loss_bbox: 0.0873  loss_centerness: 0.5495
2026/03/11 03:59:59 - mmengine - INFO - Epoch(train)  [53][ 300/1154]  base_lr: 1.2500e-03 lr: 1.2500e-03  eta: 1:36:02  time: 0.0634  data_time: 0.0014  memory: 708  grad_norm: 4.8156  loss: 0.6475  loss_cls: 0.0087  loss_bbox: 0.0875  loss_centerness: 0.5514
2026/03/11 04:00:02 - mmengine - INFO - Epoch(train)  [53][ 350/1154]  base_lr: 1.2500e-03 lr: 1.2500e-03  eta: 1:35:55  time: 0.0640  data_time: 0.0013  memory: 708  grad_norm: 4.6582  loss: 0.6581  loss_cls: 0.0086  loss_bbox: 0.0958  loss_centerness: 0.5538
2026/03/11 04:00:06 - mmengine - INFO - Epoch(train)  [53][ 400/1154]  base_lr: 1.2500e-03 lr: 1.2500e-03  eta: 1:35:48  time: 0.0643  data_time: 0.0013  memory: 708  grad_norm: 3.7136  loss: 0.6228  loss_cls: 0.0047  loss_bbox: 0.0732  loss_centerness: 0.5449
2026/03/11 04:00:09 - mmengine - INFO - Epoch(train)  [53][ 450/1154]  base_lr: 1.2500e-03 lr: 1.2500e-03  eta: 1:35:41  time: 0.0629  data_time: 0.0013  memory: 708  grad_norm: 4.3386  loss: 0.6478  loss_cls: 0.0036  loss_bbox: 0.0905  loss_centerness: 0.5537
2026/03/11 04:00:12 - mmengine - INFO - Epoch(train)  [53][ 500/1154]  base_lr: 1.2500e-03 lr: 1.2500e-03  eta: 1:35:34  time: 0.0640  data_time: 0.0012  memory: 708  grad_norm: 4.2062  loss: 0.6504  loss_cls: 0.0048  loss_bbox: 0.0913  loss_centerness: 0.5543
2026/03/11 04:00:15 - mmengine - INFO - Epoch(train)  [53][ 550/1154]  base_lr: 1.2500e-03 lr: 1.2500e-03  eta: 1:35:26  time: 0.0639  data_time: 0.0011  memory: 708  grad_norm: 3.9482  loss: 0.6324  loss_cls: 0.0036  loss_bbox: 0.0756  loss_centerness: 0.5533
2026/03/11 04:00:18 - mmengine - INFO - Epoch(train)  [53][ 600/1154]  base_lr: 1.2500e-03 lr: 1.2500e-03  eta: 1:35:19  time: 0.0633  data_time: 0.0012  memory: 708  grad_norm: 6.3579  loss: 0.6608  loss_cls: 0.0339  loss_bbox: 0.0782  loss_centerness: 0.5487
2026/03/11 04:00:21 - mmengine - INFO - Epoch(train)  [53][ 650/1154]  base_lr: 1.2500e-03 lr: 1.2500e-03  eta: 1:35:12  time: 0.0639  data_time: 0.0014  memory: 708  grad_norm: 4.6530  loss: 0.6467  loss_cls: 0.0216  loss_bbox: 0.0697  loss_centerness: 0.5554
2026/03/11 04:00:25 - mmengine - INFO - Epoch(train)  [53][ 700/1154]  base_lr: 1.2500e-03 lr: 1.2500e-03  eta: 1:35:05  time: 0.0634  data_time: 0.0012  memory: 708  grad_norm: 4.2737  loss: 0.6388  loss_cls: 0.0065  loss_bbox: 0.0881  loss_centerness: 0.5442
2026/03/11 04:00:28 - mmengine - INFO - Epoch(train)  [53][ 750/1154]  base_lr: 1.2500e-03 lr: 1.2500e-03  eta: 1:34:58  time: 0.0643  data_time: 0.0014  memory: 708  grad_norm: 4.9391  loss: 0.6401  loss_cls: 0.0151  loss_bbox: 0.0774  loss_centerness: 0.5477
2026/03/11 04:00:31 - mmengine - INFO - Epoch(train)  [53][ 800/1154]  base_lr: 1.2500e-03 lr: 1.2500e-03  eta: 1:34:51  time: 0.0642  data_time: 0.0014  memory: 708  grad_norm: 4.2711  loss: 0.6477  loss_cls: 0.0098  loss_bbox: 0.0800  loss_centerness: 0.5579
2026/03/11 04:00:34 - mmengine - INFO - Epoch(train)  [53][ 850/1154]  base_lr: 1.2500e-03 lr: 1.2500e-03  eta: 1:34:44  time: 0.0630  data_time: 0.0012  memory: 708  grad_norm: 6.6414  loss: 0.6560  loss_cls: 0.0227  loss_bbox: 0.0797  loss_centerness: 0.5537
2026/03/11 04:00:37 - mmengine - INFO - Epoch(train)  [53][ 900/1154]  base_lr: 1.2500e-03 lr: 1.2500e-03  eta: 1:34:37  time: 0.0642  data_time: 0.0014  memory: 708  grad_norm: 4.8397  loss: 0.6555  loss_cls: 0.0179  loss_bbox: 0.0883  loss_centerness: 0.5492
2026/03/11 04:00:41 - mmengine - INFO - Epoch(train)  [53][ 950/1154]  base_lr: 1.2500e-03 lr: 1.2500e-03  eta: 1:34:30  time: 0.0639  data_time: 0.0012  memory: 708  grad_norm: 7.3383  loss: 0.7039  loss_cls: 0.0777  loss_bbox: 0.0762  loss_centerness: 0.5501
2026/03/11 04:00:43 - mmengine - INFO - Exp name: fcos_minecraft_20260311_015948
2026/03/11 04:00:44 - mmengine - INFO - Epoch(train)  [53][1000/1154]  base_lr: 1.2500e-03 lr: 1.2500e-03  eta: 1:34:23  time: 0.0632  data_time: 0.0012  memory: 708  grad_norm: 5.7857  loss: 0.7086  loss_cls: 0.0730  loss_bbox: 0.0830  loss_centerness: 0.5526
2026/03/11 04:00:47 - mmengine - INFO - Epoch(train)  [53][1050/1154]  base_lr: 1.2500e-03 lr: 1.2500e-03  eta: 1:34:16  time: 0.0641  data_time: 0.0013  memory: 708  grad_norm: 5.2975  loss: 0.6703  loss_cls: 0.0269  loss_bbox: 0.0965  loss_centerness: 0.5469
2026/03/11 04:00:50 - mmengine - INFO - Epoch(train)  [53][1100/1154]  base_lr: 1.2500e-03 lr: 1.2500e-03  eta: 1:34:09  time: 0.0633  data_time: 0.0013  memory: 708  grad_norm: 9.0602  loss: 0.7233  loss_cls: 0.0906  loss_bbox: 0.0791  loss_centerness: 0.5536
2026/03/11 04:00:53 - mmengine - INFO - Epoch(train)  [53][1150/1154]  base_lr: 1.2500e-03 lr: 1.2500e-03  eta: 1:34:02  time: 0.0637  data_time: 0.0013  memory: 708  grad_norm: 6.4339  loss: 0.6917  loss_cls: 0.0459  loss_bbox: 0.0949  loss_centerness: 0.5510
2026/03/11 04:00:54 - mmengine - INFO - Exp name: fcos_minecraft_20260311_015948
2026/03/11 04:00:54 - mmengine - INFO - Saving checkpoint at 53 epochs
2026/03/11 04:00:56 - mmengine - INFO - Epoch(val)  [53][ 50/422]    eta: 0:00:06  time: 0.0173  data_time: 0.0008  memory: 708  
2026/03/11 04:00:57 - mmengine - INFO - Epoch(val)  [53][100/422]    eta: 0:00:05  time: 0.0173  data_time: 0.0006  memory: 403  
2026/03/11 04:00:58 - mmengine - INFO - Epoch(val)  [53][150/422]    eta: 0:00:04  time: 0.0169  data_time: 0.0005  memory: 403  
2026/03/11 04:00:58 - mmengine - INFO - Epoch(val)  [53][200/422]    eta: 0:00:03  time: 0.0165  data_time: 0.0006  memory: 403  
2026/03/11 04:00:59 - mmengine - INFO - Epoch(val)  [53][250/422]    eta: 0:00:02  time: 0.0171  data_time: 0.0006  memory: 403  
2026/03/11 04:01:00 - mmengine - INFO - Epoch(val)  [53][300/422]    eta: 0:00:02  time: 0.0173  data_time: 0.0005  memory: 403  
2026/03/11 04:01:01 - mmengine - INFO - Epoch(val)  [53][350/422]    eta: 0:00:01  time: 0.0171  data_time: 0.0006  memory: 403  
2026/03/11 04:01:02 - mmengine - INFO - Epoch(val)  [53][400/422]    eta: 0:00:00  time: 0.0167  data_time: 0.0005  memory: 403  
2026/03/11 04:01:02 - mmengine - INFO - Evaluating bbox...
2026/03/11 04:01:03 - mmengine - INFO - bbox_mAP_copypaste: 0.245 0.369 0.305 0.013 0.127 0.371
2026/03/11 04:01:03 - mmengine - INFO - Epoch(val) [53][422/422]    coco/bbox_mAP: 0.2450  coco/bbox_mAP_50: 0.3690  coco/bbox_mAP_75: 0.3050  coco/bbox_mAP_s: 0.0130  coco/bbox_mAP_m: 0.1270  coco/bbox_mAP_l: 0.3710  data_time: 0.0006  time: 0.0170
2026/03/11 04:01:06 - mmengine - INFO - Epoch(train)  [54][  50/1154]  base_lr: 1.2500e-03 lr: 1.2500e-03  eta: 1:33:55  time: 0.0644  data_time: 0.0015  memory: 708  grad_norm: 6.0182  loss: 0.6948  loss_cls: 0.0472  loss_bbox: 0.0940  loss_centerness: 0.5537
2026/03/11 04:01:09 - mmengine - INFO - Epoch(train)  [54][ 100/1154]  base_lr: 1.2500e-03 lr: 1.2500e-03  eta: 1:33:48  time: 0.0628  data_time: 0.0013  memory: 708  grad_norm: 5.2051  loss: 0.6711  loss_cls: 0.0341  loss_bbox: 0.0860  loss_centerness: 0.5510
2026/03/11 04:01:12 - mmengine - INFO - Epoch(train)  [54][ 150/1154]  base_lr: 1.2500e-03 lr: 1.2500e-03  eta: 1:33:41  time: 0.0641  data_time: 0.0012  memory: 708  grad_norm: 5.8360  loss: 0.6879  loss_cls: 0.0386  loss_bbox: 0.0965  loss_centerness: 0.5528
2026/03/11 04:01:16 - mmengine - INFO - Epoch(train)  [54][ 200/1154]  base_lr: 1.2500e-03 lr: 1.2500e-03  eta: 1:33:34  time: 0.0634  data_time: 0.0012  memory: 708  grad_norm: 4.3719  loss: 0.6476  loss_cls: 0.0193  loss_bbox: 0.0829  loss_centerness: 0.5453
2026/03/11 04:01:19 - mmengine - INFO - Epoch(train)  [54][ 250/1154]  base_lr: 1.2500e-03 lr: 1.2500e-03  eta: 1:33:27  time: 0.0639  data_time: 0.0013  memory: 708  grad_norm: 4.0313  loss: 0.6301  loss_cls: 0.0137  loss_bbox: 0.0695  loss_centerness: 0.5470
2026/03/11 04:01:22 - mmengine - INFO - Epoch(train)  [54][ 300/1154]  base_lr: 1.2500e-03 lr: 1.2500e-03  eta: 1:33:20  time: 0.0642  data_time: 0.0013  memory: 708  grad_norm: 4.2595  loss: 0.6388  loss_cls: 0.0113  loss_bbox: 0.0735  loss_centerness: 0.5539
2026/03/11 04:01:25 - mmengine - INFO - Epoch(train)  [54][ 350/1154]  base_lr: 1.2500e-03 lr: 1.2500e-03  eta: 1:33:13  time: 0.0630  data_time: 0.0012  memory: 708  grad_norm: 5.2022  loss: 0.6820  loss_cls: 0.0383  loss_bbox: 0.0924  loss_centerness: 0.5514
2026/03/11 04:01:28 - mmengine - INFO - Epoch(train)  [54][ 400/1154]  base_lr: 1.2500e-03 lr: 1.2500e-03  eta: 1:33:06  time: 0.0640  data_time: 0.0013  memory: 708  grad_norm: 3.8043  loss: 0.6356  loss_cls: 0.0132  loss_bbox: 0.0725  loss_centerness: 0.5499
2026/03/11 04:01:32 - mmengine - INFO - Epoch(train)  [54][ 450/1154]  base_lr: 1.2500e-03 lr: 1.2500e-03  eta: 1:32:59  time: 0.0637  data_time: 0.0013  memory: 708  grad_norm: 4.8589  loss: 0.6620  loss_cls: 0.0172  loss_bbox: 0.0906  loss_centerness: 0.5542
2026/03/11 04:01:35 - mmengine - INFO - Epoch(train)  [54][ 500/1154]  base_lr: 1.2500e-03 lr: 1.2500e-03  eta: 1:32:52  time: 0.0633  data_time: 0.0012  memory: 708  grad_norm: 5.2125  loss: 0.6639  loss_cls: 0.0298  loss_bbox: 0.0867  loss_centerness: 0.5474
2026/03/11 04:01:38 - mmengine - INFO - Epoch(train)  [54][ 550/1154]  base_lr: 1.2500e-03 lr: 1.2500e-03  eta: 1:32:45  time: 0.0642  data_time: 0.0013  memory: 708  grad_norm: 4.1619  loss: 0.6441  loss_cls: 0.0136  loss_bbox: 0.0792  loss_centerness: 0.5513
2026/03/11 04:01:41 - mmengine - INFO - Epoch(train)  [54][ 600/1154]  base_lr: 1.2500e-03 lr: 1.2500e-03  eta: 1:32:38  time: 0.0631  data_time: 0.0012  memory: 708  grad_norm: 4.4821  loss: 0.6485  loss_cls: 0.0094  loss_bbox: 0.0849  loss_centerness: 0.5542
2026/03/11 04:01:44 - mmengine - INFO - Epoch(train)  [54][ 650/1154]  base_lr: 1.2500e-03 lr: 1.2500e-03  eta: 1:32:31  time: 0.0639  data_time: 0.0014  memory: 708  grad_norm: 4.3370  loss: 0.6540  loss_cls: 0.0110  loss_bbox: 0.0895  loss_centerness: 0.5535
2026/03/11 04:01:48 - mmengine - INFO - Epoch(train)  [54][ 700/1154]  base_lr: 1.2500e-03 lr: 1.2500e-03  eta: 1:32:24  time: 0.0641  data_time: 0.0012  memory: 708  grad_norm: 7.3921  loss: 0.6916  loss_cls: 0.0554  loss_bbox: 0.0804  loss_centerness: 0.5558
2026/03/11 04:01:51 - mmengine - INFO - Epoch(train)  [54][ 750/1154]  base_lr: 1.2500e-03 lr: 1.2500e-03  eta: 1:32:17  time: 0.0631  data_time: 0.0013  memory: 708  grad_norm: 5.6681  loss: 0.7139  loss_cls: 0.0765  loss_bbox: 0.0835  loss_centerness: 0.5540
2026/03/11 04:01:54 - mmengine - INFO - Epoch(train)  [54][ 800/1154]  base_lr: 1.2500e-03 lr: 1.2500e-03  eta: 1:32:11  time: 0.0642  data_time: 0.0013  memory: 708  grad_norm: 4.6834  loss: 0.6501  loss_cls: 0.0230  loss_bbox: 0.0716  loss_centerness: 0.5556
2026/03/11 04:01:56 - mmengine - INFO - Exp name: fcos_minecraft_20260311_015948
2026/03/11 04:01:57 - mmengine - INFO - Epoch(train)  [54][ 850/1154]  base_lr: 1.2500e-03 lr: 1.2500e-03  eta: 1:32:04  time: 0.0638  data_time: 0.0013  memory: 708  grad_norm: 3.9770  loss: 0.6459  loss_cls: 0.0151  loss_bbox: 0.0741  loss_centerness: 0.5567
2026/03/11 04:02:00 - mmengine - INFO - Epoch(train)  [54][ 900/1154]  base_lr: 1.2500e-03 lr: 1.2500e-03  eta: 1:31:57  time: 0.0636  data_time: 0.0013  memory: 708  grad_norm: 4.8414  loss: 0.6545  loss_cls: 0.0170  loss_bbox: 0.0829  loss_centerness: 0.5546
2026/03/11 04:02:04 - mmengine - INFO - Epoch(train)  [54][ 950/1154]  base_lr: 1.2500e-03 lr: 1.2500e-03  eta: 1:31:50  time: 0.0642  data_time: 0.0013  memory: 708  grad_norm: 6.8429  loss: 0.7387  loss_cls: 0.0835  loss_bbox: 0.1039  loss_centerness: 0.5513
2026/03/11 04:02:07 - mmengine - INFO - Epoch(train)  [54][1000/1154]  base_lr: 1.2500e-03 lr: 1.2500e-03  eta: 1:31:43  time: 0.0631  data_time: 0.0013  memory: 708  grad_norm: 5.4581  loss: 0.6921  loss_cls: 0.0416  loss_bbox: 0.0955  loss_centerness: 0.5550
2026/03/11 04:02:10 - mmengine - INFO - Epoch(train)  [54][1050/1154]  base_lr: 1.2500e-03 lr: 1.2500e-03  eta: 1:31:36  time: 0.0640  data_time: 0.0013  memory: 708  grad_norm: 4.5392  loss: 0.6656  loss_cls: 0.0256  loss_bbox: 0.0875  loss_centerness: 0.5525
2026/03/11 04:02:13 - mmengine - INFO - Epoch(train)  [54][1100/1154]  base_lr: 1.2500e-03 lr: 1.2500e-03  eta: 1:31:29  time: 0.0640  data_time: 0.0014  memory: 708  grad_norm: 4.1914  loss: 0.6359  loss_cls: 0.0180  loss_bbox: 0.0658  loss_centerness: 0.5521
2026/03/11 04:02:16 - mmengine - INFO - Epoch(train)  [54][1150/1154]  base_lr: 1.2500e-03 lr: 1.2500e-03  eta: 1:31:22  time: 0.0630  data_time: 0.0013  memory: 708  grad_norm: 4.5386  loss: 0.6587  loss_cls: 0.0153  loss_bbox: 0.0854  loss_centerness: 0.5580
2026/03/11 04:02:16 - mmengine - INFO - Exp name: fcos_minecraft_20260311_015948
2026/03/11 04:02:16 - mmengine - INFO - Saving checkpoint at 54 epochs
2026/03/11 04:02:19 - mmengine - INFO - Epoch(val)  [54][ 50/422]    eta: 0:00:06  time: 0.0171  data_time: 0.0006  memory: 708  
2026/03/11 04:02:20 - mmengine - INFO - Epoch(val)  [54][100/422]    eta: 0:00:05  time: 0.0165  data_time: 0.0006  memory: 403  
2026/03/11 04:02:20 - mmengine - INFO - Epoch(val)  [54][150/422]    eta: 0:00:04  time: 0.0167  data_time: 0.0005  memory: 403  
2026/03/11 04:02:21 - mmengine - INFO - Epoch(val)  [54][200/422]    eta: 0:00:03  time: 0.0174  data_time: 0.0007  memory: 403  
2026/03/11 04:02:22 - mmengine - INFO - Epoch(val)  [54][250/422]    eta: 0:00:02  time: 0.0180  data_time: 0.0005  memory: 403  
2026/03/11 04:02:23 - mmengine - INFO - Epoch(val)  [54][300/422]    eta: 0:00:02  time: 0.0176  data_time: 0.0008  memory: 403  
2026/03/11 04:02:24 - mmengine - INFO - Epoch(val)  [54][350/422]    eta: 0:00:01  time: 0.0172  data_time: 0.0005  memory: 403  
2026/03/11 04:02:25 - mmengine - INFO - Epoch(val)  [54][400/422]    eta: 0:00:00  time: 0.0174  data_time: 0.0005  memory: 403  
2026/03/11 04:02:25 - mmengine - INFO - Evaluating bbox...
2026/03/11 04:02:26 - mmengine - INFO - bbox_mAP_copypaste: 0.281 0.458 0.334 0.033 0.187 0.429
2026/03/11 04:02:26 - mmengine - INFO - Epoch(val) [54][422/422]    coco/bbox_mAP: 0.2810  coco/bbox_mAP_50: 0.4580  coco/bbox_mAP_75: 0.3340  coco/bbox_mAP_s: 0.0330  coco/bbox_mAP_m: 0.1870  coco/bbox_mAP_l: 0.4290  data_time: 0.0006  time: 0.0172
2026/03/11 04:02:29 - mmengine - INFO - Epoch(train)  [55][  50/1154]  base_lr: 1.2500e-03 lr: 1.2500e-03  eta: 1:31:15  time: 0.0641  data_time: 0.0017  memory: 708  grad_norm: 4.5488  loss: 0.6625  loss_cls: 0.0138  loss_bbox: 0.0966  loss_centerness: 0.5520
2026/03/11 04:02:32 - mmengine - INFO - Epoch(train)  [55][ 100/1154]  base_lr: 1.2500e-03 lr: 1.2500e-03  eta: 1:31:08  time: 0.0631  data_time: 0.0012  memory: 708  grad_norm: 4.0528  loss: 0.6406  loss_cls: 0.0113  loss_bbox: 0.0792  loss_centerness: 0.5501
2026/03/11 04:02:35 - mmengine - INFO - Epoch(train)  [55][ 150/1154]  base_lr: 1.2500e-03 lr: 1.2500e-03  eta: 1:31:01  time: 0.0639  data_time: 0.0012  memory: 708  grad_norm: 4.8022  loss: 0.6426  loss_cls: 0.0133  loss_bbox: 0.0771  loss_centerness: 0.5523
2026/03/11 04:02:39 - mmengine - INFO - Epoch(train)  [55][ 200/1154]  base_lr: 1.2500e-03 lr: 1.2500e-03  eta: 1:30:55  time: 0.0641  data_time: 0.0014  memory: 708  grad_norm: 4.7346  loss: 0.6594  loss_cls: 0.0096  loss_bbox: 0.0984  loss_centerness: 0.5513
2026/03/11 04:02:42 - mmengine - INFO - Epoch(train)  [55][ 250/1154]  base_lr: 1.2500e-03 lr: 1.2500e-03  eta: 1:30:48  time: 0.0633  data_time: 0.0012  memory: 708  grad_norm: 4.3715  loss: 0.6604  loss_cls: 0.0120  loss_bbox: 0.0907  loss_centerness: 0.5576
2026/03/11 04:02:45 - mmengine - INFO - Epoch(train)  [55][ 300/1154]  base_lr: 1.2500e-03 lr: 1.2500e-03  eta: 1:30:41  time: 0.0655  data_time: 0.0014  memory: 708  grad_norm: 3.9145  loss: 0.6462  loss_cls: 0.0092  loss_bbox: 0.0764  loss_centerness: 0.5605
2026/03/11 04:02:48 - mmengine - INFO - Epoch(train)  [55][ 350/1154]  base_lr: 1.2500e-03 lr: 1.2500e-03  eta: 1:30:34  time: 0.0679  data_time: 0.0015  memory: 708  grad_norm: 3.7814  loss: 0.6340  loss_cls: 0.0077  loss_bbox: 0.0771  loss_centerness: 0.5492
2026/03/11 04:02:52 - mmengine - INFO - Epoch(train)  [55][ 400/1154]  base_lr: 1.2500e-03 lr: 1.2500e-03  eta: 1:30:28  time: 0.0680  data_time: 0.0014  memory: 708  grad_norm: 3.8773  loss: 0.6313  loss_cls: 0.0068  loss_bbox: 0.0748  loss_centerness: 0.5496
2026/03/11 04:02:55 - mmengine - INFO - Epoch(train)  [55][ 450/1154]  base_lr: 1.2500e-03 lr: 1.2500e-03  eta: 1:30:21  time: 0.0711  data_time: 0.0016  memory: 708  grad_norm: 4.0185  loss: 0.6222  loss_cls: 0.0074  loss_bbox: 0.0757  loss_centerness: 0.5392
2026/03/11 04:02:59 - mmengine - INFO - Epoch(train)  [55][ 500/1154]  base_lr: 1.2500e-03 lr: 1.2500e-03  eta: 1:30:15  time: 0.0758  data_time: 0.0018  memory: 708  grad_norm: 3.8766  loss: 0.6352  loss_cls: 0.0082  loss_bbox: 0.0714  loss_centerness: 0.5555
2026/03/11 04:03:03 - mmengine - INFO - Epoch(train)  [55][ 550/1154]  base_lr: 1.2500e-03 lr: 1.2500e-03  eta: 1:30:08  time: 0.0686  data_time: 0.0015  memory: 708  grad_norm: 4.1357  loss: 0.6547  loss_cls: 0.0067  loss_bbox: 0.0929  loss_centerness: 0.5551
2026/03/11 04:03:06 - mmengine - INFO - Epoch(train)  [55][ 600/1154]  base_lr: 1.2500e-03 lr: 1.2500e-03  eta: 1:30:02  time: 0.0732  data_time: 0.0018  memory: 708  grad_norm: 4.0550  loss: 0.6405  loss_cls: 0.0099  loss_bbox: 0.0794  loss_centerness: 0.5512
2026/03/11 04:03:10 - mmengine - INFO - Epoch(train)  [55][ 650/1154]  base_lr: 1.2500e-03 lr: 1.2500e-03  eta: 1:29:55  time: 0.0664  data_time: 0.0014  memory: 708  grad_norm: 4.0091  loss: 0.6445  loss_cls: 0.0090  loss_bbox: 0.0808  loss_centerness: 0.5547
2026/03/11 04:03:12 - mmengine - INFO - Exp name: fcos_minecraft_20260311_015948
2026/03/11 04:03:13 - mmengine - INFO - Epoch(train)  [55][ 700/1154]  base_lr: 1.2500e-03 lr: 1.2500e-03  eta: 1:29:48  time: 0.0639  data_time: 0.0015  memory: 708  grad_norm: 4.7532  loss: 0.6603  loss_cls: 0.0198  loss_bbox: 0.0822  loss_centerness: 0.5583
2026/03/11 04:03:16 - mmengine - INFO - Epoch(train)  [55][ 750/1154]  base_lr: 1.2500e-03 lr: 1.2500e-03  eta: 1:29:42  time: 0.0628  data_time: 0.0012  memory: 708  grad_norm: 3.6974  loss: 0.6327  loss_cls: 0.0102  loss_bbox: 0.0688  loss_centerness: 0.5537
2026/03/11 04:03:19 - mmengine - INFO - Epoch(train)  [55][ 800/1154]  base_lr: 1.2500e-03 lr: 1.2500e-03  eta: 1:29:35  time: 0.0626  data_time: 0.0013  memory: 708  grad_norm: 4.0115  loss: 0.6372  loss_cls: 0.0072  loss_bbox: 0.0798  loss_centerness: 0.5502
2026/03/11 04:03:22 - mmengine - INFO - Epoch(train)  [55][ 850/1154]  base_lr: 1.2500e-03 lr: 1.2500e-03  eta: 1:29:28  time: 0.0624  data_time: 0.0007  memory: 708  grad_norm: 4.1860  loss: 0.6372  loss_cls: 0.0061  loss_bbox: 0.0827  loss_centerness: 0.5484
2026/03/11 04:03:25 - mmengine - INFO - Epoch(train)  [55][ 900/1154]  base_lr: 1.2500e-03 lr: 1.2500e-03  eta: 1:29:21  time: 0.0639  data_time: 0.0014  memory: 708  grad_norm: 3.7570  loss: 0.6297  loss_cls: 0.0084  loss_bbox: 0.0693  loss_centerness: 0.5520
2026/03/11 04:03:29 - mmengine - INFO - Epoch(train)  [55][ 950/1154]  base_lr: 1.2500e-03 lr: 1.2500e-03  eta: 1:29:15  time: 0.0651  data_time: 0.0014  memory: 708  grad_norm: 4.1623  loss: 0.6427  loss_cls: 0.0106  loss_bbox: 0.0820  loss_centerness: 0.5500
2026/03/11 04:03:32 - mmengine - INFO - Epoch(train)  [55][1000/1154]  base_lr: 1.2500e-03 lr: 1.2500e-03  eta: 1:29:08  time: 0.0655  data_time: 0.0017  memory: 708  grad_norm: 7.7831  loss: 0.6972  loss_cls: 0.0551  loss_bbox: 0.0961  loss_centerness: 0.5461
2026/03/11 04:03:35 - mmengine - INFO - Epoch(train)  [55][1050/1154]  base_lr: 1.2500e-03 lr: 1.2500e-03  eta: 1:29:01  time: 0.0686  data_time: 0.0014  memory: 708  grad_norm: 5.0621  loss: 0.6681  loss_cls: 0.0284  loss_bbox: 0.0838  loss_centerness: 0.5559
2026/03/11 04:03:38 - mmengine - INFO - Epoch(train)  [55][1100/1154]  base_lr: 1.2500e-03 lr: 1.2500e-03  eta: 1:28:55  time: 0.0632  data_time: 0.0011  memory: 708  grad_norm: 4.0624  loss: 0.6417  loss_cls: 0.0124  loss_bbox: 0.0819  loss_centerness: 0.5475
2026/03/11 04:03:42 - mmengine - INFO - Epoch(train)  [55][1150/1154]  base_lr: 1.2500e-03 lr: 1.2500e-03  eta: 1:28:48  time: 0.0627  data_time: 0.0008  memory: 708  grad_norm: 4.1511  loss: 0.6404  loss_cls: 0.0111  loss_bbox: 0.0780  loss_centerness: 0.5513
2026/03/11 04:03:42 - mmengine - INFO - Exp name: fcos_minecraft_20260311_015948
2026/03/11 04:03:42 - mmengine - INFO - Saving checkpoint at 55 epochs
2026/03/11 04:03:44 - mmengine - INFO - Epoch(val)  [55][ 50/422]    eta: 0:00:06  time: 0.0178  data_time: 0.0007  memory: 708  
2026/03/11 04:03:45 - mmengine - INFO - Epoch(val)  [55][100/422]    eta: 0:00:05  time: 0.0181  data_time: 0.0005  memory: 403  
2026/03/11 04:03:46 - mmengine - INFO - Epoch(val)  [55][150/422]    eta: 0:00:04  time: 0.0171  data_time: 0.0009  memory: 403  
2026/03/11 04:03:47 - mmengine - INFO - Epoch(val)  [55][200/422]    eta: 0:00:03  time: 0.0175  data_time: 0.0006  memory: 403  
2026/03/11 04:03:48 - mmengine - INFO - Epoch(val)  [55][250/422]    eta: 0:00:03  time: 0.0175  data_time: 0.0005  memory: 403  
2026/03/11 04:03:49 - mmengine - INFO - Epoch(val)  [55][300/422]    eta: 0:00:02  time: 0.0175  data_time: 0.0006  memory: 403  
2026/03/11 04:03:49 - mmengine - INFO - Epoch(val)  [55][350/422]    eta: 0:00:01  time: 0.0176  data_time: 0.0007  memory: 403  
2026/03/11 04:03:50 - mmengine - INFO - Epoch(val)  [55][400/422]    eta: 0:00:00  time: 0.0171  data_time: 0.0007  memory: 403  
2026/03/11 04:03:51 - mmengine - INFO - Evaluating bbox...
2026/03/11 04:03:51 - mmengine - INFO - bbox_mAP_copypaste: 0.284 0.471 0.334 0.021 0.168 0.418
2026/03/11 04:03:51 - mmengine - INFO - Epoch(val) [55][422/422]    coco/bbox_mAP: 0.2840  coco/bbox_mAP_50: 0.4710  coco/bbox_mAP_75: 0.3340  coco/bbox_mAP_s: 0.0210  coco/bbox_mAP_m: 0.1680  coco/bbox_mAP_l: 0.4180  data_time: 0.0007  time: 0.0176
2026/03/11 04:03:55 - mmengine - INFO - Epoch(train)  [56][  50/1154]  base_lr: 1.2500e-03 lr: 1.2500e-03  eta: 1:28:41  time: 0.0648  data_time: 0.0017  memory: 708  grad_norm: 4.1515  loss: 0.6387  loss_cls: 0.0063  loss_bbox: 0.0861  loss_centerness: 0.5463
2026/03/11 04:03:58 - mmengine - INFO - Epoch(train)  [56][ 100/1154]  base_lr: 1.2500e-03 lr: 1.2500e-03  eta: 1:28:34  time: 0.0628  data_time: 0.0011  memory: 708  grad_norm: 3.8859  loss: 0.6404  loss_cls: 0.0095  loss_bbox: 0.0831  loss_centerness: 0.5478
2026/03/11 04:04:01 - mmengine - INFO - Epoch(train)  [56][ 150/1154]  base_lr: 1.2500e-03 lr: 1.2500e-03  eta: 1:28:27  time: 0.0673  data_time: 0.0012  memory: 708  grad_norm: 3.9160  loss: 0.6311  loss_cls: 0.0114  loss_bbox: 0.0653  loss_centerness: 0.5544
2026/03/11 04:04:04 - mmengine - INFO - Epoch(train)  [56][ 200/1154]  base_lr: 1.2500e-03 lr: 1.2500e-03  eta: 1:28:21  time: 0.0647  data_time: 0.0016  memory: 708  grad_norm: 4.0839  loss: 0.6369  loss_cls: 0.0070  loss_bbox: 0.0775  loss_centerness: 0.5525
2026/03/11 04:04:08 - mmengine - INFO - Epoch(train)  [56][ 250/1154]  base_lr: 1.2500e-03 lr: 1.2500e-03  eta: 1:28:14  time: 0.0638  data_time: 0.0013  memory: 708  grad_norm: 7.6209  loss: 0.7200  loss_cls: 0.1019  loss_bbox: 0.0731  loss_centerness: 0.5450
2026/03/11 04:04:11 - mmengine - INFO - Epoch(train)  [56][ 300/1154]  base_lr: 1.2500e-03 lr: 1.2500e-03  eta: 1:28:07  time: 0.0625  data_time: 0.0014  memory: 708  grad_norm: 5.9693  loss: 0.7048  loss_cls: 0.0697  loss_bbox: 0.0805  loss_centerness: 0.5546
2026/03/11 04:04:14 - mmengine - INFO - Epoch(train)  [56][ 350/1154]  base_lr: 1.2500e-03 lr: 1.2500e-03  eta: 1:28:01  time: 0.0618  data_time: 0.0014  memory: 708  grad_norm: 5.9681  loss: 0.6778  loss_cls: 0.0343  loss_bbox: 0.0885  loss_centerness: 0.5550
2026/03/11 04:04:17 - mmengine - INFO - Epoch(train)  [56][ 400/1154]  base_lr: 1.2500e-03 lr: 1.2500e-03  eta: 1:27:54  time: 0.0630  data_time: 0.0011  memory: 708  grad_norm: 5.1608  loss: 0.6673  loss_cls: 0.0232  loss_bbox: 0.0900  loss_centerness: 0.5541
2026/03/11 04:04:20 - mmengine - INFO - Epoch(train)  [56][ 450/1154]  base_lr: 1.2500e-03 lr: 1.2500e-03  eta: 1:27:47  time: 0.0625  data_time: 0.0011  memory: 708  grad_norm: 4.2573  loss: 0.6471  loss_cls: 0.0175  loss_bbox: 0.0750  loss_centerness: 0.5547
2026/03/11 04:04:23 - mmengine - INFO - Epoch(train)  [56][ 500/1154]  base_lr: 1.2500e-03 lr: 1.2500e-03  eta: 1:27:40  time: 0.0624  data_time: 0.0012  memory: 708  grad_norm: 4.1159  loss: 0.6441  loss_cls: 0.0140  loss_bbox: 0.0828  loss_centerness: 0.5473
2026/03/11 04:04:25 - mmengine - INFO - Exp name: fcos_minecraft_20260311_015948
2026/03/11 04:04:26 - mmengine - INFO - Epoch(train)  [56][ 550/1154]  base_lr: 1.2500e-03 lr: 1.2500e-03  eta: 1:27:34  time: 0.0641  data_time: 0.0014  memory: 708  grad_norm: 3.5725  loss: 0.6373  loss_cls: 0.0100  loss_bbox: 0.0739  loss_centerness: 0.5534
2026/03/11 04:04:30 - mmengine - INFO - Epoch(train)  [56][ 600/1154]  base_lr: 1.2500e-03 lr: 1.2500e-03  eta: 1:27:27  time: 0.0625  data_time: 0.0014  memory: 708  grad_norm: 3.9825  loss: 0.6328  loss_cls: 0.0118  loss_bbox: 0.0703  loss_centerness: 0.5507
2026/03/11 04:04:33 - mmengine - INFO - Epoch(train)  [56][ 650/1154]  base_lr: 1.2500e-03 lr: 1.2500e-03  eta: 1:27:20  time: 0.0619  data_time: 0.0015  memory: 708  grad_norm: 4.3385  loss: 0.6485  loss_cls: 0.0118  loss_bbox: 0.0815  loss_centerness: 0.5552
2026/03/11 04:04:36 - mmengine - INFO - Epoch(train)  [56][ 700/1154]  base_lr: 1.2500e-03 lr: 1.2500e-03  eta: 1:27:14  time: 0.0620  data_time: 0.0019  memory: 708  grad_norm: 4.1198  loss: 0.6470  loss_cls: 0.0099  loss_bbox: 0.0835  loss_centerness: 0.5536
2026/03/11 04:04:39 - mmengine - INFO - Epoch(train)  [56][ 750/1154]  base_lr: 1.2500e-03 lr: 1.2500e-03  eta: 1:27:07  time: 0.0620  data_time: 0.0014  memory: 708  grad_norm: 4.0769  loss: 0.6451  loss_cls: 0.0074  loss_bbox: 0.0824  loss_centerness: 0.5552
2026/03/11 04:04:42 - mmengine - INFO - Epoch(train)  [56][ 800/1154]  base_lr: 1.2500e-03 lr: 1.2500e-03  eta: 1:27:00  time: 0.0621  data_time: 0.0016  memory: 708  grad_norm: 4.6156  loss: 0.6577  loss_cls: 0.0090  loss_bbox: 0.1035  loss_centerness: 0.5453
2026/03/11 04:04:45 - mmengine - INFO - Epoch(train)  [56][ 850/1154]  base_lr: 1.2500e-03 lr: 1.2500e-03  eta: 1:26:53  time: 0.0618  data_time: 0.0013  memory: 708  grad_norm: 5.3798  loss: 0.6821  loss_cls: 0.0427  loss_bbox: 0.0833  loss_centerness: 0.5561
2026/03/11 04:04:48 - mmengine - INFO - Epoch(train)  [56][ 900/1154]  base_lr: 1.2500e-03 lr: 1.2500e-03  eta: 1:26:47  time: 0.0619  data_time: 0.0009  memory: 708  grad_norm: 4.4868  loss: 0.6445  loss_cls: 0.0106  loss_bbox: 0.0807  loss_centerness: 0.5531
2026/03/11 04:04:51 - mmengine - INFO - Epoch(train)  [56][ 950/1154]  base_lr: 1.2500e-03 lr: 1.2500e-03  eta: 1:26:40  time: 0.0620  data_time: 0.0017  memory: 708  grad_norm: 3.8847  loss: 0.6305  loss_cls: 0.0120  loss_bbox: 0.0725  loss_centerness: 0.5460
2026/03/11 04:04:54 - mmengine - INFO - Epoch(train)  [56][1000/1154]  base_lr: 1.2500e-03 lr: 1.2500e-03  eta: 1:26:33  time: 0.0617  data_time: 0.0016  memory: 708  grad_norm: 3.7952  loss: 0.6293  loss_cls: 0.0066  loss_bbox: 0.0701  loss_centerness: 0.5526
2026/03/11 04:04:57 - mmengine - INFO - Epoch(train)  [56][1050/1154]  base_lr: 1.2500e-03 lr: 1.2500e-03  eta: 1:26:27  time: 0.0625  data_time: 0.0011  memory: 708  grad_norm: 3.8319  loss: 0.6353  loss_cls: 0.0085  loss_bbox: 0.0708  loss_centerness: 0.5561
2026/03/11 04:05:01 - mmengine - INFO - Epoch(train)  [56][1100/1154]  base_lr: 1.2500e-03 lr: 1.2500e-03  eta: 1:26:20  time: 0.0621  data_time: 0.0008  memory: 708  grad_norm: 4.0236  loss: 0.6435  loss_cls: 0.0084  loss_bbox: 0.0871  loss_centerness: 0.5481
2026/03/11 04:05:04 - mmengine - INFO - Epoch(train)  [56][1150/1154]  base_lr: 1.2500e-03 lr: 1.2500e-03  eta: 1:26:13  time: 0.0622  data_time: 0.0012  memory: 708  grad_norm: 4.1444  loss: 0.6349  loss_cls: 0.0059  loss_bbox: 0.0783  loss_centerness: 0.5508
2026/03/11 04:05:04 - mmengine - INFO - Exp name: fcos_minecraft_20260311_015948
2026/03/11 04:05:04 - mmengine - INFO - Saving checkpoint at 56 epochs
2026/03/11 04:05:06 - mmengine - INFO - Epoch(val)  [56][ 50/422]    eta: 0:00:06  time: 0.0168  data_time: 0.0006  memory: 708  
2026/03/11 04:05:07 - mmengine - INFO - Epoch(val)  [56][100/422]    eta: 0:00:05  time: 0.0167  data_time: 0.0004  memory: 403  
2026/03/11 04:05:08 - mmengine - INFO - Epoch(val)  [56][150/422]    eta: 0:00:04  time: 0.0168  data_time: 0.0005  memory: 403  
2026/03/11 04:05:09 - mmengine - INFO - Epoch(val)  [56][200/422]    eta: 0:00:03  time: 0.0168  data_time: 0.0007  memory: 403  
2026/03/11 04:05:09 - mmengine - INFO - Epoch(val)  [56][250/422]    eta: 0:00:02  time: 0.0168  data_time: 0.0005  memory: 403  
2026/03/11 04:05:10 - mmengine - INFO - Epoch(val)  [56][300/422]    eta: 0:00:02  time: 0.0171  data_time: 0.0006  memory: 403  
2026/03/11 04:05:11 - mmengine - INFO - Epoch(val)  [56][350/422]    eta: 0:00:01  time: 0.0170  data_time: 0.0005  memory: 403  
2026/03/11 04:05:12 - mmengine - INFO - Epoch(val)  [56][400/422]    eta: 0:00:00  time: 0.0163  data_time: 0.0003  memory: 403  
2026/03/11 04:05:12 - mmengine - INFO - Evaluating bbox...
2026/03/11 04:05:13 - mmengine - INFO - bbox_mAP_copypaste: 0.243 0.441 0.236 0.046 0.141 0.357
2026/03/11 04:05:13 - mmengine - INFO - Epoch(val) [56][422/422]    coco/bbox_mAP: 0.2430  coco/bbox_mAP_50: 0.4410  coco/bbox_mAP_75: 0.2360  coco/bbox_mAP_s: 0.0460  coco/bbox_mAP_m: 0.1410  coco/bbox_mAP_l: 0.3570  data_time: 0.0005  time: 0.0168
2026/03/11 04:05:16 - mmengine - INFO - Epoch(train)  [57][  50/1154]  base_lr: 1.2500e-03 lr: 1.2500e-03  eta: 1:26:06  time: 0.0621  data_time: 0.0014  memory: 708  grad_norm: 4.3984  loss: 0.6624  loss_cls: 0.0084  loss_bbox: 0.1016  loss_centerness: 0.5523
2026/03/11 04:05:19 - mmengine - INFO - Epoch(train)  [57][ 100/1154]  base_lr: 1.2500e-03 lr: 1.2500e-03  eta: 1:26:00  time: 0.0616  data_time: 0.0008  memory: 708  grad_norm: 4.1010  loss: 0.6542  loss_cls: 0.0066  loss_bbox: 0.0873  loss_centerness: 0.5602
2026/03/11 04:05:22 - mmengine - INFO - Epoch(train)  [57][ 150/1154]  base_lr: 1.2500e-03 lr: 1.2500e-03  eta: 1:25:53  time: 0.0621  data_time: 0.0012  memory: 708  grad_norm: 3.7796  loss: 0.6329  loss_cls: 0.0041  loss_bbox: 0.0766  loss_centerness: 0.5522
2026/03/11 04:05:25 - mmengine - INFO - Epoch(train)  [57][ 200/1154]  base_lr: 1.2500e-03 lr: 1.2500e-03  eta: 1:25:46  time: 0.0617  data_time: 0.0011  memory: 708  grad_norm: 3.9433  loss: 0.6382  loss_cls: 0.0071  loss_bbox: 0.0806  loss_centerness: 0.5505
2026/03/11 04:05:28 - mmengine - INFO - Epoch(train)  [57][ 250/1154]  base_lr: 1.2500e-03 lr: 1.2500e-03  eta: 1:25:40  time: 0.0622  data_time: 0.0014  memory: 708  grad_norm: 3.6139  loss: 0.6316  loss_cls: 0.0051  loss_bbox: 0.0792  loss_centerness: 0.5473
2026/03/11 04:05:32 - mmengine - INFO - Epoch(train)  [57][ 300/1154]  base_lr: 1.2500e-03 lr: 1.2500e-03  eta: 1:25:33  time: 0.0620  data_time: 0.0018  memory: 708  grad_norm: 3.8233  loss: 0.6278  loss_cls: 0.0035  loss_bbox: 0.0746  loss_centerness: 0.5498
2026/03/11 04:05:35 - mmengine - INFO - Epoch(train)  [57][ 350/1154]  base_lr: 1.2500e-03 lr: 1.2500e-03  eta: 1:25:26  time: 0.0624  data_time: 0.0010  memory: 708  grad_norm: 4.1393  loss: 0.6342  loss_cls: 0.0046  loss_bbox: 0.0827  loss_centerness: 0.5469
2026/03/11 04:05:36 - mmengine - INFO - Exp name: fcos_minecraft_20260311_015948
2026/03/11 04:05:38 - mmengine - INFO - Epoch(train)  [57][ 400/1154]  base_lr: 1.2500e-03 lr: 1.2500e-03  eta: 1:25:20  time: 0.0621  data_time: 0.0015  memory: 708  grad_norm: 3.6426  loss: 0.6251  loss_cls: 0.0040  loss_bbox: 0.0676  loss_centerness: 0.5534
2026/03/11 04:05:41 - mmengine - INFO - Epoch(train)  [57][ 450/1154]  base_lr: 1.2500e-03 lr: 1.2500e-03  eta: 1:25:13  time: 0.0617  data_time: 0.0012  memory: 708  grad_norm: 4.2657  loss: 0.6440  loss_cls: 0.0072  loss_bbox: 0.0857  loss_centerness: 0.5511
2026/03/11 04:05:44 - mmengine - INFO - Epoch(train)  [57][ 500/1154]  base_lr: 1.2500e-03 lr: 1.2500e-03  eta: 1:25:07  time: 0.0622  data_time: 0.0013  memory: 708  grad_norm: 3.6446  loss: 0.6266  loss_cls: 0.0070  loss_bbox: 0.0707  loss_centerness: 0.5488
2026/03/11 04:05:47 - mmengine - INFO - Epoch(train)  [57][ 550/1154]  base_lr: 1.2500e-03 lr: 1.2500e-03  eta: 1:25:00  time: 0.0617  data_time: 0.0009  memory: 708  grad_norm: 3.8614  loss: 0.6213  loss_cls: 0.0063  loss_bbox: 0.0665  loss_centerness: 0.5484
2026/03/11 04:05:50 - mmengine - INFO - Epoch(train)  [57][ 600/1154]  base_lr: 1.2500e-03 lr: 1.2500e-03  eta: 1:24:53  time: 0.0620  data_time: 0.0010  memory: 708  grad_norm: 3.6504  loss: 0.6336  loss_cls: 0.0060  loss_bbox: 0.0735  loss_centerness: 0.5542
2026/03/11 04:05:53 - mmengine - INFO - Epoch(train)  [57][ 650/1154]  base_lr: 1.2500e-03 lr: 1.2500e-03  eta: 1:24:47  time: 0.0620  data_time: 0.0014  memory: 708  grad_norm: 4.3781  loss: 0.6354  loss_cls: 0.0134  loss_bbox: 0.0747  loss_centerness: 0.5473
2026/03/11 04:05:56 - mmengine - INFO - Epoch(train)  [57][ 700/1154]  base_lr: 1.2500e-03 lr: 1.2500e-03  eta: 1:24:40  time: 0.0619  data_time: 0.0016  memory: 708  grad_norm: 4.1656  loss: 0.6445  loss_cls: 0.0060  loss_bbox: 0.0822  loss_centerness: 0.5563
2026/03/11 04:05:59 - mmengine - INFO - Epoch(train)  [57][ 750/1154]  base_lr: 1.2500e-03 lr: 1.2500e-03  eta: 1:24:34  time: 0.0616  data_time: 0.0015  memory: 708  grad_norm: 4.1604  loss: 0.6419  loss_cls: 0.0090  loss_bbox: 0.0817  loss_centerness: 0.5512
2026/03/11 04:06:03 - mmengine - INFO - Epoch(train)  [57][ 800/1154]  base_lr: 1.2500e-03 lr: 1.2500e-03  eta: 1:24:27  time: 0.0621  data_time: 0.0011  memory: 708  grad_norm: 4.4574  loss: 0.6378  loss_cls: 0.0145  loss_bbox: 0.0703  loss_centerness: 0.5531
2026/03/11 04:06:06 - mmengine - INFO - Epoch(train)  [57][ 850/1154]  base_lr: 1.2500e-03 lr: 1.2500e-03  eta: 1:24:20  time: 0.0620  data_time: 0.0017  memory: 708  grad_norm: 3.7707  loss: 0.6242  loss_cls: 0.0074  loss_bbox: 0.0739  loss_centerness: 0.5430
2026/03/11 04:06:09 - mmengine - INFO - Epoch(train)  [57][ 900/1154]  base_lr: 1.2500e-03 lr: 1.2500e-03  eta: 1:24:14  time: 0.0618  data_time: 0.0015  memory: 708  grad_norm: 4.1776  loss: 0.6414  loss_cls: 0.0138  loss_bbox: 0.0756  loss_centerness: 0.5521
2026/03/11 04:06:12 - mmengine - INFO - Epoch(train)  [57][ 950/1154]  base_lr: 1.2500e-03 lr: 1.2500e-03  eta: 1:24:07  time: 0.0616  data_time: 0.0012  memory: 708  grad_norm: 3.7140  loss: 0.6268  loss_cls: 0.0052  loss_bbox: 0.0724  loss_centerness: 0.5492
2026/03/11 04:06:15 - mmengine - INFO - Epoch(train)  [57][1000/1154]  base_lr: 1.2500e-03 lr: 1.2500e-03  eta: 1:24:01  time: 0.0617  data_time: 0.0011  memory: 708  grad_norm: 3.9974  loss: 0.6397  loss_cls: 0.0075  loss_bbox: 0.0795  loss_centerness: 0.5527
2026/03/11 04:06:18 - mmengine - INFO - Epoch(train)  [57][1050/1154]  base_lr: 1.2500e-03 lr: 1.2500e-03  eta: 1:23:54  time: 0.0621  data_time: 0.0013  memory: 708  grad_norm: 4.1933  loss: 0.6446  loss_cls: 0.0081  loss_bbox: 0.0812  loss_centerness: 0.5553
2026/03/11 04:06:21 - mmengine - INFO - Epoch(train)  [57][1100/1154]  base_lr: 1.2500e-03 lr: 1.2500e-03  eta: 1:23:48  time: 0.0616  data_time: 0.0009  memory: 708  grad_norm: 5.0282  loss: 0.6616  loss_cls: 0.0139  loss_bbox: 0.0921  loss_centerness: 0.5556
2026/03/11 04:06:24 - mmengine - INFO - Epoch(train)  [57][1150/1154]  base_lr: 1.2500e-03 lr: 1.2500e-03  eta: 1:23:41  time: 0.0619  data_time: 0.0009  memory: 708  grad_norm: 4.3591  loss: 0.6439  loss_cls: 0.0159  loss_bbox: 0.0766  loss_centerness: 0.5513
2026/03/11 04:06:25 - mmengine - INFO - Exp name: fcos_minecraft_20260311_015948
2026/03/11 04:06:25 - mmengine - INFO - Saving checkpoint at 57 epochs
2026/03/11 04:06:27 - mmengine - INFO - Epoch(val)  [57][ 50/422]    eta: 0:00:06  time: 0.0173  data_time: 0.0012  memory: 708  
2026/03/11 04:06:28 - mmengine - INFO - Epoch(val)  [57][100/422]    eta: 0:00:05  time: 0.0168  data_time: 0.0004  memory: 403  
2026/03/11 04:06:28 - mmengine - INFO - Epoch(val)  [57][150/422]    eta: 0:00:04  time: 0.0171  data_time: 0.0006  memory: 403  
2026/03/11 04:06:29 - mmengine - INFO - Epoch(val)  [57][200/422]    eta: 0:00:03  time: 0.0164  data_time: 0.0008  memory: 403  
2026/03/11 04:06:30 - mmengine - INFO - Epoch(val)  [57][250/422]    eta: 0:00:02  time: 0.0164  data_time: 0.0003  memory: 403  
2026/03/11 04:06:31 - mmengine - INFO - Epoch(val)  [57][300/422]    eta: 0:00:02  time: 0.0167  data_time: 0.0010  memory: 403  
2026/03/11 04:06:32 - mmengine - INFO - Epoch(val)  [57][350/422]    eta: 0:00:01  time: 0.0163  data_time: 0.0005  memory: 403  
2026/03/11 04:06:33 - mmengine - INFO - Epoch(val)  [57][400/422]    eta: 0:00:00  time: 0.0166  data_time: 0.0007  memory: 403  
2026/03/11 04:06:33 - mmengine - INFO - Evaluating bbox...
2026/03/11 04:06:34 - mmengine - INFO - bbox_mAP_copypaste: 0.291 0.488 0.325 0.036 0.178 0.412
2026/03/11 04:06:34 - mmengine - INFO - Epoch(val) [57][422/422]    coco/bbox_mAP: 0.2910  coco/bbox_mAP_50: 0.4880  coco/bbox_mAP_75: 0.3250  coco/bbox_mAP_s: 0.0360  coco/bbox_mAP_m: 0.1780  coco/bbox_mAP_l: 0.4120  data_time: 0.0007  time: 0.0167
2026/03/11 04:06:37 - mmengine - INFO - Epoch(train)  [58][  50/1154]  base_lr: 1.2500e-03 lr: 1.2500e-03  eta: 1:23:34  time: 0.0628  data_time: 0.0016  memory: 708  grad_norm: 5.1039  loss: 0.6496  loss_cls: 0.0156  loss_bbox: 0.0826  loss_centerness: 0.5514
2026/03/11 04:06:40 - mmengine - INFO - Epoch(train)  [58][ 100/1154]  base_lr: 1.2500e-03 lr: 1.2500e-03  eta: 1:23:27  time: 0.0621  data_time: 0.0013  memory: 708  grad_norm: 4.6880  loss: 0.6673  loss_cls: 0.0364  loss_bbox: 0.0719  loss_centerness: 0.5590
2026/03/11 04:06:43 - mmengine - INFO - Epoch(train)  [58][ 150/1154]  base_lr: 1.2500e-03 lr: 1.2500e-03  eta: 1:23:21  time: 0.0620  data_time: 0.0011  memory: 708  grad_norm: 4.7519  loss: 0.6646  loss_cls: 0.0180  loss_bbox: 0.0931  loss_centerness: 0.5535
2026/03/11 04:06:46 - mmengine - INFO - Epoch(train)  [58][ 200/1154]  base_lr: 1.2500e-03 lr: 1.2500e-03  eta: 1:23:14  time: 0.0618  data_time: 0.0013  memory: 708  grad_norm: 3.6973  loss: 0.6417  loss_cls: 0.0147  loss_bbox: 0.0714  loss_centerness: 0.5555
2026/03/11 04:06:47 - mmengine - INFO - Exp name: fcos_minecraft_20260311_015948
2026/03/11 04:06:49 - mmengine - INFO - Epoch(train)  [58][ 250/1154]  base_lr: 1.2500e-03 lr: 1.2500e-03  eta: 1:23:08  time: 0.0619  data_time: 0.0011  memory: 708  grad_norm: 3.8708  loss: 0.6350  loss_cls: 0.0061  loss_bbox: 0.0815  loss_centerness: 0.5474
2026/03/11 04:06:52 - mmengine - INFO - Epoch(train)  [58][ 300/1154]  base_lr: 1.2500e-03 lr: 1.2500e-03  eta: 1:23:01  time: 0.0618  data_time: 0.0010  memory: 708  grad_norm: 4.2764  loss: 0.6250  loss_cls: 0.0064  loss_bbox: 0.0791  loss_centerness: 0.5396
2026/03/11 04:06:55 - mmengine - INFO - Epoch(train)  [58][ 350/1154]  base_lr: 1.2500e-03 lr: 1.2500e-03  eta: 1:22:55  time: 0.0620  data_time: 0.0011  memory: 708  grad_norm: 4.0087  loss: 0.6338  loss_cls: 0.0059  loss_bbox: 0.0776  loss_centerness: 0.5503
2026/03/11 04:06:58 - mmengine - INFO - Epoch(train)  [58][ 400/1154]  base_lr: 1.2500e-03 lr: 1.2500e-03  eta: 1:22:48  time: 0.0619  data_time: 0.0009  memory: 708  grad_norm: 3.8709  loss: 0.6341  loss_cls: 0.0064  loss_bbox: 0.0782  loss_centerness: 0.5495
2026/03/11 04:07:02 - mmengine - INFO - Epoch(train)  [58][ 450/1154]  base_lr: 1.2500e-03 lr: 1.2500e-03  eta: 1:22:42  time: 0.0630  data_time: 0.0014  memory: 708  grad_norm: 4.1000  loss: 0.6533  loss_cls: 0.0060  loss_bbox: 0.0943  loss_centerness: 0.5531
2026/03/11 04:07:05 - mmengine - INFO - Epoch(train)  [58][ 500/1154]  base_lr: 1.2500e-03 lr: 1.2500e-03  eta: 1:22:35  time: 0.0624  data_time: 0.0012  memory: 708  grad_norm: 3.8258  loss: 0.6355  loss_cls: 0.0091  loss_bbox: 0.0707  loss_centerness: 0.5556
2026/03/11 04:07:08 - mmengine - INFO - Epoch(train)  [58][ 550/1154]  base_lr: 1.2500e-03 lr: 1.2500e-03  eta: 1:22:29  time: 0.0617  data_time: 0.0014  memory: 708  grad_norm: 4.0907  loss: 0.6465  loss_cls: 0.0087  loss_bbox: 0.0845  loss_centerness: 0.5533
2026/03/11 04:07:11 - mmengine - INFO - Epoch(train)  [58][ 600/1154]  base_lr: 1.2500e-03 lr: 1.2500e-03  eta: 1:22:22  time: 0.0621  data_time: 0.0012  memory: 708  grad_norm: 3.9200  loss: 0.6331  loss_cls: 0.0063  loss_bbox: 0.0778  loss_centerness: 0.5489
2026/03/11 04:07:14 - mmengine - INFO - Epoch(train)  [58][ 650/1154]  base_lr: 1.2500e-03 lr: 1.2500e-03  eta: 1:22:16  time: 0.0620  data_time: 0.0015  memory: 708  grad_norm: 3.8685  loss: 0.6352  loss_cls: 0.0050  loss_bbox: 0.0733  loss_centerness: 0.5569
2026/03/11 04:07:17 - mmengine - INFO - Epoch(train)  [58][ 700/1154]  base_lr: 1.2500e-03 lr: 1.2500e-03  eta: 1:22:10  time: 0.0620  data_time: 0.0010  memory: 708  grad_norm: 4.5119  loss: 0.6504  loss_cls: 0.0071  loss_bbox: 0.0916  loss_centerness: 0.5516
2026/03/11 04:07:20 - mmengine - INFO - Epoch(train)  [58][ 750/1154]  base_lr: 1.2500e-03 lr: 1.2500e-03  eta: 1:22:03  time: 0.0620  data_time: 0.0013  memory: 708  grad_norm: 5.4294  loss: 0.6651  loss_cls: 0.0207  loss_bbox: 0.0973  loss_centerness: 0.5471
2026/03/11 04:07:23 - mmengine - INFO - Epoch(train)  [58][ 800/1154]  base_lr: 1.2500e-03 lr: 1.2500e-03  eta: 1:21:57  time: 0.0619  data_time: 0.0011  memory: 708  grad_norm: 3.3959  loss: 0.6214  loss_cls: 0.0075  loss_bbox: 0.0623  loss_centerness: 0.5516
2026/03/11 04:07:26 - mmengine - INFO - Epoch(train)  [58][ 850/1154]  base_lr: 1.2500e-03 lr: 1.2500e-03  eta: 1:21:50  time: 0.0619  data_time: 0.0007  memory: 708  grad_norm: 4.0496  loss: 0.6322  loss_cls: 0.0074  loss_bbox: 0.0743  loss_centerness: 0.5504
2026/03/11 04:07:30 - mmengine - INFO - Epoch(train)  [58][ 900/1154]  base_lr: 1.2500e-03 lr: 1.2500e-03  eta: 1:21:44  time: 0.0620  data_time: 0.0012  memory: 708  grad_norm: 3.8907  loss: 0.6326  loss_cls: 0.0051  loss_bbox: 0.0711  loss_centerness: 0.5564
2026/03/11 04:07:33 - mmengine - INFO - Epoch(train)  [58][ 950/1154]  base_lr: 1.2500e-03 lr: 1.2500e-03  eta: 1:21:37  time: 0.0620  data_time: 0.0010  memory: 708  grad_norm: 3.6456  loss: 0.6325  loss_cls: 0.0085  loss_bbox: 0.0734  loss_centerness: 0.5506
2026/03/11 04:07:36 - mmengine - INFO - Epoch(train)  [58][1000/1154]  base_lr: 1.2500e-03 lr: 1.2500e-03  eta: 1:21:31  time: 0.0624  data_time: 0.0010  memory: 708  grad_norm: 4.0689  loss: 0.6276  loss_cls: 0.0058  loss_bbox: 0.0734  loss_centerness: 0.5484
2026/03/11 04:07:39 - mmengine - INFO - Epoch(train)  [58][1050/1154]  base_lr: 1.2500e-03 lr: 1.2500e-03  eta: 1:21:24  time: 0.0623  data_time: 0.0012  memory: 708  grad_norm: 4.1978  loss: 0.6437  loss_cls: 0.0071  loss_bbox: 0.0862  loss_centerness: 0.5504
2026/03/11 04:07:42 - mmengine - INFO - Epoch(train)  [58][1100/1154]  base_lr: 1.2500e-03 lr: 1.2500e-03  eta: 1:21:18  time: 0.0623  data_time: 0.0012  memory: 708  grad_norm: 3.6609  loss: 0.6268  loss_cls: 0.0053  loss_bbox: 0.0696  loss_centerness: 0.5519
2026/03/11 04:07:45 - mmengine - INFO - Epoch(train)  [58][1150/1154]  base_lr: 1.2500e-03 lr: 1.2500e-03  eta: 1:21:12  time: 0.0619  data_time: 0.0010  memory: 708  grad_norm: 3.4099  loss: 0.6209  loss_cls: 0.0047  loss_bbox: 0.0667  loss_centerness: 0.5496
2026/03/11 04:07:45 - mmengine - INFO - Exp name: fcos_minecraft_20260311_015948
2026/03/11 04:07:45 - mmengine - INFO - Saving checkpoint at 58 epochs
2026/03/11 04:07:48 - mmengine - INFO - Epoch(val)  [58][ 50/422]    eta: 0:00:06  time: 0.0166  data_time: 0.0008  memory: 708  
2026/03/11 04:07:48 - mmengine - INFO - Epoch(val)  [58][100/422]    eta: 0:00:05  time: 0.0167  data_time: 0.0003  memory: 403  
2026/03/11 04:07:49 - mmengine - INFO - Epoch(val)  [58][150/422]    eta: 0:00:04  time: 0.0168  data_time: 0.0004  memory: 403  
2026/03/11 04:07:50 - mmengine - INFO - Epoch(val)  [58][200/422]    eta: 0:00:03  time: 0.0168  data_time: 0.0002  memory: 403  
2026/03/11 04:07:51 - mmengine - INFO - Epoch(val)  [58][250/422]    eta: 0:00:02  time: 0.0170  data_time: 0.0003  memory: 403  
2026/03/11 04:07:52 - mmengine - INFO - Epoch(val)  [58][300/422]    eta: 0:00:02  time: 0.0170  data_time: 0.0002  memory: 403  
2026/03/11 04:07:53 - mmengine - INFO - Epoch(val)  [58][350/422]    eta: 0:00:01  time: 0.0165  data_time: 0.0010  memory: 403  
2026/03/11 04:07:53 - mmengine - INFO - Epoch(val)  [58][400/422]    eta: 0:00:00  time: 0.0164  data_time: 0.0004  memory: 403  
2026/03/11 04:07:54 - mmengine - INFO - Evaluating bbox...
2026/03/11 04:07:54 - mmengine - INFO - bbox_mAP_copypaste: 0.284 0.419 0.331 0.011 0.181 0.431
2026/03/11 04:07:54 - mmengine - INFO - Epoch(val) [58][422/422]    coco/bbox_mAP: 0.2840  coco/bbox_mAP_50: 0.4190  coco/bbox_mAP_75: 0.3310  coco/bbox_mAP_s: 0.0110  coco/bbox_mAP_m: 0.1810  coco/bbox_mAP_l: 0.4310  data_time: 0.0005  time: 0.0167
2026/03/11 04:07:57 - mmengine - INFO - Epoch(train)  [59][  50/1154]  base_lr: 1.2500e-03 lr: 1.2500e-03  eta: 1:21:05  time: 0.0623  data_time: 0.0014  memory: 708  grad_norm: 3.7258  loss: 0.6227  loss_cls: 0.0062  loss_bbox: 0.0658  loss_centerness: 0.5507
2026/03/11 04:07:59 - mmengine - INFO - Exp name: fcos_minecraft_20260311_015948
2026/03/11 04:08:01 - mmengine - INFO - Epoch(train)  [59][ 100/1154]  base_lr: 1.2500e-03 lr: 1.2500e-03  eta: 1:20:58  time: 0.0622  data_time: 0.0012  memory: 708  grad_norm: 3.5609  loss: 0.6290  loss_cls: 0.0045  loss_bbox: 0.0730  loss_centerness: 0.5515
2026/03/11 04:08:04 - mmengine - INFO - Epoch(train)  [59][ 150/1154]  base_lr: 1.2500e-03 lr: 1.2500e-03  eta: 1:20:52  time: 0.0617  data_time: 0.0017  memory: 708  grad_norm: 3.8658  loss: 0.6392  loss_cls: 0.0057  loss_bbox: 0.0791  loss_centerness: 0.5544
2026/03/11 04:08:07 - mmengine - INFO - Epoch(train)  [59][ 200/1154]  base_lr: 1.2500e-03 lr: 1.2500e-03  eta: 1:20:45  time: 0.0621  data_time: 0.0012  memory: 708  grad_norm: 3.7461  loss: 0.6312  loss_cls: 0.0042  loss_bbox: 0.0755  loss_centerness: 0.5515
2026/03/11 04:08:10 - mmengine - INFO - Epoch(train)  [59][ 250/1154]  base_lr: 1.2500e-03 lr: 1.2500e-03  eta: 1:20:39  time: 0.0620  data_time: 0.0016  memory: 708  grad_norm: 3.6017  loss: 0.6214  loss_cls: 0.0043  loss_bbox: 0.0653  loss_centerness: 0.5517
2026/03/11 04:08:13 - mmengine - INFO - Epoch(train)  [59][ 300/1154]  base_lr: 1.2500e-03 lr: 1.2500e-03  eta: 1:20:33  time: 0.0619  data_time: 0.0012  memory: 708  grad_norm: 3.8977  loss: 0.6272  loss_cls: 0.0051  loss_bbox: 0.0739  loss_centerness: 0.5482
2026/03/11 04:08:16 - mmengine - INFO - Epoch(train)  [59][ 350/1154]  base_lr: 1.2500e-03 lr: 1.2500e-03  eta: 1:20:26  time: 0.0620  data_time: 0.0010  memory: 708  grad_norm: 3.7241  loss: 0.6350  loss_cls: 0.0033  loss_bbox: 0.0767  loss_centerness: 0.5550
2026/03/11 04:08:19 - mmengine - INFO - Epoch(train)  [59][ 400/1154]  base_lr: 1.2500e-03 lr: 1.2500e-03  eta: 1:20:20  time: 0.0622  data_time: 0.0011  memory: 708  grad_norm: 3.4584  loss: 0.6142  loss_cls: 0.0042  loss_bbox: 0.0641  loss_centerness: 0.5459
2026/03/11 04:08:22 - mmengine - INFO - Epoch(train)  [59][ 450/1154]  base_lr: 1.2500e-03 lr: 1.2500e-03  eta: 1:20:13  time: 0.0623  data_time: 0.0011  memory: 708  grad_norm: 4.2816  loss: 0.6529  loss_cls: 0.0056  loss_bbox: 0.0876  loss_centerness: 0.5597
2026/03/11 04:08:25 - mmengine - INFO - Epoch(train)  [59][ 500/1154]  base_lr: 1.2500e-03 lr: 1.2500e-03  eta: 1:20:07  time: 0.0632  data_time: 0.0012  memory: 708  grad_norm: 4.0980  loss: 0.6466  loss_cls: 0.0039  loss_bbox: 0.0858  loss_centerness: 0.5569
2026/03/11 04:08:29 - mmengine - INFO - Epoch(train)  [59][ 550/1154]  base_lr: 1.2500e-03 lr: 1.2500e-03  eta: 1:20:01  time: 0.0623  data_time: 0.0011  memory: 708  grad_norm: 3.8026  loss: 0.6263  loss_cls: 0.0059  loss_bbox: 0.0695  loss_centerness: 0.5510
2026/03/11 04:08:32 - mmengine - INFO - Epoch(train)  [59][ 600/1154]  base_lr: 1.2500e-03 lr: 1.2500e-03  eta: 1:19:54  time: 0.0622  data_time: 0.0010  memory: 708  grad_norm: 4.1026  loss: 0.6306  loss_cls: 0.0040  loss_bbox: 0.0749  loss_centerness: 0.5516
2026/03/11 04:08:35 - mmengine - INFO - Epoch(train)  [59][ 650/1154]  base_lr: 1.2500e-03 lr: 1.2500e-03  eta: 1:19:48  time: 0.0620  data_time: 0.0014  memory: 708  grad_norm: 3.6792  loss: 0.6299  loss_cls: 0.0042  loss_bbox: 0.0782  loss_centerness: 0.5475
2026/03/11 04:08:38 - mmengine - INFO - Epoch(train)  [59][ 700/1154]  base_lr: 1.2500e-03 lr: 1.2500e-03  eta: 1:19:42  time: 0.0623  data_time: 0.0010  memory: 708  grad_norm: 3.8748  loss: 0.6321  loss_cls: 0.0046  loss_bbox: 0.0775  loss_centerness: 0.5500
2026/03/11 04:08:41 - mmengine - INFO - Epoch(train)  [59][ 750/1154]  base_lr: 1.2500e-03 lr: 1.2500e-03  eta: 1:19:35  time: 0.0621  data_time: 0.0010  memory: 708  grad_norm: 4.3090  loss: 0.6473  loss_cls: 0.0043  loss_bbox: 0.0921  loss_centerness: 0.5509
2026/03/11 04:08:44 - mmengine - INFO - Epoch(train)  [59][ 800/1154]  base_lr: 1.2500e-03 lr: 1.2500e-03  eta: 1:19:29  time: 0.0625  data_time: 0.0014  memory: 708  grad_norm: 4.2429  loss: 0.6529  loss_cls: 0.0061  loss_bbox: 0.0968  loss_centerness: 0.5500
2026/03/11 04:08:47 - mmengine - INFO - Epoch(train)  [59][ 850/1154]  base_lr: 1.2500e-03 lr: 1.2500e-03  eta: 1:19:23  time: 0.0620  data_time: 0.0013  memory: 708  grad_norm: 3.5826  loss: 0.6241  loss_cls: 0.0058  loss_bbox: 0.0673  loss_centerness: 0.5510
2026/03/11 04:08:50 - mmengine - INFO - Epoch(train)  [59][ 900/1154]  base_lr: 1.2500e-03 lr: 1.2500e-03  eta: 1:19:16  time: 0.0620  data_time: 0.0009  memory: 708  grad_norm: 3.5657  loss: 0.6278  loss_cls: 0.0036  loss_bbox: 0.0757  loss_centerness: 0.5485
2026/03/11 04:08:53 - mmengine - INFO - Epoch(train)  [59][ 950/1154]  base_lr: 1.2500e-03 lr: 1.2500e-03  eta: 1:19:10  time: 0.0620  data_time: 0.0013  memory: 708  grad_norm: 3.7360  loss: 0.6373  loss_cls: 0.0032  loss_bbox: 0.0761  loss_centerness: 0.5581
2026/03/11 04:08:57 - mmengine - INFO - Epoch(train)  [59][1000/1154]  base_lr: 1.2500e-03 lr: 1.2500e-03  eta: 1:19:04  time: 0.0623  data_time: 0.0010  memory: 708  grad_norm: 3.7797  loss: 0.6277  loss_cls: 0.0056  loss_bbox: 0.0757  loss_centerness: 0.5464
2026/03/11 04:09:00 - mmengine - INFO - Epoch(train)  [59][1050/1154]  base_lr: 1.2500e-03 lr: 1.2500e-03  eta: 1:18:57  time: 0.0620  data_time: 0.0008  memory: 708  grad_norm: 3.6060  loss: 0.6308  loss_cls: 0.0053  loss_bbox: 0.0739  loss_centerness: 0.5517
2026/03/11 04:09:01 - mmengine - INFO - Exp name: fcos_minecraft_20260311_015948
2026/03/11 04:09:03 - mmengine - INFO - Epoch(train)  [59][1100/1154]  base_lr: 1.2500e-03 lr: 1.2500e-03  eta: 1:18:51  time: 0.0623  data_time: 0.0014  memory: 708  grad_norm: 4.0145  loss: 0.6304  loss_cls: 0.0060  loss_bbox: 0.0817  loss_centerness: 0.5428
2026/03/11 04:09:06 - mmengine - INFO - Epoch(train)  [59][1150/1154]  base_lr: 1.2500e-03 lr: 1.2500e-03  eta: 1:18:45  time: 0.0624  data_time: 0.0018  memory: 708  grad_norm: 3.4683  loss: 0.6206  loss_cls: 0.0033  loss_bbox: 0.0685  loss_centerness: 0.5488
2026/03/11 04:09:06 - mmengine - INFO - Exp name: fcos_minecraft_20260311_015948
2026/03/11 04:09:06 - mmengine - INFO - Saving checkpoint at 59 epochs
2026/03/11 04:09:08 - mmengine - INFO - Epoch(val)  [59][ 50/422]    eta: 0:00:06  time: 0.0165  data_time: 0.0004  memory: 708  
2026/03/11 04:09:09 - mmengine - INFO - Epoch(val)  [59][100/422]    eta: 0:00:05  time: 0.0160  data_time: 0.0005  memory: 403  
2026/03/11 04:09:10 - mmengine - INFO - Epoch(val)  [59][150/422]    eta: 0:00:04  time: 0.0163  data_time: 0.0005  memory: 403  
2026/03/11 04:09:11 - mmengine - INFO - Epoch(val)  [59][200/422]    eta: 0:00:03  time: 0.0163  data_time: 0.0007  memory: 403  
2026/03/11 04:09:12 - mmengine - INFO - Epoch(val)  [59][250/422]    eta: 0:00:02  time: 0.0165  data_time: 0.0007  memory: 403  
2026/03/11 04:09:13 - mmengine - INFO - Epoch(val)  [59][300/422]    eta: 0:00:01  time: 0.0166  data_time: 0.0005  memory: 403  
2026/03/11 04:09:13 - mmengine - INFO - Epoch(val)  [59][350/422]    eta: 0:00:01  time: 0.0165  data_time: 0.0004  memory: 403  
2026/03/11 04:09:14 - mmengine - INFO - Epoch(val)  [59][400/422]    eta: 0:00:00  time: 0.0165  data_time: 0.0005  memory: 403  
2026/03/11 04:09:15 - mmengine - INFO - Evaluating bbox...
2026/03/11 04:09:15 - mmengine - INFO - bbox_mAP_copypaste: 0.293 0.475 0.358 0.024 0.170 0.437
2026/03/11 04:09:15 - mmengine - INFO - Epoch(val) [59][422/422]    coco/bbox_mAP: 0.2930  coco/bbox_mAP_50: 0.4750  coco/bbox_mAP_75: 0.3580  coco/bbox_mAP_s: 0.0240  coco/bbox_mAP_m: 0.1700  coco/bbox_mAP_l: 0.4370  data_time: 0.0005  time: 0.0164
2026/03/11 04:09:18 - mmengine - INFO - Epoch(train)  [60][  50/1154]  base_lr: 1.2500e-03 lr: 1.2500e-03  eta: 1:18:38  time: 0.0624  data_time: 0.0017  memory: 708  grad_norm: 3.4424  loss: 0.6266  loss_cls: 0.0056  loss_bbox: 0.0668  loss_centerness: 0.5541
2026/03/11 04:09:21 - mmengine - INFO - Epoch(train)  [60][ 100/1154]  base_lr: 1.2500e-03 lr: 1.2500e-03  eta: 1:18:32  time: 0.0618  data_time: 0.0016  memory: 708  grad_norm: 3.4300  loss: 0.6175  loss_cls: 0.0028  loss_bbox: 0.0649  loss_centerness: 0.5499
2026/03/11 04:09:24 - mmengine - INFO - Epoch(train)  [60][ 150/1154]  base_lr: 1.2500e-03 lr: 1.2500e-03  eta: 1:18:25  time: 0.0622  data_time: 0.0013  memory: 708  grad_norm: 4.0327  loss: 0.6272  loss_cls: 0.0034  loss_bbox: 0.0712  loss_centerness: 0.5526
2026/03/11 04:09:27 - mmengine - INFO - Epoch(train)  [60][ 200/1154]  base_lr: 1.2500e-03 lr: 1.2500e-03  eta: 1:18:19  time: 0.0623  data_time: 0.0010  memory: 708  grad_norm: 3.9248  loss: 0.6451  loss_cls: 0.0047  loss_bbox: 0.0868  loss_centerness: 0.5537
2026/03/11 04:09:31 - mmengine - INFO - Epoch(train)  [60][ 250/1154]  base_lr: 1.2500e-03 lr: 1.2500e-03  eta: 1:18:13  time: 0.0626  data_time: 0.0014  memory: 708  grad_norm: 4.2842  loss: 0.6537  loss_cls: 0.0053  loss_bbox: 0.0911  loss_centerness: 0.5573
2026/03/11 04:09:34 - mmengine - INFO - Epoch(train)  [60][ 300/1154]  base_lr: 1.2500e-03 lr: 1.2500e-03  eta: 1:18:07  time: 0.0624  data_time: 0.0015  memory: 708  grad_norm: 3.9778  loss: 0.6358  loss_cls: 0.0038  loss_bbox: 0.0838  loss_centerness: 0.5482
2026/03/11 04:09:37 - mmengine - INFO - Epoch(train)  [60][ 350/1154]  base_lr: 1.2500e-03 lr: 1.2500e-03  eta: 1:18:00  time: 0.0623  data_time: 0.0012  memory: 708  grad_norm: 3.7619  loss: 0.6285  loss_cls: 0.0033  loss_bbox: 0.0757  loss_centerness: 0.5496
2026/03/11 04:09:40 - mmengine - INFO - Epoch(train)  [60][ 400/1154]  base_lr: 1.2500e-03 lr: 1.2500e-03  eta: 1:17:54  time: 0.0626  data_time: 0.0014  memory: 708  grad_norm: 4.2797  loss: 0.6307  loss_cls: 0.0031  loss_bbox: 0.0835  loss_centerness: 0.5442
2026/03/11 04:09:43 - mmengine - INFO - Epoch(train)  [60][ 450/1154]  base_lr: 1.2500e-03 lr: 1.2500e-03  eta: 1:17:48  time: 0.0619  data_time: 0.0008  memory: 708  grad_norm: 4.2457  loss: 0.6538  loss_cls: 0.0044  loss_bbox: 0.0936  loss_centerness: 0.5558
2026/03/11 04:09:46 - mmengine - INFO - Epoch(train)  [60][ 500/1154]  base_lr: 1.2500e-03 lr: 1.2500e-03  eta: 1:17:42  time: 0.0623  data_time: 0.0012  memory: 708  grad_norm: 3.8134  loss: 0.6263  loss_cls: 0.0029  loss_bbox: 0.0727  loss_centerness: 0.5507
2026/03/11 04:09:49 - mmengine - INFO - Epoch(train)  [60][ 550/1154]  base_lr: 1.2500e-03 lr: 1.2500e-03  eta: 1:17:35  time: 0.0620  data_time: 0.0007  memory: 708  grad_norm: 3.5262  loss: 0.6187  loss_cls: 0.0039  loss_bbox: 0.0693  loss_centerness: 0.5455
2026/03/11 04:09:52 - mmengine - INFO - Epoch(train)  [60][ 600/1154]  base_lr: 1.2500e-03 lr: 1.2500e-03  eta: 1:17:29  time: 0.0625  data_time: 0.0013  memory: 708  grad_norm: 3.8755  loss: 0.6296  loss_cls: 0.0039  loss_bbox: 0.0753  loss_centerness: 0.5504
2026/03/11 04:09:56 - mmengine - INFO - Epoch(train)  [60][ 650/1154]  base_lr: 1.2500e-03 lr: 1.2500e-03  eta: 1:17:23  time: 0.0621  data_time: 0.0012  memory: 708  grad_norm: 3.6946  loss: 0.6229  loss_cls: 0.0047  loss_bbox: 0.0652  loss_centerness: 0.5531
2026/03/11 04:09:59 - mmengine - INFO - Epoch(train)  [60][ 700/1154]  base_lr: 1.2500e-03 lr: 1.2500e-03  eta: 1:17:17  time: 0.0625  data_time: 0.0013  memory: 708  grad_norm: 3.7217  loss: 0.6304  loss_cls: 0.0056  loss_bbox: 0.0747  loss_centerness: 0.5500
2026/03/11 04:10:02 - mmengine - INFO - Epoch(train)  [60][ 750/1154]  base_lr: 1.2500e-03 lr: 1.2500e-03  eta: 1:17:10  time: 0.0618  data_time: 0.0013  memory: 708  grad_norm: 3.8184  loss: 0.6284  loss_cls: 0.0035  loss_bbox: 0.0704  loss_centerness: 0.5545
2026/03/11 04:10:05 - mmengine - INFO - Epoch(train)  [60][ 800/1154]  base_lr: 1.2500e-03 lr: 1.2500e-03  eta: 1:17:04  time: 0.0622  data_time: 0.0011  memory: 708  grad_norm: 3.9285  loss: 0.6216  loss_cls: 0.0031  loss_bbox: 0.0742  loss_centerness: 0.5443
2026/03/11 04:10:08 - mmengine - INFO - Epoch(train)  [60][ 850/1154]  base_lr: 1.2500e-03 lr: 1.2500e-03  eta: 1:16:58  time: 0.0623  data_time: 0.0012  memory: 708  grad_norm: 3.7862  loss: 0.6265  loss_cls: 0.0032  loss_bbox: 0.0741  loss_centerness: 0.5492
2026/03/11 04:10:11 - mmengine - INFO - Epoch(train)  [60][ 900/1154]  base_lr: 1.2500e-03 lr: 1.2500e-03  eta: 1:16:52  time: 0.0620  data_time: 0.0013  memory: 708  grad_norm: 4.7179  loss: 0.6446  loss_cls: 0.0077  loss_bbox: 0.0878  loss_centerness: 0.5491
2026/03/11 04:10:12 - mmengine - INFO - Exp name: fcos_minecraft_20260311_015948
2026/03/11 04:10:14 - mmengine - INFO - Epoch(train)  [60][ 950/1154]  base_lr: 1.2500e-03 lr: 1.2500e-03  eta: 1:16:45  time: 0.0621  data_time: 0.0013  memory: 708  grad_norm: 3.8676  loss: 0.6405  loss_cls: 0.0071  loss_bbox: 0.0757  loss_centerness: 0.5577
2026/03/11 04:10:17 - mmengine - INFO - Epoch(train)  [60][1000/1154]  base_lr: 1.2500e-03 lr: 1.2500e-03  eta: 1:16:39  time: 0.0619  data_time: 0.0010  memory: 708  grad_norm: 4.1074  loss: 0.6250  loss_cls: 0.0029  loss_bbox: 0.0715  loss_centerness: 0.5506
2026/03/11 04:10:20 - mmengine - INFO - Epoch(train)  [60][1050/1154]  base_lr: 1.2500e-03 lr: 1.2500e-03  eta: 1:16:33  time: 0.0623  data_time: 0.0009  memory: 708  grad_norm: 4.3449  loss: 0.6422  loss_cls: 0.0057  loss_bbox: 0.0840  loss_centerness: 0.5525
2026/03/11 04:10:24 - mmengine - INFO - Epoch(train)  [60][1100/1154]  base_lr: 1.2500e-03 lr: 1.2500e-03  eta: 1:16:27  time: 0.0622  data_time: 0.0012  memory: 708  grad_norm: 3.7917  loss: 0.6290  loss_cls: 0.0035  loss_bbox: 0.0741  loss_centerness: 0.5513
2026/03/11 04:10:27 - mmengine - INFO - Epoch(train)  [60][1150/1154]  base_lr: 1.2500e-03 lr: 1.2500e-03  eta: 1:16:21  time: 0.0621  data_time: 0.0014  memory: 708  grad_norm: 3.5787  loss: 0.6266  loss_cls: 0.0040  loss_bbox: 0.0664  loss_centerness: 0.5562
2026/03/11 04:10:27 - mmengine - INFO - Exp name: fcos_minecraft_20260311_015948
2026/03/11 04:10:27 - mmengine - INFO - Saving checkpoint at 60 epochs
2026/03/11 04:10:29 - mmengine - INFO - Epoch(val)  [60][ 50/422]    eta: 0:00:06  time: 0.0165  data_time: 0.0005  memory: 708  
2026/03/11 04:10:30 - mmengine - INFO - Epoch(val)  [60][100/422]    eta: 0:00:05  time: 0.0166  data_time: 0.0003  memory: 403  
2026/03/11 04:10:31 - mmengine - INFO - Epoch(val)  [60][150/422]    eta: 0:00:04  time: 0.0168  data_time: 0.0002  memory: 403  
2026/03/11 04:10:32 - mmengine - INFO - Epoch(val)  [60][200/422]    eta: 0:00:03  time: 0.0164  data_time: 0.0014  memory: 403  
2026/03/11 04:10:33 - mmengine - INFO - Epoch(val)  [60][250/422]    eta: 0:00:02  time: 0.0167  data_time: 0.0006  memory: 403  
2026/03/11 04:10:33 - mmengine - INFO - Epoch(val)  [60][300/422]    eta: 0:00:02  time: 0.0168  data_time: 0.0006  memory: 403  
2026/03/11 04:10:34 - mmengine - INFO - Epoch(val)  [60][350/422]    eta: 0:00:01  time: 0.0165  data_time: 0.0006  memory: 403  
2026/03/11 04:10:35 - mmengine - INFO - Epoch(val)  [60][400/422]    eta: 0:00:00  time: 0.0164  data_time: 0.0006  memory: 403  
2026/03/11 04:10:35 - mmengine - INFO - Evaluating bbox...
2026/03/11 04:10:36 - mmengine - INFO - bbox_mAP_copypaste: 0.270 0.465 0.293 0.034 0.142 0.384
2026/03/11 04:10:36 - mmengine - INFO - Epoch(val) [60][422/422]    coco/bbox_mAP: 0.2700  coco/bbox_mAP_50: 0.4650  coco/bbox_mAP_75: 0.2930  coco/bbox_mAP_s: 0.0340  coco/bbox_mAP_m: 0.1420  coco/bbox_mAP_l: 0.3840  data_time: 0.0006  time: 0.0166
2026/03/11 04:10:39 - mmengine - INFO - Epoch(train)  [61][  50/1154]  base_lr: 1.2500e-03 lr: 1.2500e-03  eta: 1:16:14  time: 0.0625  data_time: 0.0016  memory: 708  grad_norm: 4.0395  loss: 0.6308  loss_cls: 0.0028  loss_bbox: 0.0779  loss_centerness: 0.5500
2026/03/11 04:10:42 - mmengine - INFO - Epoch(train)  [61][ 100/1154]  base_lr: 1.2500e-03 lr: 1.2500e-03  eta: 1:16:08  time: 0.0619  data_time: 0.0014  memory: 708  grad_norm: 3.8514  loss: 0.6393  loss_cls: 0.0039  loss_bbox: 0.0819  loss_centerness: 0.5535
2026/03/11 04:10:45 - mmengine - INFO - Epoch(train)  [61][ 150/1154]  base_lr: 1.2500e-03 lr: 1.2500e-03  eta: 1:16:02  time: 0.0626  data_time: 0.0011  memory: 708  grad_norm: 3.2206  loss: 0.6222  loss_cls: 0.0025  loss_bbox: 0.0616  loss_centerness: 0.5582
2026/03/11 04:10:48 - mmengine - INFO - Epoch(train)  [61][ 200/1154]  base_lr: 1.2500e-03 lr: 1.2500e-03  eta: 1:15:55  time: 0.0626  data_time: 0.0014  memory: 708  grad_norm: 3.5017  loss: 0.6184  loss_cls: 0.0026  loss_bbox: 0.0641  loss_centerness: 0.5517
2026/03/11 04:10:51 - mmengine - INFO - Epoch(train)  [61][ 250/1154]  base_lr: 1.2500e-03 lr: 1.2500e-03  eta: 1:15:49  time: 0.0620  data_time: 0.0011  memory: 708  grad_norm: 3.6640  loss: 0.6314  loss_cls: 0.0030  loss_bbox: 0.0686  loss_centerness: 0.5598
2026/03/11 04:10:55 - mmengine - INFO - Epoch(train)  [61][ 300/1154]  base_lr: 1.2500e-03 lr: 1.2500e-03  eta: 1:15:43  time: 0.0622  data_time: 0.0014  memory: 708  grad_norm: 3.6137  loss: 0.6326  loss_cls: 0.0034  loss_bbox: 0.0784  loss_centerness: 0.5508
2026/03/11 04:10:58 - mmengine - INFO - Epoch(train)  [61][ 350/1154]  base_lr: 1.2500e-03 lr: 1.2500e-03  eta: 1:15:37  time: 0.0620  data_time: 0.0015  memory: 708  grad_norm: 4.1650  loss: 0.6335  loss_cls: 0.0035  loss_bbox: 0.0822  loss_centerness: 0.5477
2026/03/11 04:11:01 - mmengine - INFO - Epoch(train)  [61][ 400/1154]  base_lr: 1.2500e-03 lr: 1.2500e-03  eta: 1:15:31  time: 0.0623  data_time: 0.0014  memory: 708  grad_norm: 3.5725  loss: 0.6258  loss_cls: 0.0034  loss_bbox: 0.0720  loss_centerness: 0.5504
2026/03/11 04:11:04 - mmengine - INFO - Epoch(train)  [61][ 450/1154]  base_lr: 1.2500e-03 lr: 1.2500e-03  eta: 1:15:24  time: 0.0620  data_time: 0.0010  memory: 708  grad_norm: 3.4810  loss: 0.6120  loss_cls: 0.0024  loss_bbox: 0.0612  loss_centerness: 0.5485
2026/03/11 04:11:07 - mmengine - INFO - Epoch(train)  [61][ 500/1154]  base_lr: 1.2500e-03 lr: 1.2500e-03  eta: 1:15:18  time: 0.0630  data_time: 0.0012  memory: 708  grad_norm: 3.8929  loss: 0.6248  loss_cls: 0.0044  loss_bbox: 0.0717  loss_centerness: 0.5487
2026/03/11 04:11:10 - mmengine - INFO - Epoch(train)  [61][ 550/1154]  base_lr: 1.2500e-03 lr: 1.2500e-03  eta: 1:15:12  time: 0.0630  data_time: 0.0013  memory: 708  grad_norm: 3.7926  loss: 0.6274  loss_cls: 0.0019  loss_bbox: 0.0803  loss_centerness: 0.5452
2026/03/11 04:11:13 - mmengine - INFO - Epoch(train)  [61][ 600/1154]  base_lr: 1.2500e-03 lr: 1.2500e-03  eta: 1:15:06  time: 0.0620  data_time: 0.0013  memory: 708  grad_norm: 3.2622  loss: 0.6219  loss_cls: 0.0040  loss_bbox: 0.0646  loss_centerness: 0.5532
2026/03/11 04:11:16 - mmengine - INFO - Epoch(train)  [61][ 650/1154]  base_lr: 1.2500e-03 lr: 1.2500e-03  eta: 1:15:00  time: 0.0623  data_time: 0.0016  memory: 708  grad_norm: 3.8025  loss: 0.6225  loss_cls: 0.0037  loss_bbox: 0.0724  loss_centerness: 0.5464
2026/03/11 04:11:20 - mmengine - INFO - Epoch(train)  [61][ 700/1154]  base_lr: 1.2500e-03 lr: 1.2500e-03  eta: 1:14:54  time: 0.0621  data_time: 0.0011  memory: 708  grad_norm: 3.8088  loss: 0.6354  loss_cls: 0.0047  loss_bbox: 0.0782  loss_centerness: 0.5525
2026/03/11 04:11:23 - mmengine - INFO - Epoch(train)  [61][ 750/1154]  base_lr: 1.2500e-03 lr: 1.2500e-03  eta: 1:14:48  time: 0.0621  data_time: 0.0012  memory: 708  grad_norm: 3.9592  loss: 0.6440  loss_cls: 0.0043  loss_bbox: 0.0867  loss_centerness: 0.5530
2026/03/11 04:11:23 - mmengine - INFO - Exp name: fcos_minecraft_20260311_015948
2026/03/11 04:11:26 - mmengine - INFO - Epoch(train)  [61][ 800/1154]  base_lr: 1.2500e-03 lr: 1.2500e-03  eta: 1:14:42  time: 0.0622  data_time: 0.0015  memory: 708  grad_norm: 3.3924  loss: 0.6156  loss_cls: 0.0033  loss_bbox: 0.0645  loss_centerness: 0.5479
2026/03/11 04:11:29 - mmengine - INFO - Epoch(train)  [61][ 850/1154]  base_lr: 1.2500e-03 lr: 1.2500e-03  eta: 1:14:35  time: 0.0620  data_time: 0.0012  memory: 708  grad_norm: 3.3085  loss: 0.6173  loss_cls: 0.0038  loss_bbox: 0.0607  loss_centerness: 0.5528
2026/03/11 04:11:32 - mmengine - INFO - Epoch(train)  [61][ 900/1154]  base_lr: 1.2500e-03 lr: 1.2500e-03  eta: 1:14:29  time: 0.0622  data_time: 0.0010  memory: 708  grad_norm: 3.7580  loss: 0.6360  loss_cls: 0.0032  loss_bbox: 0.0776  loss_centerness: 0.5551
2026/03/11 04:11:35 - mmengine - INFO - Epoch(train)  [61][ 950/1154]  base_lr: 1.2500e-03 lr: 1.2500e-03  eta: 1:14:23  time: 0.0622  data_time: 0.0011  memory: 708  grad_norm: 3.6726  loss: 0.6190  loss_cls: 0.0031  loss_bbox: 0.0694  loss_centerness: 0.5465
2026/03/11 04:11:38 - mmengine - INFO - Epoch(train)  [61][1000/1154]  base_lr: 1.2500e-03 lr: 1.2500e-03  eta: 1:14:17  time: 0.0621  data_time: 0.0014  memory: 708  grad_norm: 4.0361  loss: 0.6294  loss_cls: 0.0047  loss_bbox: 0.0758  loss_centerness: 0.5488
2026/03/11 04:11:41 - mmengine - INFO - Epoch(train)  [61][1050/1154]  base_lr: 1.2500e-03 lr: 1.2500e-03  eta: 1:14:11  time: 0.0623  data_time: 0.0015  memory: 708  grad_norm: 3.7334  loss: 0.6350  loss_cls: 0.0043  loss_bbox: 0.0755  loss_centerness: 0.5552
2026/03/11 04:11:44 - mmengine - INFO - Epoch(train)  [61][1100/1154]  base_lr: 1.2500e-03 lr: 1.2500e-03  eta: 1:14:05  time: 0.0627  data_time: 0.0016  memory: 708  grad_norm: 3.8335  loss: 0.6275  loss_cls: 0.0038  loss_bbox: 0.0731  loss_centerness: 0.5506
2026/03/11 04:11:48 - mmengine - INFO - Epoch(train)  [61][1150/1154]  base_lr: 1.2500e-03 lr: 1.2500e-03  eta: 1:13:59  time: 0.0632  data_time: 0.0011  memory: 708  grad_norm: 3.5959  loss: 0.6216  loss_cls: 0.0033  loss_bbox: 0.0665  loss_centerness: 0.5518
2026/03/11 04:11:48 - mmengine - INFO - Exp name: fcos_minecraft_20260311_015948
2026/03/11 04:11:48 - mmengine - INFO - Saving checkpoint at 61 epochs
2026/03/11 04:11:50 - mmengine - INFO - Epoch(val)  [61][ 50/422]    eta: 0:00:06  time: 0.0168  data_time: 0.0008  memory: 708  
2026/03/11 04:11:51 - mmengine - INFO - Epoch(val)  [61][100/422]    eta: 0:00:05  time: 0.0165  data_time: 0.0006  memory: 403  
2026/03/11 04:11:52 - mmengine - INFO - Epoch(val)  [61][150/422]    eta: 0:00:04  time: 0.0164  data_time: 0.0008  memory: 403  
2026/03/11 04:11:53 - mmengine - INFO - Epoch(val)  [61][200/422]    eta: 0:00:03  time: 0.0165  data_time: 0.0009  memory: 403  
2026/03/11 04:11:54 - mmengine - INFO - Epoch(val)  [61][250/422]    eta: 0:00:02  time: 0.0165  data_time: 0.0007  memory: 403  
2026/03/11 04:11:54 - mmengine - INFO - Epoch(val)  [61][300/422]    eta: 0:00:02  time: 0.0167  data_time: 0.0007  memory: 403  
2026/03/11 04:11:55 - mmengine - INFO - Epoch(val)  [61][350/422]    eta: 0:00:01  time: 0.0164  data_time: 0.0004  memory: 403  
2026/03/11 04:11:56 - mmengine - INFO - Epoch(val)  [61][400/422]    eta: 0:00:00  time: 0.0165  data_time: 0.0007  memory: 403  
2026/03/11 04:11:56 - mmengine - INFO - Evaluating bbox...
2026/03/11 04:11:57 - mmengine - INFO - bbox_mAP_copypaste: 0.286 0.462 0.335 0.021 0.148 0.433
2026/03/11 04:11:57 - mmengine - INFO - Epoch(val) [61][422/422]    coco/bbox_mAP: 0.2860  coco/bbox_mAP_50: 0.4620  coco/bbox_mAP_75: 0.3350  coco/bbox_mAP_s: 0.0210  coco/bbox_mAP_m: 0.1480  coco/bbox_mAP_l: 0.4330  data_time: 0.0007  time: 0.0165
2026/03/11 04:12:00 - mmengine - INFO - Epoch(train)  [62][  50/1154]  base_lr: 1.2500e-03 lr: 1.2500e-03  eta: 1:13:52  time: 0.0626  data_time: 0.0018  memory: 708  grad_norm: 3.6446  loss: 0.6193  loss_cls: 0.0032  loss_bbox: 0.0680  loss_centerness: 0.5481
2026/03/11 04:12:03 - mmengine - INFO - Epoch(train)  [62][ 100/1154]  base_lr: 1.2500e-03 lr: 1.2500e-03  eta: 1:13:46  time: 0.0618  data_time: 0.0010  memory: 708  grad_norm: 3.8431  loss: 0.6288  loss_cls: 0.0028  loss_bbox: 0.0700  loss_centerness: 0.5559
2026/03/11 04:12:06 - mmengine - INFO - Epoch(train)  [62][ 150/1154]  base_lr: 1.2500e-03 lr: 1.2500e-03  eta: 1:13:40  time: 0.0623  data_time: 0.0010  memory: 708  grad_norm: 4.1912  loss: 0.6441  loss_cls: 0.0018  loss_bbox: 0.0907  loss_centerness: 0.5516
2026/03/11 04:12:09 - mmengine - INFO - Epoch(train)  [62][ 200/1154]  base_lr: 1.2500e-03 lr: 1.2500e-03  eta: 1:13:34  time: 0.0621  data_time: 0.0015  memory: 708  grad_norm: 3.6658  loss: 0.6255  loss_cls: 0.0039  loss_bbox: 0.0711  loss_centerness: 0.5504
2026/03/11 04:12:12 - mmengine - INFO - Epoch(train)  [62][ 250/1154]  base_lr: 1.2500e-03 lr: 1.2500e-03  eta: 1:13:28  time: 0.0621  data_time: 0.0013  memory: 708  grad_norm: 4.1838  loss: 0.6295  loss_cls: 0.0036  loss_bbox: 0.0781  loss_centerness: 0.5478
2026/03/11 04:12:15 - mmengine - INFO - Epoch(train)  [62][ 300/1154]  base_lr: 1.2500e-03 lr: 1.2500e-03  eta: 1:13:22  time: 0.0620  data_time: 0.0015  memory: 708  grad_norm: 3.5273  loss: 0.6258  loss_cls: 0.0040  loss_bbox: 0.0719  loss_centerness: 0.5498
2026/03/11 04:12:19 - mmengine - INFO - Epoch(train)  [62][ 350/1154]  base_lr: 1.2500e-03 lr: 1.2500e-03  eta: 1:13:16  time: 0.0620  data_time: 0.0016  memory: 708  grad_norm: 3.7585  loss: 0.6213  loss_cls: 0.0030  loss_bbox: 0.0716  loss_centerness: 0.5467
2026/03/11 04:12:22 - mmengine - INFO - Epoch(train)  [62][ 400/1154]  base_lr: 1.2500e-03 lr: 1.2500e-03  eta: 1:13:10  time: 0.0624  data_time: 0.0011  memory: 708  grad_norm: 3.4349  loss: 0.6270  loss_cls: 0.0028  loss_bbox: 0.0717  loss_centerness: 0.5525
2026/03/11 04:12:25 - mmengine - INFO - Epoch(train)  [62][ 450/1154]  base_lr: 1.2500e-03 lr: 1.2500e-03  eta: 1:13:04  time: 0.0619  data_time: 0.0012  memory: 708  grad_norm: 3.6871  loss: 0.6187  loss_cls: 0.0037  loss_bbox: 0.0686  loss_centerness: 0.5464
2026/03/11 04:12:28 - mmengine - INFO - Epoch(train)  [62][ 500/1154]  base_lr: 1.2500e-03 lr: 1.2500e-03  eta: 1:12:58  time: 0.0623  data_time: 0.0015  memory: 708  grad_norm: 4.1882  loss: 0.6415  loss_cls: 0.0062  loss_bbox: 0.0794  loss_centerness: 0.5559
2026/03/11 04:12:31 - mmengine - INFO - Epoch(train)  [62][ 550/1154]  base_lr: 1.2500e-03 lr: 1.2500e-03  eta: 1:12:51  time: 0.0619  data_time: 0.0008  memory: 708  grad_norm: 4.2435  loss: 0.6448  loss_cls: 0.0047  loss_bbox: 0.0912  loss_centerness: 0.5489
2026/03/11 04:12:34 - mmengine - INFO - Epoch(train)  [62][ 600/1154]  base_lr: 1.2500e-03 lr: 1.2500e-03  eta: 1:12:45  time: 0.0633  data_time: 0.0016  memory: 708  grad_norm: 3.6940  loss: 0.6210  loss_cls: 0.0035  loss_bbox: 0.0680  loss_centerness: 0.5496
2026/03/11 04:12:35 - mmengine - INFO - Exp name: fcos_minecraft_20260311_015948
2026/03/11 04:12:37 - mmengine - INFO - Epoch(train)  [62][ 650/1154]  base_lr: 1.2500e-03 lr: 1.2500e-03  eta: 1:12:39  time: 0.0623  data_time: 0.0015  memory: 708  grad_norm: 3.4723  loss: 0.6216  loss_cls: 0.0021  loss_bbox: 0.0650  loss_centerness: 0.5545
2026/03/11 04:12:40 - mmengine - INFO - Epoch(train)  [62][ 700/1154]  base_lr: 1.2500e-03 lr: 1.2500e-03  eta: 1:12:33  time: 0.0618  data_time: 0.0017  memory: 708  grad_norm: 3.3215  loss: 0.6154  loss_cls: 0.0022  loss_bbox: 0.0621  loss_centerness: 0.5511
2026/03/11 04:12:44 - mmengine - INFO - Epoch(train)  [62][ 750/1154]  base_lr: 1.2500e-03 lr: 1.2500e-03  eta: 1:12:27  time: 0.0620  data_time: 0.0012  memory: 708  grad_norm: 5.0696  loss: 0.6603  loss_cls: 0.0098  loss_bbox: 0.0996  loss_centerness: 0.5509
2026/03/11 04:12:47 - mmengine - INFO - Epoch(train)  [62][ 800/1154]  base_lr: 1.2500e-03 lr: 1.2500e-03  eta: 1:12:21  time: 0.0622  data_time: 0.0010  memory: 708  grad_norm: 3.9021  loss: 0.6266  loss_cls: 0.0065  loss_bbox: 0.0696  loss_centerness: 0.5506
2026/03/11 04:12:50 - mmengine - INFO - Epoch(train)  [62][ 850/1154]  base_lr: 1.2500e-03 lr: 1.2500e-03  eta: 1:12:15  time: 0.0626  data_time: 0.0011  memory: 708  grad_norm: 3.7133  loss: 0.6300  loss_cls: 0.0058  loss_bbox: 0.0686  loss_centerness: 0.5556
2026/03/11 04:12:53 - mmengine - INFO - Epoch(train)  [62][ 900/1154]  base_lr: 1.2500e-03 lr: 1.2500e-03  eta: 1:12:09  time: 0.0619  data_time: 0.0009  memory: 708  grad_norm: 4.2650  loss: 0.6482  loss_cls: 0.0042  loss_bbox: 0.0900  loss_centerness: 0.5540
2026/03/11 04:12:56 - mmengine - INFO - Epoch(train)  [62][ 950/1154]  base_lr: 1.2500e-03 lr: 1.2500e-03  eta: 1:12:03  time: 0.0624  data_time: 0.0010  memory: 708  grad_norm: 3.5968  loss: 0.6284  loss_cls: 0.0033  loss_bbox: 0.0742  loss_centerness: 0.5509
2026/03/11 04:12:59 - mmengine - INFO - Epoch(train)  [62][1000/1154]  base_lr: 1.2500e-03 lr: 1.2500e-03  eta: 1:11:57  time: 0.0622  data_time: 0.0015  memory: 708  grad_norm: 4.5539  loss: 0.6357  loss_cls: 0.0132  loss_bbox: 0.0710  loss_centerness: 0.5516
2026/03/11 04:13:02 - mmengine - INFO - Epoch(train)  [62][1050/1154]  base_lr: 1.2500e-03 lr: 1.2500e-03  eta: 1:11:51  time: 0.0621  data_time: 0.0011  memory: 708  grad_norm: 4.3484  loss: 0.6446  loss_cls: 0.0208  loss_bbox: 0.0740  loss_centerness: 0.5498
2026/03/11 04:13:05 - mmengine - INFO - Epoch(train)  [62][1100/1154]  base_lr: 1.2500e-03 lr: 1.2500e-03  eta: 1:11:45  time: 0.0621  data_time: 0.0014  memory: 708  grad_norm: 3.9310  loss: 0.6344  loss_cls: 0.0079  loss_bbox: 0.0763  loss_centerness: 0.5502
2026/03/11 04:13:08 - mmengine - INFO - Epoch(train)  [62][1150/1154]  base_lr: 1.2500e-03 lr: 1.2500e-03  eta: 1:11:39  time: 0.0619  data_time: 0.0012  memory: 708  grad_norm: 3.3753  loss: 0.6096  loss_cls: 0.0045  loss_bbox: 0.0583  loss_centerness: 0.5468
2026/03/11 04:13:09 - mmengine - INFO - Exp name: fcos_minecraft_20260311_015948
2026/03/11 04:13:09 - mmengine - INFO - Saving checkpoint at 62 epochs
2026/03/11 04:13:11 - mmengine - INFO - Epoch(val)  [62][ 50/422]    eta: 0:00:06  time: 0.0169  data_time: 0.0006  memory: 708  
2026/03/11 04:13:12 - mmengine - INFO - Epoch(val)  [62][100/422]    eta: 0:00:05  time: 0.0168  data_time: 0.0003  memory: 403  
2026/03/11 04:13:13 - mmengine - INFO - Epoch(val)  [62][150/422]    eta: 0:00:04  time: 0.0166  data_time: 0.0008  memory: 403  
2026/03/11 04:13:13 - mmengine - INFO - Epoch(val)  [62][200/422]    eta: 0:00:03  time: 0.0167  data_time: 0.0005  memory: 403  
2026/03/11 04:13:14 - mmengine - INFO - Epoch(val)  [62][250/422]    eta: 0:00:02  time: 0.0168  data_time: 0.0009  memory: 403  
2026/03/11 04:13:15 - mmengine - INFO - Epoch(val)  [62][300/422]    eta: 0:00:02  time: 0.0166  data_time: 0.0006  memory: 403  
2026/03/11 04:13:16 - mmengine - INFO - Epoch(val)  [62][350/422]    eta: 0:00:01  time: 0.0164  data_time: 0.0004  memory: 403  
2026/03/11 04:13:17 - mmengine - INFO - Epoch(val)  [62][400/422]    eta: 0:00:00  time: 0.0166  data_time: 0.0004  memory: 403  
2026/03/11 04:13:17 - mmengine - INFO - Evaluating bbox...
2026/03/11 04:13:18 - mmengine - INFO - bbox_mAP_copypaste: 0.286 0.480 0.313 0.025 0.162 0.424
2026/03/11 04:13:18 - mmengine - INFO - Epoch(val) [62][422/422]    coco/bbox_mAP: 0.2860  coco/bbox_mAP_50: 0.4800  coco/bbox_mAP_75: 0.3130  coco/bbox_mAP_s: 0.0250  coco/bbox_mAP_m: 0.1620  coco/bbox_mAP_l: 0.4240  data_time: 0.0005  time: 0.0167
2026/03/11 04:13:21 - mmengine - INFO - Epoch(train)  [63][  50/1154]  base_lr: 1.2500e-03 lr: 1.2500e-03  eta: 1:11:33  time: 0.0623  data_time: 0.0014  memory: 708  grad_norm: 3.7363  loss: 0.6219  loss_cls: 0.0040  loss_bbox: 0.0637  loss_centerness: 0.5542
2026/03/11 04:13:24 - mmengine - INFO - Epoch(train)  [63][ 100/1154]  base_lr: 1.2500e-03 lr: 1.2500e-03  eta: 1:11:27  time: 0.0622  data_time: 0.0008  memory: 708  grad_norm: 3.6983  loss: 0.6220  loss_cls: 0.0020  loss_bbox: 0.0719  loss_centerness: 0.5481
2026/03/11 04:13:27 - mmengine - INFO - Epoch(train)  [63][ 150/1154]  base_lr: 1.2500e-03 lr: 1.2500e-03  eta: 1:11:21  time: 0.0619  data_time: 0.0011  memory: 708  grad_norm: 4.1870  loss: 0.6407  loss_cls: 0.0051  loss_bbox: 0.0840  loss_centerness: 0.5516
2026/03/11 04:13:30 - mmengine - INFO - Epoch(train)  [63][ 200/1154]  base_lr: 1.2500e-03 lr: 1.2500e-03  eta: 1:11:15  time: 0.0621  data_time: 0.0016  memory: 708  grad_norm: 4.1612  loss: 0.6331  loss_cls: 0.0038  loss_bbox: 0.0847  loss_centerness: 0.5446
2026/03/11 04:13:33 - mmengine - INFO - Epoch(train)  [63][ 250/1154]  base_lr: 1.2500e-03 lr: 1.2500e-03  eta: 1:11:09  time: 0.0622  data_time: 0.0007  memory: 708  grad_norm: 3.4909  loss: 0.6187  loss_cls: 0.0031  loss_bbox: 0.0675  loss_centerness: 0.5481
2026/03/11 04:13:36 - mmengine - INFO - Epoch(train)  [63][ 300/1154]  base_lr: 1.2500e-03 lr: 1.2500e-03  eta: 1:11:03  time: 0.0617  data_time: 0.0011  memory: 708  grad_norm: 3.4658  loss: 0.6274  loss_cls: 0.0035  loss_bbox: 0.0673  loss_centerness: 0.5566
2026/03/11 04:13:39 - mmengine - INFO - Epoch(train)  [63][ 350/1154]  base_lr: 1.2500e-03 lr: 1.2500e-03  eta: 1:10:57  time: 0.0621  data_time: 0.0011  memory: 708  grad_norm: 3.9060  loss: 0.6360  loss_cls: 0.0041  loss_bbox: 0.0790  loss_centerness: 0.5529
2026/03/11 04:13:43 - mmengine - INFO - Epoch(train)  [63][ 400/1154]  base_lr: 1.2500e-03 lr: 1.2500e-03  eta: 1:10:51  time: 0.0621  data_time: 0.0007  memory: 708  grad_norm: 3.9410  loss: 0.6186  loss_cls: 0.0028  loss_bbox: 0.0689  loss_centerness: 0.5469
2026/03/11 04:13:46 - mmengine - INFO - Epoch(train)  [63][ 450/1154]  base_lr: 1.2500e-03 lr: 1.2500e-03  eta: 1:10:45  time: 0.0621  data_time: 0.0011  memory: 708  grad_norm: 4.0342  loss: 0.6203  loss_cls: 0.0038  loss_bbox: 0.0694  loss_centerness: 0.5471
2026/03/11 04:13:46 - mmengine - INFO - Exp name: fcos_minecraft_20260311_015948
2026/03/11 04:13:49 - mmengine - INFO - Epoch(train)  [63][ 500/1154]  base_lr: 1.2500e-03 lr: 1.2500e-03  eta: 1:10:39  time: 0.0623  data_time: 0.0011  memory: 708  grad_norm: 3.6336  loss: 0.6237  loss_cls: 0.0032  loss_bbox: 0.0675  loss_centerness: 0.5530
2026/03/11 04:13:52 - mmengine - INFO - Epoch(train)  [63][ 550/1154]  base_lr: 1.2500e-03 lr: 1.2500e-03  eta: 1:10:33  time: 0.0618  data_time: 0.0011  memory: 708  grad_norm: 4.0682  loss: 0.6440  loss_cls: 0.0024  loss_bbox: 0.0878  loss_centerness: 0.5538
2026/03/11 04:13:55 - mmengine - INFO - Epoch(train)  [63][ 600/1154]  base_lr: 1.2500e-03 lr: 1.2500e-03  eta: 1:10:27  time: 0.0622  data_time: 0.0011  memory: 708  grad_norm: 3.6555  loss: 0.6225  loss_cls: 0.0037  loss_bbox: 0.0719  loss_centerness: 0.5470
2026/03/11 04:13:58 - mmengine - INFO - Epoch(train)  [63][ 650/1154]  base_lr: 1.2500e-03 lr: 1.2500e-03  eta: 1:10:21  time: 0.0626  data_time: 0.0016  memory: 708  grad_norm: 3.6239  loss: 0.6195  loss_cls: 0.0026  loss_bbox: 0.0695  loss_centerness: 0.5474
2026/03/11 04:14:01 - mmengine - INFO - Epoch(train)  [63][ 700/1154]  base_lr: 1.2500e-03 lr: 1.2500e-03  eta: 1:10:15  time: 0.0621  data_time: 0.0015  memory: 708  grad_norm: 3.4011  loss: 0.6178  loss_cls: 0.0030  loss_bbox: 0.0620  loss_centerness: 0.5528
2026/03/11 04:14:04 - mmengine - INFO - Epoch(train)  [63][ 750/1154]  base_lr: 1.2500e-03 lr: 1.2500e-03  eta: 1:10:09  time: 0.0623  data_time: 0.0008  memory: 708  grad_norm: 4.2745  loss: 0.6389  loss_cls: 0.0056  loss_bbox: 0.0806  loss_centerness: 0.5527
2026/03/11 04:14:07 - mmengine - INFO - Epoch(train)  [63][ 800/1154]  base_lr: 1.2500e-03 lr: 1.2500e-03  eta: 1:10:03  time: 0.0619  data_time: 0.0017  memory: 708  grad_norm: 4.4149  loss: 0.6501  loss_cls: 0.0065  loss_bbox: 0.0856  loss_centerness: 0.5580
2026/03/11 04:14:11 - mmengine - INFO - Epoch(train)  [63][ 850/1154]  base_lr: 1.2500e-03 lr: 1.2500e-03  eta: 1:09:57  time: 0.0623  data_time: 0.0014  memory: 708  grad_norm: 3.6717  loss: 0.6288  loss_cls: 0.0031  loss_bbox: 0.0728  loss_centerness: 0.5529
2026/03/11 04:14:14 - mmengine - INFO - Epoch(train)  [63][ 900/1154]  base_lr: 1.2500e-03 lr: 1.2500e-03  eta: 1:09:51  time: 0.0633  data_time: 0.0013  memory: 708  grad_norm: 3.8822  loss: 0.6313  loss_cls: 0.0044  loss_bbox: 0.0751  loss_centerness: 0.5518
2026/03/11 04:14:17 - mmengine - INFO - Epoch(train)  [63][ 950/1154]  base_lr: 1.2500e-03 lr: 1.2500e-03  eta: 1:09:45  time: 0.0621  data_time: 0.0014  memory: 708  grad_norm: 3.5205  loss: 0.6325  loss_cls: 0.0051  loss_bbox: 0.0742  loss_centerness: 0.5532
2026/03/11 04:14:20 - mmengine - INFO - Epoch(train)  [63][1000/1154]  base_lr: 1.2500e-03 lr: 1.2500e-03  eta: 1:09:39  time: 0.0621  data_time: 0.0011  memory: 708  grad_norm: 4.3172  loss: 0.6414  loss_cls: 0.0039  loss_bbox: 0.0882  loss_centerness: 0.5493
2026/03/11 04:14:23 - mmengine - INFO - Epoch(train)  [63][1050/1154]  base_lr: 1.2500e-03 lr: 1.2500e-03  eta: 1:09:34  time: 0.0620  data_time: 0.0009  memory: 708  grad_norm: 3.8746  loss: 0.6205  loss_cls: 0.0030  loss_bbox: 0.0727  loss_centerness: 0.5448
2026/03/11 04:14:26 - mmengine - INFO - Epoch(train)  [63][1100/1154]  base_lr: 1.2500e-03 lr: 1.2500e-03  eta: 1:09:28  time: 0.0622  data_time: 0.0020  memory: 708  grad_norm: 4.3177  loss: 0.6415  loss_cls: 0.0105  loss_bbox: 0.0839  loss_centerness: 0.5472
2026/03/11 04:14:29 - mmengine - INFO - Epoch(train)  [63][1150/1154]  base_lr: 1.2500e-03 lr: 1.2500e-03  eta: 1:09:22  time: 0.0620  data_time: 0.0013  memory: 708  grad_norm: 4.0744  loss: 0.6352  loss_cls: 0.0114  loss_bbox: 0.0719  loss_centerness: 0.5518
2026/03/11 04:14:29 - mmengine - INFO - Exp name: fcos_minecraft_20260311_015948
2026/03/11 04:14:29 - mmengine - INFO - Saving checkpoint at 63 epochs
2026/03/11 04:14:32 - mmengine - INFO - Epoch(val)  [63][ 50/422]    eta: 0:00:06  time: 0.0163  data_time: 0.0008  memory: 708  
2026/03/11 04:14:33 - mmengine - INFO - Epoch(val)  [63][100/422]    eta: 0:00:05  time: 0.0161  data_time: 0.0002  memory: 403  
2026/03/11 04:14:33 - mmengine - INFO - Epoch(val)  [63][150/422]    eta: 0:00:04  time: 0.0165  data_time: 0.0004  memory: 403  
2026/03/11 04:14:34 - mmengine - INFO - Epoch(val)  [63][200/422]    eta: 0:00:03  time: 0.0162  data_time: 0.0006  memory: 403  
2026/03/11 04:14:35 - mmengine - INFO - Epoch(val)  [63][250/422]    eta: 0:00:02  time: 0.0163  data_time: 0.0004  memory: 403  
2026/03/11 04:14:36 - mmengine - INFO - Epoch(val)  [63][300/422]    eta: 0:00:01  time: 0.0165  data_time: 0.0006  memory: 403  
2026/03/11 04:14:37 - mmengine - INFO - Epoch(val)  [63][350/422]    eta: 0:00:01  time: 0.0166  data_time: 0.0004  memory: 403  
2026/03/11 04:14:38 - mmengine - INFO - Epoch(val)  [63][400/422]    eta: 0:00:00  time: 0.0164  data_time: 0.0003  memory: 403  
2026/03/11 04:14:38 - mmengine - INFO - Evaluating bbox...
2026/03/11 04:14:38 - mmengine - INFO - bbox_mAP_copypaste: 0.287 0.412 0.342 0.006 0.145 0.443
2026/03/11 04:14:38 - mmengine - INFO - Epoch(val) [63][422/422]    coco/bbox_mAP: 0.2870  coco/bbox_mAP_50: 0.4120  coco/bbox_mAP_75: 0.3420  coco/bbox_mAP_s: 0.0060  coco/bbox_mAP_m: 0.1450  coco/bbox_mAP_l: 0.4430  data_time: 0.0005  time: 0.0164
2026/03/11 04:14:41 - mmengine - INFO - Epoch(train)  [64][  50/1154]  base_lr: 1.2500e-03 lr: 1.2500e-03  eta: 1:09:15  time: 0.0622  data_time: 0.0015  memory: 708  grad_norm: 4.1470  loss: 0.6362  loss_cls: 0.0052  loss_bbox: 0.0814  loss_centerness: 0.5496
2026/03/11 04:14:45 - mmengine - INFO - Epoch(train)  [64][ 100/1154]  base_lr: 1.2500e-03 lr: 1.2500e-03  eta: 1:09:09  time: 0.0621  data_time: 0.0015  memory: 708  grad_norm: 4.6844  loss: 0.6439  loss_cls: 0.0128  loss_bbox: 0.0798  loss_centerness: 0.5513
2026/03/11 04:14:48 - mmengine - INFO - Epoch(train)  [64][ 150/1154]  base_lr: 1.2500e-03 lr: 1.2500e-03  eta: 1:09:04  time: 0.0616  data_time: 0.0008  memory: 708  grad_norm: 3.5485  loss: 0.6290  loss_cls: 0.0052  loss_bbox: 0.0704  loss_centerness: 0.5534
2026/03/11 04:14:51 - mmengine - INFO - Epoch(train)  [64][ 200/1154]  base_lr: 1.2500e-03 lr: 1.2500e-03  eta: 1:08:58  time: 0.0620  data_time: 0.0012  memory: 708  grad_norm: 3.3581  loss: 0.6231  loss_cls: 0.0033  loss_bbox: 0.0639  loss_centerness: 0.5558
2026/03/11 04:14:54 - mmengine - INFO - Epoch(train)  [64][ 250/1154]  base_lr: 1.2500e-03 lr: 1.2500e-03  eta: 1:08:52  time: 0.0621  data_time: 0.0010  memory: 708  grad_norm: 3.2468  loss: 0.6143  loss_cls: 0.0030  loss_bbox: 0.0589  loss_centerness: 0.5524
2026/03/11 04:14:57 - mmengine - INFO - Exp name: fcos_minecraft_20260311_015948
2026/03/11 04:14:57 - mmengine - INFO - Epoch(train)  [64][ 300/1154]  base_lr: 1.2500e-03 lr: 1.2500e-03  eta: 1:08:46  time: 0.0618  data_time: 0.0011  memory: 708  grad_norm: 3.5456  loss: 0.6265  loss_cls: 0.0024  loss_bbox: 0.0666  loss_centerness: 0.5575
2026/03/11 04:15:00 - mmengine - INFO - Epoch(train)  [64][ 350/1154]  base_lr: 1.2500e-03 lr: 1.2500e-03  eta: 1:08:40  time: 0.0620  data_time: 0.0012  memory: 708  grad_norm: 3.6415  loss: 0.6228  loss_cls: 0.0031  loss_bbox: 0.0744  loss_centerness: 0.5453
2026/03/11 04:15:03 - mmengine - INFO - Epoch(train)  [64][ 400/1154]  base_lr: 1.2500e-03 lr: 1.2500e-03  eta: 1:08:34  time: 0.0617  data_time: 0.0014  memory: 708  grad_norm: 4.3040  loss: 0.6340  loss_cls: 0.0052  loss_bbox: 0.0846  loss_centerness: 0.5442
2026/03/11 04:15:06 - mmengine - INFO - Epoch(train)  [64][ 450/1154]  base_lr: 1.2500e-03 lr: 1.2500e-03  eta: 1:08:28  time: 0.0626  data_time: 0.0011  memory: 708  grad_norm: 4.0484  loss: 0.6247  loss_cls: 0.0067  loss_bbox: 0.0731  loss_centerness: 0.5449
2026/03/11 04:15:09 - mmengine - INFO - Epoch(train)  [64][ 500/1154]  base_lr: 1.2500e-03 lr: 1.2500e-03  eta: 1:08:22  time: 0.0630  data_time: 0.0014  memory: 708  grad_norm: 4.0240  loss: 0.6342  loss_cls: 0.0078  loss_bbox: 0.0749  loss_centerness: 0.5515
2026/03/11 04:15:13 - mmengine - INFO - Epoch(train)  [64][ 550/1154]  base_lr: 1.2500e-03 lr: 1.2500e-03  eta: 1:08:16  time: 0.0621  data_time: 0.0011  memory: 708  grad_norm: 3.5110  loss: 0.6200  loss_cls: 0.0038  loss_bbox: 0.0646  loss_centerness: 0.5515
2026/03/11 04:15:16 - mmengine - INFO - Epoch(train)  [64][ 600/1154]  base_lr: 1.2500e-03 lr: 1.2500e-03  eta: 1:08:11  time: 0.0619  data_time: 0.0010  memory: 708  grad_norm: 3.9993  loss: 0.6311  loss_cls: 0.0037  loss_bbox: 0.0750  loss_centerness: 0.5524
2026/03/11 04:15:19 - mmengine - INFO - Epoch(train)  [64][ 650/1154]  base_lr: 1.2500e-03 lr: 1.2500e-03  eta: 1:08:05  time: 0.0617  data_time: 0.0014  memory: 708  grad_norm: 3.9900  loss: 0.6319  loss_cls: 0.0044  loss_bbox: 0.0752  loss_centerness: 0.5523
2026/03/11 04:15:22 - mmengine - INFO - Epoch(train)  [64][ 700/1154]  base_lr: 1.2500e-03 lr: 1.2500e-03  eta: 1:07:59  time: 0.0619  data_time: 0.0013  memory: 708  grad_norm: 3.7312  loss: 0.6228  loss_cls: 0.0047  loss_bbox: 0.0650  loss_centerness: 0.5531
2026/03/11 04:15:25 - mmengine - INFO - Epoch(train)  [64][ 750/1154]  base_lr: 1.2500e-03 lr: 1.2500e-03  eta: 1:07:53  time: 0.0621  data_time: 0.0013  memory: 708  grad_norm: 3.7816  loss: 0.6224  loss_cls: 0.0042  loss_bbox: 0.0670  loss_centerness: 0.5512
2026/03/11 04:15:28 - mmengine - INFO - Epoch(train)  [64][ 800/1154]  base_lr: 1.2500e-03 lr: 1.2500e-03  eta: 1:07:47  time: 0.0619  data_time: 0.0010  memory: 708  grad_norm: 3.4830  loss: 0.6155  loss_cls: 0.0030  loss_bbox: 0.0670  loss_centerness: 0.5454
2026/03/11 04:15:31 - mmengine - INFO - Epoch(train)  [64][ 850/1154]  base_lr: 1.2500e-03 lr: 1.2500e-03  eta: 1:07:41  time: 0.0620  data_time: 0.0014  memory: 708  grad_norm: 3.4948  loss: 0.6179  loss_cls: 0.0033  loss_bbox: 0.0650  loss_centerness: 0.5496
2026/03/11 04:15:34 - mmengine - INFO - Epoch(train)  [64][ 900/1154]  base_lr: 1.2500e-03 lr: 1.2500e-03  eta: 1:07:35  time: 0.0617  data_time: 0.0012  memory: 708  grad_norm: 3.8169  loss: 0.6240  loss_cls: 0.0032  loss_bbox: 0.0723  loss_centerness: 0.5486
2026/03/11 04:15:37 - mmengine - INFO - Epoch(train)  [64][ 950/1154]  base_lr: 1.2500e-03 lr: 1.2500e-03  eta: 1:07:30  time: 0.0621  data_time: 0.0014  memory: 708  grad_norm: 3.6902  loss: 0.6148  loss_cls: 0.0036  loss_bbox: 0.0644  loss_centerness: 0.5468
2026/03/11 04:15:41 - mmengine - INFO - Epoch(train)  [64][1000/1154]  base_lr: 1.2500e-03 lr: 1.2500e-03  eta: 1:07:24  time: 0.0619  data_time: 0.0012  memory: 708  grad_norm: 3.5758  loss: 0.6365  loss_cls: 0.0039  loss_bbox: 0.0770  loss_centerness: 0.5555
2026/03/11 04:15:44 - mmengine - INFO - Epoch(train)  [64][1050/1154]  base_lr: 1.2500e-03 lr: 1.2500e-03  eta: 1:07:18  time: 0.0619  data_time: 0.0008  memory: 708  grad_norm: 4.2791  loss: 0.6577  loss_cls: 0.0026  loss_bbox: 0.1073  loss_centerness: 0.5478
2026/03/11 04:15:47 - mmengine - INFO - Epoch(train)  [64][1100/1154]  base_lr: 1.2500e-03 lr: 1.2500e-03  eta: 1:07:12  time: 0.0622  data_time: 0.0010  memory: 708  grad_norm: 3.7445  loss: 0.6357  loss_cls: 0.0094  loss_bbox: 0.0741  loss_centerness: 0.5522
2026/03/11 04:15:50 - mmengine - INFO - Epoch(train)  [64][1150/1154]  base_lr: 1.2500e-03 lr: 1.2500e-03  eta: 1:07:06  time: 0.0615  data_time: 0.0008  memory: 708  grad_norm: 3.9258  loss: 0.6399  loss_cls: 0.0033  loss_bbox: 0.0763  loss_centerness: 0.5603
2026/03/11 04:15:50 - mmengine - INFO - Exp name: fcos_minecraft_20260311_015948
2026/03/11 04:15:50 - mmengine - INFO - Saving checkpoint at 64 epochs
2026/03/11 04:15:52 - mmengine - INFO - Epoch(val)  [64][ 50/422]    eta: 0:00:06  time: 0.0165  data_time: 0.0004  memory: 708  
2026/03/11 04:15:53 - mmengine - INFO - Epoch(val)  [64][100/422]    eta: 0:00:05  time: 0.0163  data_time: 0.0005  memory: 403  
2026/03/11 04:15:54 - mmengine - INFO - Epoch(val)  [64][150/422]    eta: 0:00:04  time: 0.0162  data_time: 0.0004  memory: 403  
2026/03/11 04:15:55 - mmengine - INFO - Epoch(val)  [64][200/422]    eta: 0:00:03  time: 0.0165  data_time: 0.0004  memory: 403  
2026/03/11 04:15:56 - mmengine - INFO - Epoch(val)  [64][250/422]    eta: 0:00:02  time: 0.0164  data_time: 0.0004  memory: 403  
2026/03/11 04:15:56 - mmengine - INFO - Epoch(val)  [64][300/422]    eta: 0:00:02  time: 0.0165  data_time: 0.0004  memory: 403  
2026/03/11 04:15:57 - mmengine - INFO - Epoch(val)  [64][350/422]    eta: 0:00:01  time: 0.0166  data_time: 0.0012  memory: 403  
2026/03/11 04:15:58 - mmengine - INFO - Epoch(val)  [64][400/422]    eta: 0:00:00  time: 0.0163  data_time: 0.0005  memory: 403  
2026/03/11 04:15:58 - mmengine - INFO - Evaluating bbox...
2026/03/11 04:15:59 - mmengine - INFO - bbox_mAP_copypaste: 0.293 0.425 0.345 0.006 0.171 0.458
2026/03/11 04:15:59 - mmengine - INFO - Epoch(val) [64][422/422]    coco/bbox_mAP: 0.2930  coco/bbox_mAP_50: 0.4250  coco/bbox_mAP_75: 0.3450  coco/bbox_mAP_s: 0.0060  coco/bbox_mAP_m: 0.1710  coco/bbox_mAP_l: 0.4580  data_time: 0.0005  time: 0.0164
2026/03/11 04:16:02 - mmengine - INFO - Epoch(train)  [65][  50/1154]  base_lr: 1.2500e-03 lr: 1.2500e-03  eta: 1:07:00  time: 0.0621  data_time: 0.0013  memory: 708  grad_norm: 4.2382  loss: 0.6263  loss_cls: 0.0034  loss_bbox: 0.0705  loss_centerness: 0.5525
2026/03/11 04:16:05 - mmengine - INFO - Epoch(train)  [65][ 100/1154]  base_lr: 1.2500e-03 lr: 1.2500e-03  eta: 1:06:54  time: 0.0620  data_time: 0.0009  memory: 708  grad_norm: 3.6648  loss: 0.6220  loss_cls: 0.0046  loss_bbox: 0.0664  loss_centerness: 0.5510
2026/03/11 04:16:08 - mmengine - INFO - Exp name: fcos_minecraft_20260311_015948
2026/03/11 04:16:08 - mmengine - INFO - Epoch(train)  [65][ 150/1154]  base_lr: 1.2500e-03 lr: 1.2500e-03  eta: 1:06:48  time: 0.0620  data_time: 0.0013  memory: 708  grad_norm: 4.0448  loss: 0.6374  loss_cls: 0.0041  loss_bbox: 0.0822  loss_centerness: 0.5511
2026/03/11 04:16:11 - mmengine - INFO - Epoch(train)  [65][ 200/1154]  base_lr: 1.2500e-03 lr: 1.2500e-03  eta: 1:06:42  time: 0.0622  data_time: 0.0011  memory: 708  grad_norm: 4.0280  loss: 0.6296  loss_cls: 0.0026  loss_bbox: 0.0765  loss_centerness: 0.5506
2026/03/11 04:16:14 - mmengine - INFO - Epoch(train)  [65][ 250/1154]  base_lr: 1.2500e-03 lr: 1.2500e-03  eta: 1:06:37  time: 0.0619  data_time: 0.0015  memory: 708  grad_norm: 3.7411  loss: 0.6304  loss_cls: 0.0040  loss_bbox: 0.0741  loss_centerness: 0.5524
2026/03/11 04:16:17 - mmengine - INFO - Epoch(train)  [65][ 300/1154]  base_lr: 1.2500e-03 lr: 1.2500e-03  eta: 1:06:31  time: 0.0620  data_time: 0.0013  memory: 708  grad_norm: 3.8572  loss: 0.6254  loss_cls: 0.0032  loss_bbox: 0.0759  loss_centerness: 0.5463
2026/03/11 04:16:21 - mmengine - INFO - Epoch(train)  [65][ 350/1154]  base_lr: 1.2500e-03 lr: 1.2500e-03  eta: 1:06:25  time: 0.0618  data_time: 0.0013  memory: 708  grad_norm: 3.3391  loss: 0.6218  loss_cls: 0.0037  loss_bbox: 0.0691  loss_centerness: 0.5490
2026/03/11 04:16:24 - mmengine - INFO - Epoch(train)  [65][ 400/1154]  base_lr: 1.2500e-03 lr: 1.2500e-03  eta: 1:06:19  time: 0.0621  data_time: 0.0010  memory: 708  grad_norm: 3.7202  loss: 0.6319  loss_cls: 0.0040  loss_bbox: 0.0750  loss_centerness: 0.5529
2026/03/11 04:16:27 - mmengine - INFO - Epoch(train)  [65][ 450/1154]  base_lr: 1.2500e-03 lr: 1.2500e-03  eta: 1:06:13  time: 0.0620  data_time: 0.0012  memory: 708  grad_norm: 3.9725  loss: 0.6230  loss_cls: 0.0022  loss_bbox: 0.0739  loss_centerness: 0.5469
2026/03/11 04:16:30 - mmengine - INFO - Epoch(train)  [65][ 500/1154]  base_lr: 1.2500e-03 lr: 1.2500e-03  eta: 1:06:08  time: 0.0618  data_time: 0.0014  memory: 708  grad_norm: 3.6750  loss: 0.6223  loss_cls: 0.0017  loss_bbox: 0.0696  loss_centerness: 0.5510
2026/03/11 04:16:33 - mmengine - INFO - Epoch(train)  [65][ 550/1154]  base_lr: 1.2500e-03 lr: 1.2500e-03  eta: 1:06:02  time: 0.0620  data_time: 0.0013  memory: 708  grad_norm: 3.6013  loss: 0.6207  loss_cls: 0.0024  loss_bbox: 0.0658  loss_centerness: 0.5525
2026/03/11 04:16:36 - mmengine - INFO - Epoch(train)  [65][ 600/1154]  base_lr: 1.2500e-03 lr: 1.2500e-03  eta: 1:05:56  time: 0.0621  data_time: 0.0009  memory: 708  grad_norm: 3.8703  loss: 0.6388  loss_cls: 0.0018  loss_bbox: 0.0810  loss_centerness: 0.5560
2026/03/11 04:16:39 - mmengine - INFO - Epoch(train)  [65][ 650/1154]  base_lr: 1.2500e-03 lr: 1.2500e-03  eta: 1:05:50  time: 0.0621  data_time: 0.0016  memory: 708  grad_norm: 3.9554  loss: 0.6287  loss_cls: 0.0038  loss_bbox: 0.0721  loss_centerness: 0.5528
2026/03/11 04:16:42 - mmengine - INFO - Epoch(train)  [65][ 700/1154]  base_lr: 1.2500e-03 lr: 1.2500e-03  eta: 1:05:45  time: 0.0621  data_time: 0.0014  memory: 708  grad_norm: 4.2547  loss: 0.6509  loss_cls: 0.0031  loss_bbox: 0.0918  loss_centerness: 0.5561
2026/03/11 04:16:45 - mmengine - INFO - Epoch(train)  [65][ 750/1154]  base_lr: 1.2500e-03 lr: 1.2500e-03  eta: 1:05:39  time: 0.0615  data_time: 0.0012  memory: 708  grad_norm: 3.9754  loss: 0.6312  loss_cls: 0.0049  loss_bbox: 0.0748  loss_centerness: 0.5514
2026/03/11 04:16:49 - mmengine - INFO - Epoch(train)  [65][ 800/1154]  base_lr: 1.2500e-03 lr: 1.2500e-03  eta: 1:05:33  time: 0.0623  data_time: 0.0010  memory: 708  grad_norm: 4.8701  loss: 0.6363  loss_cls: 0.0150  loss_bbox: 0.0732  loss_centerness: 0.5481
2026/03/11 04:16:52 - mmengine - INFO - Epoch(train)  [65][ 850/1154]  base_lr: 1.2500e-03 lr: 1.2500e-03  eta: 1:05:27  time: 0.0622  data_time: 0.0016  memory: 708  grad_norm: 5.6166  loss: 0.6734  loss_cls: 0.0341  loss_bbox: 0.0861  loss_centerness: 0.5532
2026/03/11 04:16:55 - mmengine - INFO - Epoch(train)  [65][ 900/1154]  base_lr: 1.2500e-03 lr: 1.2500e-03  eta: 1:05:21  time: 0.0619  data_time: 0.0013  memory: 708  grad_norm: 3.8191  loss: 0.6361  loss_cls: 0.0146  loss_bbox: 0.0669  loss_centerness: 0.5547
2026/03/11 04:16:58 - mmengine - INFO - Epoch(train)  [65][ 950/1154]  base_lr: 1.2500e-03 lr: 1.2500e-03  eta: 1:05:16  time: 0.0622  data_time: 0.0009  memory: 708  grad_norm: 4.2398  loss: 0.6257  loss_cls: 0.0081  loss_bbox: 0.0726  loss_centerness: 0.5449
2026/03/11 04:17:01 - mmengine - INFO - Epoch(train)  [65][1000/1154]  base_lr: 1.2500e-03 lr: 1.2500e-03  eta: 1:05:10  time: 0.0619  data_time: 0.0010  memory: 708  grad_norm: 3.5155  loss: 0.6184  loss_cls: 0.0057  loss_bbox: 0.0626  loss_centerness: 0.5501
2026/03/11 04:17:04 - mmengine - INFO - Epoch(train)  [65][1050/1154]  base_lr: 1.2500e-03 lr: 1.2500e-03  eta: 1:05:04  time: 0.0622  data_time: 0.0015  memory: 708  grad_norm: 3.9353  loss: 0.6395  loss_cls: 0.0124  loss_bbox: 0.0720  loss_centerness: 0.5552
2026/03/11 04:17:07 - mmengine - INFO - Epoch(train)  [65][1100/1154]  base_lr: 1.2500e-03 lr: 1.2500e-03  eta: 1:04:58  time: 0.0625  data_time: 0.0010  memory: 708  grad_norm: 4.1487  loss: 0.6362  loss_cls: 0.0063  loss_bbox: 0.0815  loss_centerness: 0.5484
2026/03/11 04:17:10 - mmengine - INFO - Exp name: fcos_minecraft_20260311_015948
2026/03/11 04:17:10 - mmengine - INFO - Epoch(train)  [65][1150/1154]  base_lr: 1.2500e-03 lr: 1.2500e-03  eta: 1:04:53  time: 0.0622  data_time: 0.0014  memory: 708  grad_norm: 3.9457  loss: 0.6294  loss_cls: 0.0044  loss_bbox: 0.0768  loss_centerness: 0.5482
2026/03/11 04:17:11 - mmengine - INFO - Exp name: fcos_minecraft_20260311_015948
2026/03/11 04:17:11 - mmengine - INFO - Saving checkpoint at 65 epochs
2026/03/11 04:17:13 - mmengine - INFO - Epoch(val)  [65][ 50/422]    eta: 0:00:06  time: 0.0166  data_time: 0.0013  memory: 708  
2026/03/11 04:17:14 - mmengine - INFO - Epoch(val)  [65][100/422]    eta: 0:00:05  time: 0.0163  data_time: 0.0005  memory: 403  
2026/03/11 04:17:14 - mmengine - INFO - Epoch(val)  [65][150/422]    eta: 0:00:04  time: 0.0161  data_time: 0.0005  memory: 403  
2026/03/11 04:17:15 - mmengine - INFO - Epoch(val)  [65][200/422]    eta: 0:00:03  time: 0.0162  data_time: 0.0003  memory: 403  
2026/03/11 04:17:16 - mmengine - INFO - Epoch(val)  [65][250/422]    eta: 0:00:02  time: 0.0173  data_time: 0.0010  memory: 403  
2026/03/11 04:17:17 - mmengine - INFO - Epoch(val)  [65][300/422]    eta: 0:00:02  time: 0.0174  data_time: 0.0008  memory: 403  
2026/03/11 04:17:18 - mmengine - INFO - Epoch(val)  [65][350/422]    eta: 0:00:01  time: 0.0162  data_time: 0.0006  memory: 403  
2026/03/11 04:17:19 - mmengine - INFO - Epoch(val)  [65][400/422]    eta: 0:00:00  time: 0.0166  data_time: 0.0007  memory: 403  
2026/03/11 04:17:19 - mmengine - INFO - Evaluating bbox...
2026/03/11 04:17:19 - mmengine - INFO - bbox_mAP_copypaste: 0.296 0.486 0.346 0.016 0.182 0.438
2026/03/11 04:17:19 - mmengine - INFO - Epoch(val) [65][422/422]    coco/bbox_mAP: 0.2960  coco/bbox_mAP_50: 0.4860  coco/bbox_mAP_75: 0.3460  coco/bbox_mAP_s: 0.0160  coco/bbox_mAP_m: 0.1820  coco/bbox_mAP_l: 0.4380  data_time: 0.0007  time: 0.0166
2026/03/11 04:17:23 - mmengine - INFO - Epoch(train)  [66][  50/1154]  base_lr: 1.2500e-03 lr: 1.2500e-03  eta: 1:04:46  time: 0.0623  data_time: 0.0011  memory: 708  grad_norm: 3.7466  loss: 0.6247  loss_cls: 0.0059  loss_bbox: 0.0740  loss_centerness: 0.5449
2026/03/11 04:17:26 - mmengine - INFO - Epoch(train)  [66][ 100/1154]  base_lr: 1.2500e-03 lr: 1.2500e-03  eta: 1:04:41  time: 0.0619  data_time: 0.0015  memory: 708  grad_norm: 3.7931  loss: 0.6388  loss_cls: 0.0066  loss_bbox: 0.0759  loss_centerness: 0.5562
2026/03/11 04:17:29 - mmengine - INFO - Epoch(train)  [66][ 150/1154]  base_lr: 1.2500e-03 lr: 1.2500e-03  eta: 1:04:35  time: 0.0621  data_time: 0.0011  memory: 708  grad_norm: 3.7476  loss: 0.6322  loss_cls: 0.0094  loss_bbox: 0.0669  loss_centerness: 0.5559
2026/03/11 04:17:32 - mmengine - INFO - Epoch(train)  [66][ 200/1154]  base_lr: 1.2500e-03 lr: 1.2500e-03  eta: 1:04:29  time: 0.0619  data_time: 0.0012  memory: 708  grad_norm: 3.8442  loss: 0.6191  loss_cls: 0.0048  loss_bbox: 0.0666  loss_centerness: 0.5477
2026/03/11 04:17:35 - mmengine - INFO - Epoch(train)  [66][ 250/1154]  base_lr: 1.2500e-03 lr: 1.2500e-03  eta: 1:04:24  time: 0.0622  data_time: 0.0009  memory: 708  grad_norm: 4.6052  loss: 0.6373  loss_cls: 0.0144  loss_bbox: 0.0743  loss_centerness: 0.5486
2026/03/11 04:17:38 - mmengine - INFO - Epoch(train)  [66][ 300/1154]  base_lr: 1.2500e-03 lr: 1.2500e-03  eta: 1:04:18  time: 0.0622  data_time: 0.0012  memory: 708  grad_norm: 3.6954  loss: 0.6192  loss_cls: 0.0061  loss_bbox: 0.0632  loss_centerness: 0.5498
2026/03/11 04:17:41 - mmengine - INFO - Epoch(train)  [66][ 350/1154]  base_lr: 1.2500e-03 lr: 1.2500e-03  eta: 1:04:12  time: 0.0621  data_time: 0.0009  memory: 708  grad_norm: 3.4493  loss: 0.6169  loss_cls: 0.0043  loss_bbox: 0.0617  loss_centerness: 0.5509
2026/03/11 04:17:44 - mmengine - INFO - Epoch(train)  [66][ 400/1154]  base_lr: 1.2500e-03 lr: 1.2500e-03  eta: 1:04:06  time: 0.0620  data_time: 0.0017  memory: 708  grad_norm: 3.8112  loss: 0.6294  loss_cls: 0.0039  loss_bbox: 0.0701  loss_centerness: 0.5553
2026/03/11 04:17:47 - mmengine - INFO - Epoch(train)  [66][ 450/1154]  base_lr: 1.2500e-03 lr: 1.2500e-03  eta: 1:04:01  time: 0.0621  data_time: 0.0014  memory: 708  grad_norm: 4.0977  loss: 0.6367  loss_cls: 0.0051  loss_bbox: 0.0817  loss_centerness: 0.5499
2026/03/11 04:17:51 - mmengine - INFO - Epoch(train)  [66][ 500/1154]  base_lr: 1.2500e-03 lr: 1.2500e-03  eta: 1:03:55  time: 0.0621  data_time: 0.0008  memory: 708  grad_norm: 3.7505  loss: 0.6194  loss_cls: 0.0043  loss_bbox: 0.0699  loss_centerness: 0.5452
2026/03/11 04:17:54 - mmengine - INFO - Epoch(train)  [66][ 550/1154]  base_lr: 1.2500e-03 lr: 1.2500e-03  eta: 1:03:49  time: 0.0620  data_time: 0.0014  memory: 708  grad_norm: 4.0513  loss: 0.6300  loss_cls: 0.0047  loss_bbox: 0.0744  loss_centerness: 0.5510
2026/03/11 04:17:57 - mmengine - INFO - Epoch(train)  [66][ 600/1154]  base_lr: 1.2500e-03 lr: 1.2500e-03  eta: 1:03:44  time: 0.0620  data_time: 0.0016  memory: 708  grad_norm: 3.5661  loss: 0.6244  loss_cls: 0.0034  loss_bbox: 0.0663  loss_centerness: 0.5546
2026/03/11 04:18:00 - mmengine - INFO - Epoch(train)  [66][ 650/1154]  base_lr: 1.2500e-03 lr: 1.2500e-03  eta: 1:03:38  time: 0.0626  data_time: 0.0010  memory: 708  grad_norm: 3.8618  loss: 0.6211  loss_cls: 0.0041  loss_bbox: 0.0729  loss_centerness: 0.5441
2026/03/11 04:18:03 - mmengine - INFO - Epoch(train)  [66][ 700/1154]  base_lr: 1.2500e-03 lr: 1.2500e-03  eta: 1:03:32  time: 0.0620  data_time: 0.0011  memory: 708  grad_norm: 3.4257  loss: 0.6174  loss_cls: 0.0037  loss_bbox: 0.0624  loss_centerness: 0.5513
2026/03/11 04:18:06 - mmengine - INFO - Epoch(train)  [66][ 750/1154]  base_lr: 1.2500e-03 lr: 1.2500e-03  eta: 1:03:27  time: 0.0626  data_time: 0.0013  memory: 708  grad_norm: 3.4619  loss: 0.6182  loss_cls: 0.0034  loss_bbox: 0.0634  loss_centerness: 0.5514
2026/03/11 04:18:09 - mmengine - INFO - Epoch(train)  [66][ 800/1154]  base_lr: 1.2500e-03 lr: 1.2500e-03  eta: 1:03:21  time: 0.0624  data_time: 0.0012  memory: 708  grad_norm: 4.1929  loss: 0.6463  loss_cls: 0.0036  loss_bbox: 0.0869  loss_centerness: 0.5558
2026/03/11 04:18:12 - mmengine - INFO - Epoch(train)  [66][ 850/1154]  base_lr: 1.2500e-03 lr: 1.2500e-03  eta: 1:03:15  time: 0.0619  data_time: 0.0007  memory: 708  grad_norm: 3.8372  loss: 0.6179  loss_cls: 0.0030  loss_bbox: 0.0701  loss_centerness: 0.5448
2026/03/11 04:18:15 - mmengine - INFO - Epoch(train)  [66][ 900/1154]  base_lr: 1.2500e-03 lr: 1.2500e-03  eta: 1:03:09  time: 0.0622  data_time: 0.0011  memory: 708  grad_norm: 4.2167  loss: 0.6319  loss_cls: 0.0031  loss_bbox: 0.0757  loss_centerness: 0.5531
2026/03/11 04:18:19 - mmengine - INFO - Epoch(train)  [66][ 950/1154]  base_lr: 1.2500e-03 lr: 1.2500e-03  eta: 1:03:04  time: 0.0619  data_time: 0.0011  memory: 708  grad_norm: 4.1236  loss: 0.6419  loss_cls: 0.0035  loss_bbox: 0.0904  loss_centerness: 0.5480
2026/03/11 04:18:21 - mmengine - INFO - Exp name: fcos_minecraft_20260311_015948
2026/03/11 04:18:22 - mmengine - INFO - Epoch(train)  [66][1000/1154]  base_lr: 1.2500e-03 lr: 1.2500e-03  eta: 1:02:58  time: 0.0620  data_time: 0.0013  memory: 708  grad_norm: 3.6839  loss: 0.6312  loss_cls: 0.0029  loss_bbox: 0.0775  loss_centerness: 0.5508
2026/03/11 04:18:25 - mmengine - INFO - Epoch(train)  [66][1050/1154]  base_lr: 1.2500e-03 lr: 1.2500e-03  eta: 1:02:52  time: 0.0633  data_time: 0.0016  memory: 708  grad_norm: 4.0330  loss: 0.6295  loss_cls: 0.0083  loss_bbox: 0.0714  loss_centerness: 0.5498
2026/03/11 04:18:28 - mmengine - INFO - Epoch(train)  [66][1100/1154]  base_lr: 1.2500e-03 lr: 1.2500e-03  eta: 1:02:47  time: 0.0623  data_time: 0.0016  memory: 708  grad_norm: 4.3964  loss: 0.6468  loss_cls: 0.0033  loss_bbox: 0.0919  loss_centerness: 0.5517
2026/03/11 04:18:31 - mmengine - INFO - Epoch(train)  [66][1150/1154]  base_lr: 1.2500e-03 lr: 1.2500e-03  eta: 1:02:41  time: 0.0623  data_time: 0.0009  memory: 708  grad_norm: 3.6471  loss: 0.6321  loss_cls: 0.0033  loss_bbox: 0.0721  loss_centerness: 0.5567
2026/03/11 04:18:31 - mmengine - INFO - Exp name: fcos_minecraft_20260311_015948
2026/03/11 04:18:31 - mmengine - INFO - Saving checkpoint at 66 epochs
2026/03/11 04:18:34 - mmengine - INFO - Epoch(val)  [66][ 50/422]    eta: 0:00:06  time: 0.0167  data_time: 0.0008  memory: 708  
2026/03/11 04:18:34 - mmengine - INFO - Epoch(val)  [66][100/422]    eta: 0:00:05  time: 0.0170  data_time: 0.0006  memory: 403  
2026/03/11 04:18:35 - mmengine - INFO - Epoch(val)  [66][150/422]    eta: 0:00:04  time: 0.0164  data_time: 0.0005  memory: 403  
2026/03/11 04:18:36 - mmengine - INFO - Epoch(val)  [66][200/422]    eta: 0:00:03  time: 0.0163  data_time: 0.0003  memory: 403  
2026/03/11 04:18:37 - mmengine - INFO - Epoch(val)  [66][250/422]    eta: 0:00:02  time: 0.0163  data_time: 0.0007  memory: 403  
2026/03/11 04:18:38 - mmengine - INFO - Epoch(val)  [66][300/422]    eta: 0:00:02  time: 0.0165  data_time: 0.0003  memory: 403  
2026/03/11 04:18:39 - mmengine - INFO - Epoch(val)  [66][350/422]    eta: 0:00:01  time: 0.0163  data_time: 0.0004  memory: 403  
2026/03/11 04:18:39 - mmengine - INFO - Epoch(val)  [66][400/422]    eta: 0:00:00  time: 0.0162  data_time: 0.0006  memory: 403  
2026/03/11 04:18:40 - mmengine - INFO - Evaluating bbox...
2026/03/11 04:18:40 - mmengine - INFO - bbox_mAP_copypaste: 0.287 0.480 0.338 0.024 0.162 0.434
2026/03/11 04:18:40 - mmengine - INFO - Epoch(val) [66][422/422]    coco/bbox_mAP: 0.2870  coco/bbox_mAP_50: 0.4800  coco/bbox_mAP_75: 0.3380  coco/bbox_mAP_s: 0.0240  coco/bbox_mAP_m: 0.1620  coco/bbox_mAP_l: 0.4340  data_time: 0.0005  time: 0.0165
2026/03/11 04:18:43 - mmengine - INFO - Epoch(train)  [67][  50/1154]  base_lr: 1.2500e-03 lr: 1.2500e-03  eta: 1:02:35  time: 0.0623  data_time: 0.0018  memory: 708  grad_norm: 3.5788  loss: 0.6246  loss_cls: 0.0032  loss_bbox: 0.0692  loss_centerness: 0.5522
2026/03/11 04:18:46 - mmengine - INFO - Epoch(train)  [67][ 100/1154]  base_lr: 1.2500e-03 lr: 1.2500e-03  eta: 1:02:29  time: 0.0624  data_time: 0.0012  memory: 708  grad_norm: 3.7638  loss: 0.6224  loss_cls: 0.0032  loss_bbox: 0.0690  loss_centerness: 0.5501
2026/03/11 04:18:49 - mmengine - INFO - Epoch(train)  [67][ 150/1154]  base_lr: 1.2500e-03 lr: 1.2500e-03  eta: 1:02:24  time: 0.0621  data_time: 0.0010  memory: 708  grad_norm: 3.7312  loss: 0.6294  loss_cls: 0.0026  loss_bbox: 0.0777  loss_centerness: 0.5491
2026/03/11 04:18:53 - mmengine - INFO - Epoch(train)  [67][ 200/1154]  base_lr: 1.2500e-03 lr: 1.2500e-03  eta: 1:02:18  time: 0.0621  data_time: 0.0014  memory: 708  grad_norm: 4.0074  loss: 0.6354  loss_cls: 0.0025  loss_bbox: 0.0786  loss_centerness: 0.5544
2026/03/11 04:18:56 - mmengine - INFO - Epoch(train)  [67][ 250/1154]  base_lr: 1.2500e-03 lr: 1.2500e-03  eta: 1:02:12  time: 0.0623  data_time: 0.0018  memory: 708  grad_norm: 3.7856  loss: 0.6240  loss_cls: 0.0035  loss_bbox: 0.0705  loss_centerness: 0.5499
2026/03/11 04:18:59 - mmengine - INFO - Epoch(train)  [67][ 300/1154]  base_lr: 1.2500e-03 lr: 1.2500e-03  eta: 1:02:07  time: 0.0621  data_time: 0.0014  memory: 708  grad_norm: 3.7477  loss: 0.6177  loss_cls: 0.0031  loss_bbox: 0.0657  loss_centerness: 0.5490
2026/03/11 04:19:02 - mmengine - INFO - Epoch(train)  [67][ 350/1154]  base_lr: 1.2500e-03 lr: 1.2500e-03  eta: 1:02:01  time: 0.0620  data_time: 0.0009  memory: 708  grad_norm: 3.5375  loss: 0.6280  loss_cls: 0.0024  loss_bbox: 0.0656  loss_centerness: 0.5600
2026/03/11 04:19:05 - mmengine - INFO - Epoch(train)  [67][ 400/1154]  base_lr: 1.2500e-03 lr: 1.2500e-03  eta: 1:01:55  time: 0.0622  data_time: 0.0013  memory: 708  grad_norm: 3.5986  loss: 0.6151  loss_cls: 0.0028  loss_bbox: 0.0639  loss_centerness: 0.5484
2026/03/11 04:19:08 - mmengine - INFO - Epoch(train)  [67][ 450/1154]  base_lr: 1.2500e-03 lr: 1.2500e-03  eta: 1:01:50  time: 0.0631  data_time: 0.0016  memory: 708  grad_norm: 3.6875  loss: 0.6186  loss_cls: 0.0026  loss_bbox: 0.0626  loss_centerness: 0.5534
2026/03/11 04:19:11 - mmengine - INFO - Epoch(train)  [67][ 500/1154]  base_lr: 1.2500e-03 lr: 1.2500e-03  eta: 1:01:44  time: 0.0642  data_time: 0.0012  memory: 708  grad_norm: 4.1766  loss: 0.6307  loss_cls: 0.0029  loss_bbox: 0.0773  loss_centerness: 0.5505
2026/03/11 04:19:15 - mmengine - INFO - Epoch(train)  [67][ 550/1154]  base_lr: 1.2500e-03 lr: 1.2500e-03  eta: 1:01:39  time: 0.0625  data_time: 0.0010  memory: 708  grad_norm: 4.5492  loss: 0.6418  loss_cls: 0.0060  loss_bbox: 0.0807  loss_centerness: 0.5551
2026/03/11 04:19:18 - mmengine - INFO - Epoch(train)  [67][ 600/1154]  base_lr: 1.2500e-03 lr: 1.2500e-03  eta: 1:01:33  time: 0.0620  data_time: 0.0012  memory: 708  grad_norm: 3.6537  loss: 0.6244  loss_cls: 0.0045  loss_bbox: 0.0674  loss_centerness: 0.5525
2026/03/11 04:19:21 - mmengine - INFO - Epoch(train)  [67][ 650/1154]  base_lr: 1.2500e-03 lr: 1.2500e-03  eta: 1:01:27  time: 0.0623  data_time: 0.0010  memory: 708  grad_norm: 3.7453  loss: 0.6312  loss_cls: 0.0024  loss_bbox: 0.0776  loss_centerness: 0.5513
2026/03/11 04:19:24 - mmengine - INFO - Epoch(train)  [67][ 700/1154]  base_lr: 1.2500e-03 lr: 1.2500e-03  eta: 1:01:22  time: 0.0620  data_time: 0.0016  memory: 708  grad_norm: 3.4427  loss: 0.6246  loss_cls: 0.0027  loss_bbox: 0.0677  loss_centerness: 0.5542
2026/03/11 04:19:27 - mmengine - INFO - Epoch(train)  [67][ 750/1154]  base_lr: 1.2500e-03 lr: 1.2500e-03  eta: 1:01:16  time: 0.0621  data_time: 0.0011  memory: 708  grad_norm: 3.2825  loss: 0.6070  loss_cls: 0.0039  loss_bbox: 0.0577  loss_centerness: 0.5454
2026/03/11 04:19:30 - mmengine - INFO - Epoch(train)  [67][ 800/1154]  base_lr: 1.2500e-03 lr: 1.2500e-03  eta: 1:01:11  time: 0.0621  data_time: 0.0010  memory: 708  grad_norm: 3.5755  loss: 0.6196  loss_cls: 0.0041  loss_bbox: 0.0656  loss_centerness: 0.5499
2026/03/11 04:19:32 - mmengine - INFO - Exp name: fcos_minecraft_20260311_015948
2026/03/11 04:19:33 - mmengine - INFO - Epoch(train)  [67][ 850/1154]  base_lr: 1.2500e-03 lr: 1.2500e-03  eta: 1:01:05  time: 0.0621  data_time: 0.0009  memory: 708  grad_norm: 3.9928  loss: 0.6323  loss_cls: 0.0036  loss_bbox: 0.0787  loss_centerness: 0.5500
2026/03/11 04:19:36 - mmengine - INFO - Epoch(train)  [67][ 900/1154]  base_lr: 1.2500e-03 lr: 1.2500e-03  eta: 1:00:59  time: 0.0625  data_time: 0.0011  memory: 708  grad_norm: 3.6475  loss: 0.6207  loss_cls: 0.0030  loss_bbox: 0.0792  loss_centerness: 0.5384
2026/03/11 04:19:39 - mmengine - INFO - Epoch(train)  [67][ 950/1154]  base_lr: 1.2500e-03 lr: 1.2500e-03  eta: 1:00:54  time: 0.0621  data_time: 0.0009  memory: 708  grad_norm: 4.1207  loss: 0.6307  loss_cls: 0.0034  loss_bbox: 0.0792  loss_centerness: 0.5481
2026/03/11 04:19:43 - mmengine - INFO - Epoch(train)  [67][1000/1154]  base_lr: 1.2500e-03 lr: 1.2500e-03  eta: 1:00:48  time: 0.0624  data_time: 0.0014  memory: 708  grad_norm: 3.7021  loss: 0.6254  loss_cls: 0.0040  loss_bbox: 0.0694  loss_centerness: 0.5520
2026/03/11 04:19:46 - mmengine - INFO - Epoch(train)  [67][1050/1154]  base_lr: 1.2500e-03 lr: 1.2500e-03  eta: 1:00:43  time: 0.0622  data_time: 0.0011  memory: 708  grad_norm: 3.4129  loss: 0.6199  loss_cls: 0.0030  loss_bbox: 0.0612  loss_centerness: 0.5557
2026/03/11 04:19:49 - mmengine - INFO - Epoch(train)  [67][1100/1154]  base_lr: 1.2500e-03 lr: 1.2500e-03  eta: 1:00:37  time: 0.0621  data_time: 0.0013  memory: 708  grad_norm: 3.5793  loss: 0.6249  loss_cls: 0.0037  loss_bbox: 0.0751  loss_centerness: 0.5461
2026/03/11 04:19:52 - mmengine - INFO - Epoch(train)  [67][1150/1154]  base_lr: 1.2500e-03 lr: 1.2500e-03  eta: 1:00:31  time: 0.0621  data_time: 0.0012  memory: 708  grad_norm: 3.5981  loss: 0.6250  loss_cls: 0.0039  loss_bbox: 0.0668  loss_centerness: 0.5543
2026/03/11 04:19:52 - mmengine - INFO - Exp name: fcos_minecraft_20260311_015948
2026/03/11 04:19:52 - mmengine - INFO - Saving checkpoint at 67 epochs
2026/03/11 04:19:54 - mmengine - INFO - Epoch(val)  [67][ 50/422]    eta: 0:00:06  time: 0.0164  data_time: 0.0010  memory: 708  
2026/03/11 04:19:55 - mmengine - INFO - Epoch(val)  [67][100/422]    eta: 0:00:05  time: 0.0162  data_time: 0.0005  memory: 403  
2026/03/11 04:19:56 - mmengine - INFO - Epoch(val)  [67][150/422]    eta: 0:00:04  time: 0.0162  data_time: 0.0004  memory: 403  
2026/03/11 04:19:57 - mmengine - INFO - Epoch(val)  [67][200/422]    eta: 0:00:03  time: 0.0163  data_time: 0.0005  memory: 403  
2026/03/11 04:19:58 - mmengine - INFO - Epoch(val)  [67][250/422]    eta: 0:00:02  time: 0.0164  data_time: 0.0007  memory: 403  
2026/03/11 04:19:58 - mmengine - INFO - Epoch(val)  [67][300/422]    eta: 0:00:01  time: 0.0168  data_time: 0.0005  memory: 403  
2026/03/11 04:19:59 - mmengine - INFO - Epoch(val)  [67][350/422]    eta: 0:00:01  time: 0.0162  data_time: 0.0004  memory: 403  
2026/03/11 04:20:00 - mmengine - INFO - Epoch(val)  [67][400/422]    eta: 0:00:00  time: 0.0164  data_time: 0.0005  memory: 403  
2026/03/11 04:20:00 - mmengine - INFO - Evaluating bbox...
2026/03/11 04:20:01 - mmengine - INFO - bbox_mAP_copypaste: 0.286 0.412 0.356 0.009 0.183 0.427
2026/03/11 04:20:01 - mmengine - INFO - Epoch(val) [67][422/422]    coco/bbox_mAP: 0.2860  coco/bbox_mAP_50: 0.4120  coco/bbox_mAP_75: 0.3560  coco/bbox_mAP_s: 0.0090  coco/bbox_mAP_m: 0.1830  coco/bbox_mAP_l: 0.4270  data_time: 0.0006  time: 0.0164
2026/03/11 04:20:04 - mmengine - INFO - Epoch(train)  [68][  50/1154]  base_lr: 1.2500e-03 lr: 1.2500e-03  eta: 1:00:25  time: 0.0623  data_time: 0.0011  memory: 708  grad_norm: 3.7255  loss: 0.6187  loss_cls: 0.0016  loss_bbox: 0.0666  loss_centerness: 0.5506
2026/03/11 04:20:07 - mmengine - INFO - Epoch(train)  [68][ 100/1154]  base_lr: 1.2500e-03 lr: 1.2500e-03  eta: 1:00:20  time: 0.0620  data_time: 0.0016  memory: 708  grad_norm: 4.1929  loss: 0.6207  loss_cls: 0.0143  loss_bbox: 0.0597  loss_centerness: 0.5467
2026/03/11 04:20:10 - mmengine - INFO - Epoch(train)  [68][ 150/1154]  base_lr: 1.2500e-03 lr: 1.2500e-03  eta: 1:00:14  time: 0.0623  data_time: 0.0014  memory: 708  grad_norm: 3.9683  loss: 0.6284  loss_cls: 0.0134  loss_bbox: 0.0631  loss_centerness: 0.5519
2026/03/11 04:20:13 - mmengine - INFO - Epoch(train)  [68][ 200/1154]  base_lr: 1.2500e-03 lr: 1.2500e-03  eta: 1:00:09  time: 0.0621  data_time: 0.0014  memory: 708  grad_norm: 3.9195  loss: 0.6215  loss_cls: 0.0064  loss_bbox: 0.0694  loss_centerness: 0.5458
2026/03/11 04:20:16 - mmengine - INFO - Epoch(train)  [68][ 250/1154]  base_lr: 1.2500e-03 lr: 1.2500e-03  eta: 1:00:03  time: 0.0625  data_time: 0.0015  memory: 708  grad_norm: 3.4794  loss: 0.6254  loss_cls: 0.0046  loss_bbox: 0.0712  loss_centerness: 0.5496
2026/03/11 04:20:20 - mmengine - INFO - Epoch(train)  [68][ 300/1154]  base_lr: 1.2500e-03 lr: 1.2500e-03  eta: 0:59:58  time: 0.0619  data_time: 0.0010  memory: 708  grad_norm: 3.8732  loss: 0.6196  loss_cls: 0.0083  loss_bbox: 0.0642  loss_centerness: 0.5471
2026/03/11 04:20:23 - mmengine - INFO - Epoch(train)  [68][ 350/1154]  base_lr: 1.2500e-03 lr: 1.2500e-03  eta: 0:59:52  time: 0.0622  data_time: 0.0012  memory: 708  grad_norm: 3.8282  loss: 0.6276  loss_cls: 0.0036  loss_bbox: 0.0741  loss_centerness: 0.5499
2026/03/11 04:20:26 - mmengine - INFO - Epoch(train)  [68][ 400/1154]  base_lr: 1.2500e-03 lr: 1.2500e-03  eta: 0:59:46  time: 0.0619  data_time: 0.0015  memory: 708  grad_norm: 4.0077  loss: 0.6339  loss_cls: 0.0034  loss_bbox: 0.0759  loss_centerness: 0.5546
2026/03/11 04:20:29 - mmengine - INFO - Epoch(train)  [68][ 450/1154]  base_lr: 1.2500e-03 lr: 1.2500e-03  eta: 0:59:41  time: 0.0620  data_time: 0.0010  memory: 708  grad_norm: 3.6003  loss: 0.6319  loss_cls: 0.0033  loss_bbox: 0.0739  loss_centerness: 0.5547
2026/03/11 04:20:32 - mmengine - INFO - Epoch(train)  [68][ 500/1154]  base_lr: 1.2500e-03 lr: 1.2500e-03  eta: 0:59:35  time: 0.0621  data_time: 0.0011  memory: 708  grad_norm: 3.1806  loss: 0.6177  loss_cls: 0.0034  loss_bbox: 0.0607  loss_centerness: 0.5536
2026/03/11 04:20:35 - mmengine - INFO - Epoch(train)  [68][ 550/1154]  base_lr: 1.2500e-03 lr: 1.2500e-03  eta: 0:59:30  time: 0.0621  data_time: 0.0015  memory: 708  grad_norm: 3.6532  loss: 0.6185  loss_cls: 0.0024  loss_bbox: 0.0677  loss_centerness: 0.5484
2026/03/11 04:20:38 - mmengine - INFO - Epoch(train)  [68][ 600/1154]  base_lr: 1.2500e-03 lr: 1.2500e-03  eta: 0:59:24  time: 0.0624  data_time: 0.0012  memory: 708  grad_norm: 4.0763  loss: 0.6280  loss_cls: 0.0045  loss_bbox: 0.0789  loss_centerness: 0.5446
2026/03/11 04:20:41 - mmengine - INFO - Epoch(train)  [68][ 650/1154]  base_lr: 1.2500e-03 lr: 1.2500e-03  eta: 0:59:19  time: 0.0619  data_time: 0.0010  memory: 708  grad_norm: 4.3523  loss: 0.6276  loss_cls: 0.0063  loss_bbox: 0.0761  loss_centerness: 0.5453
2026/03/11 04:20:43 - mmengine - INFO - Exp name: fcos_minecraft_20260311_015948
2026/03/11 04:20:44 - mmengine - INFO - Epoch(train)  [68][ 700/1154]  base_lr: 1.2500e-03 lr: 1.2500e-03  eta: 0:59:13  time: 0.0620  data_time: 0.0010  memory: 708  grad_norm: 3.6321  loss: 0.6343  loss_cls: 0.0044  loss_bbox: 0.0754  loss_centerness: 0.5545
2026/03/11 04:20:48 - mmengine - INFO - Epoch(train)  [68][ 750/1154]  base_lr: 1.2500e-03 lr: 1.2500e-03  eta: 0:59:08  time: 0.0620  data_time: 0.0009  memory: 708  grad_norm: 3.9648  loss: 0.6302  loss_cls: 0.0038  loss_bbox: 0.0794  loss_centerness: 0.5470
2026/03/11 04:20:51 - mmengine - INFO - Epoch(train)  [68][ 800/1154]  base_lr: 1.2500e-03 lr: 1.2500e-03  eta: 0:59:02  time: 0.0623  data_time: 0.0011  memory: 708  grad_norm: 4.1279  loss: 0.6368  loss_cls: 0.0040  loss_bbox: 0.0833  loss_centerness: 0.5495
2026/03/11 04:20:54 - mmengine - INFO - Epoch(train)  [68][ 850/1154]  base_lr: 1.2500e-03 lr: 1.2500e-03  eta: 0:58:56  time: 0.0621  data_time: 0.0014  memory: 708  grad_norm: 3.8698  loss: 0.6291  loss_cls: 0.0030  loss_bbox: 0.0719  loss_centerness: 0.5542
2026/03/11 04:20:57 - mmengine - INFO - Epoch(train)  [68][ 900/1154]  base_lr: 1.2500e-03 lr: 1.2500e-03  eta: 0:58:51  time: 0.0618  data_time: 0.0013  memory: 708  grad_norm: 4.0140  loss: 0.6323  loss_cls: 0.0040  loss_bbox: 0.0749  loss_centerness: 0.5534
2026/03/11 04:21:00 - mmengine - INFO - Epoch(train)  [68][ 950/1154]  base_lr: 1.2500e-03 lr: 1.2500e-03  eta: 0:58:45  time: 0.0622  data_time: 0.0009  memory: 708  grad_norm: 3.8535  loss: 0.6232  loss_cls: 0.0045  loss_bbox: 0.0675  loss_centerness: 0.5512
2026/03/11 04:21:03 - mmengine - INFO - Epoch(train)  [68][1000/1154]  base_lr: 1.2500e-03 lr: 1.2500e-03  eta: 0:58:40  time: 0.0622  data_time: 0.0016  memory: 708  grad_norm: 3.9520  loss: 0.6198  loss_cls: 0.0031  loss_bbox: 0.0715  loss_centerness: 0.5451
2026/03/11 04:21:06 - mmengine - INFO - Epoch(train)  [68][1050/1154]  base_lr: 1.2500e-03 lr: 1.2500e-03  eta: 0:58:34  time: 0.0620  data_time: 0.0013  memory: 708  grad_norm: 3.7078  loss: 0.6188  loss_cls: 0.0037  loss_bbox: 0.0688  loss_centerness: 0.5464
2026/03/11 04:21:09 - mmengine - INFO - Epoch(train)  [68][1100/1154]  base_lr: 1.2500e-03 lr: 1.2500e-03  eta: 0:58:29  time: 0.0621  data_time: 0.0014  memory: 708  grad_norm: 3.9635  loss: 0.6327  loss_cls: 0.0046  loss_bbox: 0.0710  loss_centerness: 0.5571
2026/03/11 04:21:12 - mmengine - INFO - Epoch(train)  [68][1150/1154]  base_lr: 1.2500e-03 lr: 1.2500e-03  eta: 0:58:23  time: 0.0621  data_time: 0.0011  memory: 708  grad_norm: 3.7759  loss: 0.6369  loss_cls: 0.0046  loss_bbox: 0.0783  loss_centerness: 0.5541
2026/03/11 04:21:13 - mmengine - INFO - Exp name: fcos_minecraft_20260311_015948
2026/03/11 04:21:13 - mmengine - INFO - Saving checkpoint at 68 epochs
2026/03/11 04:21:15 - mmengine - INFO - Epoch(val)  [68][ 50/422]    eta: 0:00:07  time: 0.0205  data_time: 0.0006  memory: 708  
2026/03/11 04:21:16 - mmengine - INFO - Epoch(val)  [68][100/422]    eta: 0:00:05  time: 0.0163  data_time: 0.0006  memory: 403  
2026/03/11 04:21:17 - mmengine - INFO - Epoch(val)  [68][150/422]    eta: 0:00:04  time: 0.0162  data_time: 0.0007  memory: 403  
2026/03/11 04:21:18 - mmengine - INFO - Epoch(val)  [68][200/422]    eta: 0:00:03  time: 0.0167  data_time: 0.0006  memory: 403  
2026/03/11 04:21:19 - mmengine - INFO - Epoch(val)  [68][250/422]    eta: 0:00:02  time: 0.0163  data_time: 0.0003  memory: 403  
2026/03/11 04:21:20 - mmengine - INFO - Epoch(val)  [68][300/422]    eta: 0:00:02  time: 0.0167  data_time: 0.0007  memory: 403  
2026/03/11 04:21:20 - mmengine - INFO - Epoch(val)  [68][350/422]    eta: 0:00:01  time: 0.0163  data_time: 0.0005  memory: 403  
2026/03/11 04:21:21 - mmengine - INFO - Epoch(val)  [68][400/422]    eta: 0:00:00  time: 0.0162  data_time: 0.0006  memory: 403  
2026/03/11 04:21:22 - mmengine - INFO - Evaluating bbox...
2026/03/11 04:21:22 - mmengine - INFO - bbox_mAP_copypaste: 0.283 0.470 0.322 0.028 0.170 0.410
2026/03/11 04:21:22 - mmengine - INFO - Epoch(val) [68][422/422]    coco/bbox_mAP: 0.2830  coco/bbox_mAP_50: 0.4700  coco/bbox_mAP_75: 0.3220  coco/bbox_mAP_s: 0.0280  coco/bbox_mAP_m: 0.1700  coco/bbox_mAP_l: 0.4100  data_time: 0.0006  time: 0.0169
2026/03/11 04:21:25 - mmengine - INFO - Epoch(train)  [69][  50/1154]  base_lr: 1.2500e-03 lr: 1.2500e-03  eta: 0:58:17  time: 0.0632  data_time: 0.0016  memory: 708  grad_norm: 3.4418  loss: 0.6194  loss_cls: 0.0024  loss_bbox: 0.0639  loss_centerness: 0.5531
2026/03/11 04:21:28 - mmengine - INFO - Epoch(train)  [69][ 100/1154]  base_lr: 1.2500e-03 lr: 1.2500e-03  eta: 0:58:12  time: 0.0623  data_time: 0.0014  memory: 708  grad_norm: 3.9889  loss: 0.6206  loss_cls: 0.0061  loss_bbox: 0.0651  loss_centerness: 0.5495
2026/03/11 04:21:31 - mmengine - INFO - Epoch(train)  [69][ 150/1154]  base_lr: 1.2500e-03 lr: 1.2500e-03  eta: 0:58:06  time: 0.0621  data_time: 0.0011  memory: 708  grad_norm: 3.8412  loss: 0.6268  loss_cls: 0.0036  loss_bbox: 0.0726  loss_centerness: 0.5506
2026/03/11 04:21:35 - mmengine - INFO - Epoch(train)  [69][ 200/1154]  base_lr: 1.2500e-03 lr: 1.2500e-03  eta: 0:58:01  time: 0.0620  data_time: 0.0012  memory: 708  grad_norm: 4.3494  loss: 0.6420  loss_cls: 0.0039  loss_bbox: 0.0907  loss_centerness: 0.5473
2026/03/11 04:21:38 - mmengine - INFO - Epoch(train)  [69][ 250/1154]  base_lr: 1.2500e-03 lr: 1.2500e-03  eta: 0:57:55  time: 0.0617  data_time: 0.0011  memory: 708  grad_norm: 3.6399  loss: 0.6379  loss_cls: 0.0037  loss_bbox: 0.0795  loss_centerness: 0.5547
2026/03/11 04:21:41 - mmengine - INFO - Epoch(train)  [69][ 300/1154]  base_lr: 1.2500e-03 lr: 1.2500e-03  eta: 0:57:50  time: 0.0621  data_time: 0.0013  memory: 708  grad_norm: 4.0433  loss: 0.6281  loss_cls: 0.0083  loss_bbox: 0.0701  loss_centerness: 0.5497
2026/03/11 04:21:44 - mmengine - INFO - Epoch(train)  [69][ 350/1154]  base_lr: 1.2500e-03 lr: 1.2500e-03  eta: 0:57:44  time: 0.0621  data_time: 0.0009  memory: 708  grad_norm: 4.0245  loss: 0.6274  loss_cls: 0.0058  loss_bbox: 0.0734  loss_centerness: 0.5482
2026/03/11 04:21:47 - mmengine - INFO - Epoch(train)  [69][ 400/1154]  base_lr: 1.2500e-03 lr: 1.2500e-03  eta: 0:57:39  time: 0.0618  data_time: 0.0010  memory: 708  grad_norm: 3.9596  loss: 0.6305  loss_cls: 0.0050  loss_bbox: 0.0733  loss_centerness: 0.5522
2026/03/11 04:21:50 - mmengine - INFO - Epoch(train)  [69][ 450/1154]  base_lr: 1.2500e-03 lr: 1.2500e-03  eta: 0:57:33  time: 0.0621  data_time: 0.0011  memory: 708  grad_norm: 3.9108  loss: 0.6339  loss_cls: 0.0056  loss_bbox: 0.0748  loss_centerness: 0.5535
2026/03/11 04:21:53 - mmengine - INFO - Epoch(train)  [69][ 500/1154]  base_lr: 1.2500e-03 lr: 1.2500e-03  eta: 0:57:28  time: 0.0621  data_time: 0.0010  memory: 708  grad_norm: 3.1723  loss: 0.6187  loss_cls: 0.0035  loss_bbox: 0.0608  loss_centerness: 0.5544
2026/03/11 04:21:55 - mmengine - INFO - Exp name: fcos_minecraft_20260311_015948
2026/03/11 04:21:56 - mmengine - INFO - Epoch(train)  [69][ 550/1154]  base_lr: 1.2500e-03 lr: 1.2500e-03  eta: 0:57:22  time: 0.0620  data_time: 0.0013  memory: 708  grad_norm: 3.9903  loss: 0.6322  loss_cls: 0.0045  loss_bbox: 0.0770  loss_centerness: 0.5507
2026/03/11 04:21:59 - mmengine - INFO - Epoch(train)  [69][ 600/1154]  base_lr: 1.2500e-03 lr: 1.2500e-03  eta: 0:57:17  time: 0.0623  data_time: 0.0014  memory: 708  grad_norm: 3.7924  loss: 0.6141  loss_cls: 0.0028  loss_bbox: 0.0636  loss_centerness: 0.5477
2026/03/11 04:22:03 - mmengine - INFO - Epoch(train)  [69][ 650/1154]  base_lr: 1.2500e-03 lr: 1.2500e-03  eta: 0:57:11  time: 0.0617  data_time: 0.0009  memory: 708  grad_norm: 3.9201  loss: 0.6284  loss_cls: 0.0075  loss_bbox: 0.0714  loss_centerness: 0.5495
2026/03/11 04:22:06 - mmengine - INFO - Epoch(train)  [69][ 700/1154]  base_lr: 1.2500e-03 lr: 1.2500e-03  eta: 0:57:06  time: 0.0621  data_time: 0.0014  memory: 708  grad_norm: 4.1385  loss: 0.6370  loss_cls: 0.0100  loss_bbox: 0.0806  loss_centerness: 0.5464
2026/03/11 04:22:09 - mmengine - INFO - Epoch(train)  [69][ 750/1154]  base_lr: 1.2500e-03 lr: 1.2500e-03  eta: 0:57:00  time: 0.0622  data_time: 0.0011  memory: 708  grad_norm: 3.8962  loss: 0.6295  loss_cls: 0.0047  loss_bbox: 0.0769  loss_centerness: 0.5479
2026/03/11 04:22:12 - mmengine - INFO - Epoch(train)  [69][ 800/1154]  base_lr: 1.2500e-03 lr: 1.2500e-03  eta: 0:56:55  time: 0.0619  data_time: 0.0012  memory: 708  grad_norm: 3.6318  loss: 0.6179  loss_cls: 0.0021  loss_bbox: 0.0639  loss_centerness: 0.5520
2026/03/11 04:22:15 - mmengine - INFO - Epoch(train)  [69][ 850/1154]  base_lr: 1.2500e-03 lr: 1.2500e-03  eta: 0:56:50  time: 0.0622  data_time: 0.0010  memory: 708  grad_norm: 3.6177  loss: 0.6197  loss_cls: 0.0039  loss_bbox: 0.0664  loss_centerness: 0.5493
2026/03/11 04:22:18 - mmengine - INFO - Epoch(train)  [69][ 900/1154]  base_lr: 1.2500e-03 lr: 1.2500e-03  eta: 0:56:44  time: 0.0617  data_time: 0.0009  memory: 708  grad_norm: 3.8819  loss: 0.6235  loss_cls: 0.0034  loss_bbox: 0.0743  loss_centerness: 0.5457
2026/03/11 04:22:21 - mmengine - INFO - Epoch(train)  [69][ 950/1154]  base_lr: 1.2500e-03 lr: 1.2500e-03  eta: 0:56:39  time: 0.0623  data_time: 0.0013  memory: 708  grad_norm: 3.4986  loss: 0.6193  loss_cls: 0.0025  loss_bbox: 0.0636  loss_centerness: 0.5532
2026/03/11 04:22:24 - mmengine - INFO - Epoch(train)  [69][1000/1154]  base_lr: 1.2500e-03 lr: 1.2500e-03  eta: 0:56:33  time: 0.0627  data_time: 0.0014  memory: 708  grad_norm: 3.8039  loss: 0.6209  loss_cls: 0.0029  loss_bbox: 0.0655  loss_centerness: 0.5526
2026/03/11 04:22:27 - mmengine - INFO - Epoch(train)  [69][1050/1154]  base_lr: 1.2500e-03 lr: 1.2500e-03  eta: 0:56:28  time: 0.0628  data_time: 0.0013  memory: 708  grad_norm: 3.9261  loss: 0.6216  loss_cls: 0.0042  loss_bbox: 0.0678  loss_centerness: 0.5497
2026/03/11 04:22:31 - mmengine - INFO - Epoch(train)  [69][1100/1154]  base_lr: 1.2500e-03 lr: 1.2500e-03  eta: 0:56:22  time: 0.0621  data_time: 0.0012  memory: 708  grad_norm: 3.8798  loss: 0.6195  loss_cls: 0.0037  loss_bbox: 0.0661  loss_centerness: 0.5497
2026/03/11 04:22:34 - mmengine - INFO - Epoch(train)  [69][1150/1154]  base_lr: 1.2500e-03 lr: 1.2500e-03  eta: 0:56:17  time: 0.0617  data_time: 0.0018  memory: 708  grad_norm: 3.7776  loss: 0.6230  loss_cls: 0.0026  loss_bbox: 0.0685  loss_centerness: 0.5518
2026/03/11 04:22:34 - mmengine - INFO - Exp name: fcos_minecraft_20260311_015948
2026/03/11 04:22:34 - mmengine - INFO - Saving checkpoint at 69 epochs
2026/03/11 04:22:36 - mmengine - INFO - Epoch(val)  [69][ 50/422]    eta: 0:00:06  time: 0.0164  data_time: 0.0007  memory: 708  
2026/03/11 04:22:37 - mmengine - INFO - Epoch(val)  [69][100/422]    eta: 0:00:05  time: 0.0160  data_time: 0.0004  memory: 403  
2026/03/11 04:22:38 - mmengine - INFO - Epoch(val)  [69][150/422]    eta: 0:00:04  time: 0.0158  data_time: 0.0008  memory: 403  
2026/03/11 04:22:39 - mmengine - INFO - Epoch(val)  [69][200/422]    eta: 0:00:03  time: 0.0160  data_time: 0.0005  memory: 403  
2026/03/11 04:22:39 - mmengine - INFO - Epoch(val)  [69][250/422]    eta: 0:00:02  time: 0.0166  data_time: 0.0007  memory: 403  
2026/03/11 04:22:40 - mmengine - INFO - Epoch(val)  [69][300/422]    eta: 0:00:01  time: 0.0164  data_time: 0.0004  memory: 403  
2026/03/11 04:22:41 - mmengine - INFO - Epoch(val)  [69][350/422]    eta: 0:00:01  time: 0.0163  data_time: 0.0006  memory: 403  
2026/03/11 04:22:42 - mmengine - INFO - Epoch(val)  [69][400/422]    eta: 0:00:00  time: 0.0162  data_time: 0.0004  memory: 403  
2026/03/11 04:22:42 - mmengine - INFO - Evaluating bbox...
2026/03/11 04:22:43 - mmengine - INFO - bbox_mAP_copypaste: 0.284 0.431 0.334 0.005 0.156 0.426
2026/03/11 04:22:43 - mmengine - INFO - Epoch(val) [69][422/422]    coco/bbox_mAP: 0.2840  coco/bbox_mAP_50: 0.4310  coco/bbox_mAP_75: 0.3340  coco/bbox_mAP_s: 0.0050  coco/bbox_mAP_m: 0.1560  coco/bbox_mAP_l: 0.4260  data_time: 0.0005  time: 0.0162
2026/03/11 04:22:46 - mmengine - INFO - Epoch(train)  [70][  50/1154]  base_lr: 1.2500e-03 lr: 1.2500e-03  eta: 0:56:11  time: 0.0626  data_time: 0.0017  memory: 708  grad_norm: 3.6797  loss: 0.6361  loss_cls: 0.0051  loss_bbox: 0.0771  loss_centerness: 0.5539
2026/03/11 04:22:49 - mmengine - INFO - Epoch(train)  [70][ 100/1154]  base_lr: 1.2500e-03 lr: 1.2500e-03  eta: 0:56:06  time: 0.0619  data_time: 0.0012  memory: 708  grad_norm: 3.8516  loss: 0.6267  loss_cls: 0.0025  loss_bbox: 0.0715  loss_centerness: 0.5527
2026/03/11 04:22:52 - mmengine - INFO - Epoch(train)  [70][ 150/1154]  base_lr: 1.2500e-03 lr: 1.2500e-03  eta: 0:56:00  time: 0.0620  data_time: 0.0014  memory: 708  grad_norm: 3.5874  loss: 0.6123  loss_cls: 0.0032  loss_bbox: 0.0620  loss_centerness: 0.5471
2026/03/11 04:22:55 - mmengine - INFO - Epoch(train)  [70][ 200/1154]  base_lr: 1.2500e-03 lr: 1.2500e-03  eta: 0:55:55  time: 0.0622  data_time: 0.0016  memory: 708  grad_norm: 3.7184  loss: 0.6139  loss_cls: 0.0018  loss_bbox: 0.0660  loss_centerness: 0.5461
2026/03/11 04:22:58 - mmengine - INFO - Epoch(train)  [70][ 250/1154]  base_lr: 1.2500e-03 lr: 1.2500e-03  eta: 0:55:49  time: 0.0623  data_time: 0.0014  memory: 708  grad_norm: 3.8260  loss: 0.6273  loss_cls: 0.0016  loss_bbox: 0.0732  loss_centerness: 0.5526
2026/03/11 04:23:01 - mmengine - INFO - Epoch(train)  [70][ 300/1154]  base_lr: 1.2500e-03 lr: 1.2500e-03  eta: 0:55:44  time: 0.0621  data_time: 0.0012  memory: 708  grad_norm: 4.0506  loss: 0.6460  loss_cls: 0.0029  loss_bbox: 0.0913  loss_centerness: 0.5518
2026/03/11 04:23:05 - mmengine - INFO - Epoch(train)  [70][ 350/1154]  base_lr: 1.2500e-03 lr: 1.2500e-03  eta: 0:55:38  time: 0.0619  data_time: 0.0009  memory: 708  grad_norm: 4.2935  loss: 0.6358  loss_cls: 0.0047  loss_bbox: 0.0782  loss_centerness: 0.5528
2026/03/11 04:23:06 - mmengine - INFO - Exp name: fcos_minecraft_20260311_015948
2026/03/11 04:23:08 - mmengine - INFO - Epoch(train)  [70][ 400/1154]  base_lr: 1.2500e-03 lr: 1.2500e-03  eta: 0:55:33  time: 0.0620  data_time: 0.0011  memory: 708  grad_norm: 3.8256  loss: 0.6415  loss_cls: 0.0043  loss_bbox: 0.0824  loss_centerness: 0.5548
2026/03/11 04:23:11 - mmengine - INFO - Epoch(train)  [70][ 450/1154]  base_lr: 1.2500e-03 lr: 1.2500e-03  eta: 0:55:28  time: 0.0622  data_time: 0.0014  memory: 708  grad_norm: 3.6495  loss: 0.6217  loss_cls: 0.0021  loss_bbox: 0.0665  loss_centerness: 0.5531
2026/03/11 04:23:14 - mmengine - INFO - Epoch(train)  [70][ 500/1154]  base_lr: 1.2500e-03 lr: 1.2500e-03  eta: 0:55:22  time: 0.0626  data_time: 0.0016  memory: 708  grad_norm: 3.7425  loss: 0.6263  loss_cls: 0.0032  loss_bbox: 0.0709  loss_centerness: 0.5522
2026/03/11 04:23:17 - mmengine - INFO - Epoch(train)  [70][ 550/1154]  base_lr: 1.2500e-03 lr: 1.2500e-03  eta: 0:55:17  time: 0.0627  data_time: 0.0014  memory: 708  grad_norm: 3.8189  loss: 0.6258  loss_cls: 0.0023  loss_bbox: 0.0779  loss_centerness: 0.5455
2026/03/11 04:23:20 - mmengine - INFO - Epoch(train)  [70][ 600/1154]  base_lr: 1.2500e-03 lr: 1.2500e-03  eta: 0:55:11  time: 0.0621  data_time: 0.0010  memory: 708  grad_norm: 3.7837  loss: 0.6238  loss_cls: 0.0041  loss_bbox: 0.0739  loss_centerness: 0.5458
2026/03/11 04:23:23 - mmengine - INFO - Epoch(train)  [70][ 650/1154]  base_lr: 1.2500e-03 lr: 1.2500e-03  eta: 0:55:06  time: 0.0621  data_time: 0.0008  memory: 708  grad_norm: 3.7618  loss: 0.6237  loss_cls: 0.0044  loss_bbox: 0.0738  loss_centerness: 0.5455
2026/03/11 04:23:26 - mmengine - INFO - Epoch(train)  [70][ 700/1154]  base_lr: 1.2500e-03 lr: 1.2500e-03  eta: 0:55:00  time: 0.0624  data_time: 0.0012  memory: 708  grad_norm: 3.6876  loss: 0.6201  loss_cls: 0.0027  loss_bbox: 0.0680  loss_centerness: 0.5495
2026/03/11 04:23:29 - mmengine - INFO - Epoch(train)  [70][ 750/1154]  base_lr: 1.2500e-03 lr: 1.2500e-03  eta: 0:54:55  time: 0.0617  data_time: 0.0011  memory: 708  grad_norm: 4.0652  loss: 0.6321  loss_cls: 0.0017  loss_bbox: 0.0752  loss_centerness: 0.5552
2026/03/11 04:23:33 - mmengine - INFO - Epoch(train)  [70][ 800/1154]  base_lr: 1.2500e-03 lr: 1.2500e-03  eta: 0:54:50  time: 0.0623  data_time: 0.0011  memory: 708  grad_norm: 3.4661  loss: 0.6144  loss_cls: 0.0022  loss_bbox: 0.0561  loss_centerness: 0.5560
2026/03/11 04:23:36 - mmengine - INFO - Epoch(train)  [70][ 850/1154]  base_lr: 1.2500e-03 lr: 1.2500e-03  eta: 0:54:44  time: 0.0621  data_time: 0.0014  memory: 708  grad_norm: 4.1261  loss: 0.6325  loss_cls: 0.0028  loss_bbox: 0.0807  loss_centerness: 0.5490
2026/03/11 04:23:39 - mmengine - INFO - Epoch(train)  [70][ 900/1154]  base_lr: 1.2500e-03 lr: 1.2500e-03  eta: 0:54:39  time: 0.0619  data_time: 0.0018  memory: 708  grad_norm: 3.6635  loss: 0.6178  loss_cls: 0.0027  loss_bbox: 0.0667  loss_centerness: 0.5483
2026/03/11 04:23:42 - mmengine - INFO - Epoch(train)  [70][ 950/1154]  base_lr: 1.2500e-03 lr: 1.2500e-03  eta: 0:54:33  time: 0.0620  data_time: 0.0018  memory: 708  grad_norm: 3.8365  loss: 0.6272  loss_cls: 0.0033  loss_bbox: 0.0786  loss_centerness: 0.5454
2026/03/11 04:23:45 - mmengine - INFO - Epoch(train)  [70][1000/1154]  base_lr: 1.2500e-03 lr: 1.2500e-03  eta: 0:54:28  time: 0.0621  data_time: 0.0009  memory: 708  grad_norm: 4.0099  loss: 0.6208  loss_cls: 0.0019  loss_bbox: 0.0704  loss_centerness: 0.5485
2026/03/11 04:23:48 - mmengine - INFO - Epoch(train)  [70][1050/1154]  base_lr: 1.2500e-03 lr: 1.2500e-03  eta: 0:54:23  time: 0.0622  data_time: 0.0014  memory: 708  grad_norm: 3.6582  loss: 0.6235  loss_cls: 0.0016  loss_bbox: 0.0707  loss_centerness: 0.5511
2026/03/11 04:23:51 - mmengine - INFO - Epoch(train)  [70][1100/1154]  base_lr: 1.2500e-03 lr: 1.2500e-03  eta: 0:54:17  time: 0.0621  data_time: 0.0008  memory: 708  grad_norm: 3.8285  loss: 0.6380  loss_cls: 0.0024  loss_bbox: 0.0839  loss_centerness: 0.5517
2026/03/11 04:23:54 - mmengine - INFO - Epoch(train)  [70][1150/1154]  base_lr: 1.2500e-03 lr: 1.2500e-03  eta: 0:54:12  time: 0.0618  data_time: 0.0014  memory: 708  grad_norm: 3.7120  loss: 0.6336  loss_cls: 0.0021  loss_bbox: 0.0756  loss_centerness: 0.5559
2026/03/11 04:23:55 - mmengine - INFO - Exp name: fcos_minecraft_20260311_015948
2026/03/11 04:23:55 - mmengine - INFO - Saving checkpoint at 70 epochs
2026/03/11 04:23:57 - mmengine - INFO - Epoch(val)  [70][ 50/422]    eta: 0:00:06  time: 0.0167  data_time: 0.0008  memory: 708  
2026/03/11 04:23:58 - mmengine - INFO - Epoch(val)  [70][100/422]    eta: 0:00:05  time: 0.0162  data_time: 0.0004  memory: 403  
2026/03/11 04:23:58 - mmengine - INFO - Epoch(val)  [70][150/422]    eta: 0:00:04  time: 0.0163  data_time: 0.0003  memory: 403  
2026/03/11 04:23:59 - mmengine - INFO - Epoch(val)  [70][200/422]    eta: 0:00:03  time: 0.0163  data_time: 0.0004  memory: 403  
2026/03/11 04:24:00 - mmengine - INFO - Epoch(val)  [70][250/422]    eta: 0:00:02  time: 0.0165  data_time: 0.0006  memory: 403  
2026/03/11 04:24:01 - mmengine - INFO - Epoch(val)  [70][300/422]    eta: 0:00:02  time: 0.0174  data_time: 0.0016  memory: 403  
2026/03/11 04:24:02 - mmengine - INFO - Epoch(val)  [70][350/422]    eta: 0:00:01  time: 0.0173  data_time: 0.0006  memory: 403  
2026/03/11 04:24:03 - mmengine - INFO - Epoch(val)  [70][400/422]    eta: 0:00:00  time: 0.0163  data_time: 0.0006  memory: 403  
2026/03/11 04:24:03 - mmengine - INFO - Evaluating bbox...
2026/03/11 04:24:03 - mmengine - INFO - bbox_mAP_copypaste: 0.291 0.471 0.351 0.014 0.158 0.427
2026/03/11 04:24:03 - mmengine - INFO - Epoch(val) [70][422/422]    coco/bbox_mAP: 0.2910  coco/bbox_mAP_50: 0.4710  coco/bbox_mAP_75: 0.3510  coco/bbox_mAP_s: 0.0140  coco/bbox_mAP_m: 0.1580  coco/bbox_mAP_l: 0.4270  data_time: 0.0007  time: 0.0166
2026/03/11 04:24:06 - mmengine - INFO - Epoch(train)  [71][  50/1154]  base_lr: 1.2500e-04 lr: 1.2500e-04  eta: 0:54:06  time: 0.0625  data_time: 0.0012  memory: 708  grad_norm: 3.4364  loss: 0.6179  loss_cls: 0.0021  loss_bbox: 0.0568  loss_centerness: 0.5590
2026/03/11 04:24:10 - mmengine - INFO - Epoch(train)  [71][ 100/1154]  base_lr: 1.2500e-04 lr: 1.2500e-04  eta: 0:54:01  time: 0.0622  data_time: 0.0010  memory: 708  grad_norm: 3.4448  loss: 0.5967  loss_cls: 0.0016  loss_bbox: 0.0492  loss_centerness: 0.5459
2026/03/11 04:24:13 - mmengine - INFO - Epoch(train)  [71][ 150/1154]  base_lr: 1.2500e-04 lr: 1.2500e-04  eta: 0:53:55  time: 0.0626  data_time: 0.0015  memory: 708  grad_norm: 3.1460  loss: 0.5988  loss_cls: 0.0013  loss_bbox: 0.0466  loss_centerness: 0.5508
2026/03/11 04:24:16 - mmengine - INFO - Epoch(train)  [71][ 200/1154]  base_lr: 1.2500e-04 lr: 1.2500e-04  eta: 0:53:50  time: 0.0619  data_time: 0.0014  memory: 708  grad_norm: 3.3746  loss: 0.6097  loss_cls: 0.0031  loss_bbox: 0.0598  loss_centerness: 0.5468
2026/03/11 04:24:17 - mmengine - INFO - Exp name: fcos_minecraft_20260311_015948
2026/03/11 04:24:19 - mmengine - INFO - Epoch(train)  [71][ 250/1154]  base_lr: 1.2500e-04 lr: 1.2500e-04  eta: 0:53:45  time: 0.0623  data_time: 0.0012  memory: 708  grad_norm: 3.5653  loss: 0.5976  loss_cls: 0.0013  loss_bbox: 0.0471  loss_centerness: 0.5492
2026/03/11 04:24:22 - mmengine - INFO - Epoch(train)  [71][ 300/1154]  base_lr: 1.2500e-04 lr: 1.2500e-04  eta: 0:53:39  time: 0.0619  data_time: 0.0010  memory: 708  grad_norm: 2.9114  loss: 0.5963  loss_cls: 0.0018  loss_bbox: 0.0407  loss_centerness: 0.5537
2026/03/11 04:24:25 - mmengine - INFO - Epoch(train)  [71][ 350/1154]  base_lr: 1.2500e-04 lr: 1.2500e-04  eta: 0:53:34  time: 0.0621  data_time: 0.0013  memory: 708  grad_norm: 3.0022  loss: 0.5994  loss_cls: 0.0021  loss_bbox: 0.0443  loss_centerness: 0.5530
2026/03/11 04:24:28 - mmengine - INFO - Epoch(train)  [71][ 400/1154]  base_lr: 1.2500e-04 lr: 1.2500e-04  eta: 0:53:29  time: 0.0625  data_time: 0.0013  memory: 708  grad_norm: 3.2156  loss: 0.6136  loss_cls: 0.0120  loss_bbox: 0.0480  loss_centerness: 0.5536
2026/03/11 04:24:31 - mmengine - INFO - Epoch(train)  [71][ 450/1154]  base_lr: 1.2500e-04 lr: 1.2500e-04  eta: 0:53:23  time: 0.0617  data_time: 0.0013  memory: 708  grad_norm: 3.2633  loss: 0.6015  loss_cls: 0.0030  loss_bbox: 0.0479  loss_centerness: 0.5507
2026/03/11 04:24:34 - mmengine - INFO - Epoch(train)  [71][ 500/1154]  base_lr: 1.2500e-04 lr: 1.2500e-04  eta: 0:53:18  time: 0.0621  data_time: 0.0014  memory: 708  grad_norm: 3.2626  loss: 0.5937  loss_cls: 0.0018  loss_bbox: 0.0460  loss_centerness: 0.5460
2026/03/11 04:24:38 - mmengine - INFO - Epoch(train)  [71][ 550/1154]  base_lr: 1.2500e-04 lr: 1.2500e-04  eta: 0:53:13  time: 0.0621  data_time: 0.0016  memory: 708  grad_norm: 3.0716  loss: 0.5960  loss_cls: 0.0016  loss_bbox: 0.0417  loss_centerness: 0.5527
2026/03/11 04:24:41 - mmengine - INFO - Epoch(train)  [71][ 600/1154]  base_lr: 1.2500e-04 lr: 1.2500e-04  eta: 0:53:07  time: 0.0622  data_time: 0.0017  memory: 708  grad_norm: 3.0801  loss: 0.5981  loss_cls: 0.0018  loss_bbox: 0.0434  loss_centerness: 0.5529
2026/03/11 04:24:44 - mmengine - INFO - Epoch(train)  [71][ 650/1154]  base_lr: 1.2500e-04 lr: 1.2500e-04  eta: 0:53:02  time: 0.0621  data_time: 0.0015  memory: 708  grad_norm: 2.8147  loss: 0.5889  loss_cls: 0.0011  loss_bbox: 0.0383  loss_centerness: 0.5495
2026/03/11 04:24:47 - mmengine - INFO - Epoch(train)  [71][ 700/1154]  base_lr: 1.2500e-04 lr: 1.2500e-04  eta: 0:52:56  time: 0.0620  data_time: 0.0015  memory: 708  grad_norm: 3.0544  loss: 0.5999  loss_cls: 0.0026  loss_bbox: 0.0454  loss_centerness: 0.5520
2026/03/11 04:24:50 - mmengine - INFO - Epoch(train)  [71][ 750/1154]  base_lr: 1.2500e-04 lr: 1.2500e-04  eta: 0:52:51  time: 0.0621  data_time: 0.0013  memory: 708  grad_norm: 3.0127  loss: 0.5980  loss_cls: 0.0019  loss_bbox: 0.0423  loss_centerness: 0.5538
2026/03/11 04:24:53 - mmengine - INFO - Epoch(train)  [71][ 800/1154]  base_lr: 1.2500e-04 lr: 1.2500e-04  eta: 0:52:46  time: 0.0621  data_time: 0.0012  memory: 708  grad_norm: 2.9221  loss: 0.5925  loss_cls: 0.0012  loss_bbox: 0.0388  loss_centerness: 0.5526
2026/03/11 04:24:56 - mmengine - INFO - Epoch(train)  [71][ 850/1154]  base_lr: 1.2500e-04 lr: 1.2500e-04  eta: 0:52:40  time: 0.0621  data_time: 0.0013  memory: 708  grad_norm: 3.4329  loss: 0.6012  loss_cls: 0.0026  loss_bbox: 0.0497  loss_centerness: 0.5488
2026/03/11 04:24:59 - mmengine - INFO - Epoch(train)  [71][ 900/1154]  base_lr: 1.2500e-04 lr: 1.2500e-04  eta: 0:52:35  time: 0.0622  data_time: 0.0013  memory: 708  grad_norm: 3.0745  loss: 0.5939  loss_cls: 0.0015  loss_bbox: 0.0426  loss_centerness: 0.5498
2026/03/11 04:25:02 - mmengine - INFO - Epoch(train)  [71][ 950/1154]  base_lr: 1.2500e-04 lr: 1.2500e-04  eta: 0:52:30  time: 0.0620  data_time: 0.0016  memory: 708  grad_norm: 3.1718  loss: 0.5934  loss_cls: 0.0030  loss_bbox: 0.0449  loss_centerness: 0.5455
2026/03/11 04:25:06 - mmengine - INFO - Epoch(train)  [71][1000/1154]  base_lr: 1.2500e-04 lr: 1.2500e-04  eta: 0:52:25  time: 0.0622  data_time: 0.0014  memory: 708  grad_norm: 3.2496  loss: 0.5930  loss_cls: 0.0012  loss_bbox: 0.0465  loss_centerness: 0.5453
2026/03/11 04:25:09 - mmengine - INFO - Epoch(train)  [71][1050/1154]  base_lr: 1.2500e-04 lr: 1.2500e-04  eta: 0:52:19  time: 0.0623  data_time: 0.0010  memory: 708  grad_norm: 3.0157  loss: 0.5904  loss_cls: 0.0012  loss_bbox: 0.0411  loss_centerness: 0.5481
2026/03/11 04:25:12 - mmengine - INFO - Epoch(train)  [71][1100/1154]  base_lr: 1.2500e-04 lr: 1.2500e-04  eta: 0:52:14  time: 0.0617  data_time: 0.0017  memory: 708  grad_norm: 3.2285  loss: 0.5949  loss_cls: 0.0016  loss_bbox: 0.0422  loss_centerness: 0.5511
2026/03/11 04:25:15 - mmengine - INFO - Epoch(train)  [71][1150/1154]  base_lr: 1.2500e-04 lr: 1.2500e-04  eta: 0:52:09  time: 0.0623  data_time: 0.0015  memory: 708  grad_norm: 3.0728  loss: 0.5904  loss_cls: 0.0020  loss_bbox: 0.0419  loss_centerness: 0.5465
2026/03/11 04:25:15 - mmengine - INFO - Exp name: fcos_minecraft_20260311_015948
2026/03/11 04:25:15 - mmengine - INFO - Saving checkpoint at 71 epochs
2026/03/11 04:25:17 - mmengine - INFO - Epoch(val)  [71][ 50/422]    eta: 0:00:06  time: 0.0165  data_time: 0.0007  memory: 708  
2026/03/11 04:25:18 - mmengine - INFO - Epoch(val)  [71][100/422]    eta: 0:00:05  time: 0.0161  data_time: 0.0005  memory: 403  
2026/03/11 04:25:19 - mmengine - INFO - Epoch(val)  [71][150/422]    eta: 0:00:04  time: 0.0162  data_time: 0.0008  memory: 403  
2026/03/11 04:25:20 - mmengine - INFO - Epoch(val)  [71][200/422]    eta: 0:00:03  time: 0.0160  data_time: 0.0004  memory: 403  
2026/03/11 04:25:21 - mmengine - INFO - Epoch(val)  [71][250/422]    eta: 0:00:02  time: 0.0163  data_time: 0.0005  memory: 403  
2026/03/11 04:25:22 - mmengine - INFO - Epoch(val)  [71][300/422]    eta: 0:00:01  time: 0.0164  data_time: 0.0003  memory: 403  
2026/03/11 04:25:22 - mmengine - INFO - Epoch(val)  [71][350/422]    eta: 0:00:01  time: 0.0162  data_time: 0.0013  memory: 403  
2026/03/11 04:25:23 - mmengine - INFO - Epoch(val)  [71][400/422]    eta: 0:00:00  time: 0.0169  data_time: 0.0010  memory: 403  
2026/03/11 04:25:24 - mmengine - INFO - Evaluating bbox...
2026/03/11 04:25:24 - mmengine - INFO - bbox_mAP_copypaste: 0.296 0.479 0.352 0.014 0.164 0.441
2026/03/11 04:25:24 - mmengine - INFO - Epoch(val) [71][422/422]    coco/bbox_mAP: 0.2960  coco/bbox_mAP_50: 0.4790  coco/bbox_mAP_75: 0.3520  coco/bbox_mAP_s: 0.0140  coco/bbox_mAP_m: 0.1640  coco/bbox_mAP_l: 0.4410  data_time: 0.0007  time: 0.0163
2026/03/11 04:25:27 - mmengine - INFO - Epoch(train)  [72][  50/1154]  base_lr: 1.2500e-04 lr: 1.2500e-04  eta: 0:52:03  time: 0.0620  data_time: 0.0013  memory: 708  grad_norm: 3.0211  loss: 0.5896  loss_cls: 0.0010  loss_bbox: 0.0400  loss_centerness: 0.5487
2026/03/11 04:25:28 - mmengine - INFO - Exp name: fcos_minecraft_20260311_015948
2026/03/11 04:25:30 - mmengine - INFO - Epoch(train)  [72][ 100/1154]  base_lr: 1.2500e-04 lr: 1.2500e-04  eta: 0:51:57  time: 0.0624  data_time: 0.0013  memory: 708  grad_norm: 3.0803  loss: 0.5945  loss_cls: 0.0011  loss_bbox: 0.0417  loss_centerness: 0.5517
2026/03/11 04:25:33 - mmengine - INFO - Epoch(train)  [72][ 150/1154]  base_lr: 1.2500e-04 lr: 1.2500e-04  eta: 0:51:52  time: 0.0621  data_time: 0.0012  memory: 708  grad_norm: 3.4858  loss: 0.5995  loss_cls: 0.0016  loss_bbox: 0.0478  loss_centerness: 0.5501
2026/03/11 04:25:37 - mmengine - INFO - Epoch(train)  [72][ 200/1154]  base_lr: 1.2500e-04 lr: 1.2500e-04  eta: 0:51:47  time: 0.0622  data_time: 0.0012  memory: 708  grad_norm: 3.2622  loss: 0.5988  loss_cls: 0.0013  loss_bbox: 0.0468  loss_centerness: 0.5508
2026/03/11 04:25:40 - mmengine - INFO - Epoch(train)  [72][ 250/1154]  base_lr: 1.2500e-04 lr: 1.2500e-04  eta: 0:51:42  time: 0.0623  data_time: 0.0012  memory: 708  grad_norm: 3.0877  loss: 0.5916  loss_cls: 0.0012  loss_bbox: 0.0398  loss_centerness: 0.5506
2026/03/11 04:25:43 - mmengine - INFO - Epoch(train)  [72][ 300/1154]  base_lr: 1.2500e-04 lr: 1.2500e-04  eta: 0:51:36  time: 0.0618  data_time: 0.0010  memory: 708  grad_norm: 3.2405  loss: 0.6027  loss_cls: 0.0016  loss_bbox: 0.0419  loss_centerness: 0.5592
2026/03/11 04:25:46 - mmengine - INFO - Epoch(train)  [72][ 350/1154]  base_lr: 1.2500e-04 lr: 1.2500e-04  eta: 0:51:31  time: 0.0621  data_time: 0.0011  memory: 708  grad_norm: 3.1716  loss: 0.5970  loss_cls: 0.0022  loss_bbox: 0.0465  loss_centerness: 0.5483
2026/03/11 04:25:49 - mmengine - INFO - Epoch(train)  [72][ 400/1154]  base_lr: 1.2500e-04 lr: 1.2500e-04  eta: 0:51:26  time: 0.0622  data_time: 0.0013  memory: 708  grad_norm: 3.0300  loss: 0.5886  loss_cls: 0.0011  loss_bbox: 0.0407  loss_centerness: 0.5469
2026/03/11 04:25:52 - mmengine - INFO - Epoch(train)  [72][ 450/1154]  base_lr: 1.2500e-04 lr: 1.2500e-04  eta: 0:51:20  time: 0.0620  data_time: 0.0012  memory: 708  grad_norm: 2.9585  loss: 0.5971  loss_cls: 0.0022  loss_bbox: 0.0431  loss_centerness: 0.5519
2026/03/11 04:25:55 - mmengine - INFO - Epoch(train)  [72][ 500/1154]  base_lr: 1.2500e-04 lr: 1.2500e-04  eta: 0:51:15  time: 0.0621  data_time: 0.0016  memory: 708  grad_norm: 3.2646  loss: 0.5903  loss_cls: 0.0013  loss_bbox: 0.0434  loss_centerness: 0.5456
2026/03/11 04:25:58 - mmengine - INFO - Epoch(train)  [72][ 550/1154]  base_lr: 1.2500e-04 lr: 1.2500e-04  eta: 0:51:10  time: 0.0621  data_time: 0.0010  memory: 708  grad_norm: 3.0425  loss: 0.5893  loss_cls: 0.0010  loss_bbox: 0.0385  loss_centerness: 0.5498
2026/03/11 04:26:01 - mmengine - INFO - Epoch(train)  [72][ 600/1154]  base_lr: 1.2500e-04 lr: 1.2500e-04  eta: 0:51:05  time: 0.0623  data_time: 0.0012  memory: 708  grad_norm: 2.9563  loss: 0.5922  loss_cls: 0.0009  loss_bbox: 0.0395  loss_centerness: 0.5519
2026/03/11 04:26:04 - mmengine - INFO - Epoch(train)  [72][ 650/1154]  base_lr: 1.2500e-04 lr: 1.2500e-04  eta: 0:50:59  time: 0.0621  data_time: 0.0013  memory: 708  grad_norm: 3.1906  loss: 0.5944  loss_cls: 0.0014  loss_bbox: 0.0405  loss_centerness: 0.5526
2026/03/11 04:26:08 - mmengine - INFO - Epoch(train)  [72][ 700/1154]  base_lr: 1.2500e-04 lr: 1.2500e-04  eta: 0:50:54  time: 0.0621  data_time: 0.0014  memory: 708  grad_norm: 2.8801  loss: 0.5959  loss_cls: 0.0017  loss_bbox: 0.0419  loss_centerness: 0.5522
2026/03/11 04:26:11 - mmengine - INFO - Epoch(train)  [72][ 750/1154]  base_lr: 1.2500e-04 lr: 1.2500e-04  eta: 0:50:49  time: 0.0627  data_time: 0.0015  memory: 708  grad_norm: 3.1556  loss: 0.5993  loss_cls: 0.0020  loss_bbox: 0.0471  loss_centerness: 0.5503
2026/03/11 04:26:14 - mmengine - INFO - Epoch(train)  [72][ 800/1154]  base_lr: 1.2500e-04 lr: 1.2500e-04  eta: 0:50:43  time: 0.0617  data_time: 0.0015  memory: 708  grad_norm: 3.0051  loss: 0.5920  loss_cls: 0.0018  loss_bbox: 0.0396  loss_centerness: 0.5506
2026/03/11 04:26:17 - mmengine - INFO - Epoch(train)  [72][ 850/1154]  base_lr: 1.2500e-04 lr: 1.2500e-04  eta: 0:50:38  time: 0.0620  data_time: 0.0016  memory: 708  grad_norm: 3.0479  loss: 0.5929  loss_cls: 0.0015  loss_bbox: 0.0394  loss_centerness: 0.5520
2026/03/11 04:26:20 - mmengine - INFO - Epoch(train)  [72][ 900/1154]  base_lr: 1.2500e-04 lr: 1.2500e-04  eta: 0:50:33  time: 0.0624  data_time: 0.0010  memory: 708  grad_norm: 3.1742  loss: 0.5892  loss_cls: 0.0020  loss_bbox: 0.0410  loss_centerness: 0.5462
2026/03/11 04:26:23 - mmengine - INFO - Epoch(train)  [72][ 950/1154]  base_lr: 1.2500e-04 lr: 1.2500e-04  eta: 0:50:28  time: 0.0622  data_time: 0.0013  memory: 708  grad_norm: 3.2036  loss: 0.5921  loss_cls: 0.0009  loss_bbox: 0.0396  loss_centerness: 0.5516
2026/03/11 04:26:26 - mmengine - INFO - Epoch(train)  [72][1000/1154]  base_lr: 1.2500e-04 lr: 1.2500e-04  eta: 0:50:22  time: 0.0622  data_time: 0.0010  memory: 708  grad_norm: 3.4727  loss: 0.5866  loss_cls: 0.0020  loss_bbox: 0.0444  loss_centerness: 0.5403
2026/03/11 04:26:29 - mmengine - INFO - Epoch(train)  [72][1050/1154]  base_lr: 1.2500e-04 lr: 1.2500e-04  eta: 0:50:17  time: 0.0618  data_time: 0.0015  memory: 708  grad_norm: 3.5065  loss: 0.6019  loss_cls: 0.0018  loss_bbox: 0.0475  loss_centerness: 0.5527
2026/03/11 04:26:30 - mmengine - INFO - Exp name: fcos_minecraft_20260311_015948
2026/03/11 04:26:33 - mmengine - INFO - Epoch(train)  [72][1100/1154]  base_lr: 1.2500e-04 lr: 1.2500e-04  eta: 0:50:12  time: 0.0626  data_time: 0.0010  memory: 708  grad_norm: 3.0405  loss: 0.6003  loss_cls: 0.0016  loss_bbox: 0.0463  loss_centerness: 0.5524
2026/03/11 04:26:36 - mmengine - INFO - Epoch(train)  [72][1150/1154]  base_lr: 1.2500e-04 lr: 1.2500e-04  eta: 0:50:07  time: 0.0622  data_time: 0.0009  memory: 708  grad_norm: 2.9026  loss: 0.5885  loss_cls: 0.0012  loss_bbox: 0.0367  loss_centerness: 0.5506
2026/03/11 04:26:36 - mmengine - INFO - Exp name: fcos_minecraft_20260311_015948
2026/03/11 04:26:36 - mmengine - INFO - Saving checkpoint at 72 epochs
2026/03/11 04:26:38 - mmengine - INFO - Epoch(val)  [72][ 50/422]    eta: 0:00:06  time: 0.0164  data_time: 0.0009  memory: 708  
2026/03/11 04:26:39 - mmengine - INFO - Epoch(val)  [72][100/422]    eta: 0:00:05  time: 0.0161  data_time: 0.0004  memory: 403  
2026/03/11 04:26:40 - mmengine - INFO - Epoch(val)  [72][150/422]    eta: 0:00:04  time: 0.0162  data_time: 0.0006  memory: 403  
2026/03/11 04:26:41 - mmengine - INFO - Epoch(val)  [72][200/422]    eta: 0:00:03  time: 0.0162  data_time: 0.0007  memory: 403  
2026/03/11 04:26:41 - mmengine - INFO - Epoch(val)  [72][250/422]    eta: 0:00:02  time: 0.0167  data_time: 0.0007  memory: 403  
2026/03/11 04:26:42 - mmengine - INFO - Epoch(val)  [72][300/422]    eta: 0:00:01  time: 0.0164  data_time: 0.0003  memory: 403  
2026/03/11 04:26:43 - mmengine - INFO - Epoch(val)  [72][350/422]    eta: 0:00:01  time: 0.0164  data_time: 0.0004  memory: 403  
2026/03/11 04:26:44 - mmengine - INFO - Epoch(val)  [72][400/422]    eta: 0:00:00  time: 0.0163  data_time: 0.0006  memory: 403  
2026/03/11 04:26:44 - mmengine - INFO - Evaluating bbox...
2026/03/11 04:26:45 - mmengine - INFO - bbox_mAP_copypaste: 0.298 0.479 0.343 0.022 0.148 0.451
2026/03/11 04:26:45 - mmengine - INFO - Epoch(val) [72][422/422]    coco/bbox_mAP: 0.2980  coco/bbox_mAP_50: 0.4790  coco/bbox_mAP_75: 0.3430  coco/bbox_mAP_s: 0.0220  coco/bbox_mAP_m: 0.1480  coco/bbox_mAP_l: 0.4510  data_time: 0.0006  time: 0.0163
2026/03/11 04:26:48 - mmengine - INFO - Epoch(train)  [73][  50/1154]  base_lr: 1.2500e-04 lr: 1.2500e-04  eta: 0:50:01  time: 0.0620  data_time: 0.0018  memory: 708  grad_norm: 3.1715  loss: 0.5820  loss_cls: 0.0013  loss_bbox: 0.0384  loss_centerness: 0.5424
2026/03/11 04:26:51 - mmengine - INFO - Epoch(train)  [73][ 100/1154]  base_lr: 1.2500e-04 lr: 1.2500e-04  eta: 0:49:56  time: 0.0622  data_time: 0.0012  memory: 708  grad_norm: 2.9922  loss: 0.5920  loss_cls: 0.0014  loss_bbox: 0.0438  loss_centerness: 0.5468
2026/03/11 04:26:54 - mmengine - INFO - Epoch(train)  [73][ 150/1154]  base_lr: 1.2500e-04 lr: 1.2500e-04  eta: 0:49:50  time: 0.0621  data_time: 0.0015  memory: 708  grad_norm: 2.8187  loss: 0.5923  loss_cls: 0.0015  loss_bbox: 0.0381  loss_centerness: 0.5527
2026/03/11 04:26:57 - mmengine - INFO - Epoch(train)  [73][ 200/1154]  base_lr: 1.2500e-04 lr: 1.2500e-04  eta: 0:49:45  time: 0.0622  data_time: 0.0014  memory: 708  grad_norm: 3.2256  loss: 0.5908  loss_cls: 0.0011  loss_bbox: 0.0378  loss_centerness: 0.5519
2026/03/11 04:27:00 - mmengine - INFO - Epoch(train)  [73][ 250/1154]  base_lr: 1.2500e-04 lr: 1.2500e-04  eta: 0:49:40  time: 0.0621  data_time: 0.0017  memory: 708  grad_norm: 3.2354  loss: 0.5865  loss_cls: 0.0013  loss_bbox: 0.0392  loss_centerness: 0.5459
2026/03/11 04:27:03 - mmengine - INFO - Epoch(train)  [73][ 300/1154]  base_lr: 1.2500e-04 lr: 1.2500e-04  eta: 0:49:35  time: 0.0623  data_time: 0.0013  memory: 708  grad_norm: 3.2667  loss: 0.5987  loss_cls: 0.0012  loss_bbox: 0.0411  loss_centerness: 0.5565
2026/03/11 04:27:06 - mmengine - INFO - Epoch(train)  [73][ 350/1154]  base_lr: 1.2500e-04 lr: 1.2500e-04  eta: 0:49:29  time: 0.0622  data_time: 0.0010  memory: 708  grad_norm: 3.2042  loss: 0.5884  loss_cls: 0.0016  loss_bbox: 0.0390  loss_centerness: 0.5479
2026/03/11 04:27:10 - mmengine - INFO - Epoch(train)  [73][ 400/1154]  base_lr: 1.2500e-04 lr: 1.2500e-04  eta: 0:49:24  time: 0.0622  data_time: 0.0014  memory: 708  grad_norm: 3.2329  loss: 0.5931  loss_cls: 0.0011  loss_bbox: 0.0421  loss_centerness: 0.5499
2026/03/11 04:27:13 - mmengine - INFO - Epoch(train)  [73][ 450/1154]  base_lr: 1.2500e-04 lr: 1.2500e-04  eta: 0:49:19  time: 0.0619  data_time: 0.0010  memory: 708  grad_norm: 2.8718  loss: 0.5899  loss_cls: 0.0009  loss_bbox: 0.0394  loss_centerness: 0.5497
2026/03/11 04:27:16 - mmengine - INFO - Epoch(train)  [73][ 500/1154]  base_lr: 1.2500e-04 lr: 1.2500e-04  eta: 0:49:14  time: 0.0622  data_time: 0.0012  memory: 708  grad_norm: 3.0165  loss: 0.5863  loss_cls: 0.0010  loss_bbox: 0.0382  loss_centerness: 0.5471
2026/03/11 04:27:19 - mmengine - INFO - Epoch(train)  [73][ 550/1154]  base_lr: 1.2500e-04 lr: 1.2500e-04  eta: 0:49:09  time: 0.0623  data_time: 0.0011  memory: 708  grad_norm: 3.2520  loss: 0.5947  loss_cls: 0.0012  loss_bbox: 0.0389  loss_centerness: 0.5546
2026/03/11 04:27:22 - mmengine - INFO - Epoch(train)  [73][ 600/1154]  base_lr: 1.2500e-04 lr: 1.2500e-04  eta: 0:49:03  time: 0.0632  data_time: 0.0015  memory: 708  grad_norm: 2.8110  loss: 0.5919  loss_cls: 0.0022  loss_bbox: 0.0392  loss_centerness: 0.5505
2026/03/11 04:27:25 - mmengine - INFO - Epoch(train)  [73][ 650/1154]  base_lr: 1.2500e-04 lr: 1.2500e-04  eta: 0:48:58  time: 0.0619  data_time: 0.0014  memory: 708  grad_norm: 3.0251  loss: 0.5801  loss_cls: 0.0008  loss_bbox: 0.0354  loss_centerness: 0.5439
2026/03/11 04:27:28 - mmengine - INFO - Epoch(train)  [73][ 700/1154]  base_lr: 1.2500e-04 lr: 1.2500e-04  eta: 0:48:53  time: 0.0624  data_time: 0.0014  memory: 708  grad_norm: 2.9919  loss: 0.5910  loss_cls: 0.0011  loss_bbox: 0.0386  loss_centerness: 0.5512
2026/03/11 04:27:31 - mmengine - INFO - Epoch(train)  [73][ 750/1154]  base_lr: 1.2500e-04 lr: 1.2500e-04  eta: 0:48:48  time: 0.0621  data_time: 0.0012  memory: 708  grad_norm: 2.7218  loss: 0.5868  loss_cls: 0.0018  loss_bbox: 0.0388  loss_centerness: 0.5461
2026/03/11 04:27:35 - mmengine - INFO - Epoch(train)  [73][ 800/1154]  base_lr: 1.2500e-04 lr: 1.2500e-04  eta: 0:48:42  time: 0.0620  data_time: 0.0011  memory: 708  grad_norm: 2.9284  loss: 0.5868  loss_cls: 0.0009  loss_bbox: 0.0374  loss_centerness: 0.5485
2026/03/11 04:27:38 - mmengine - INFO - Epoch(train)  [73][ 850/1154]  base_lr: 1.2500e-04 lr: 1.2500e-04  eta: 0:48:37  time: 0.0625  data_time: 0.0009  memory: 708  grad_norm: 3.0037  loss: 0.5952  loss_cls: 0.0012  loss_bbox: 0.0409  loss_centerness: 0.5531
2026/03/11 04:27:41 - mmengine - INFO - Epoch(train)  [73][ 900/1154]  base_lr: 1.2500e-04 lr: 1.2500e-04  eta: 0:48:32  time: 0.0623  data_time: 0.0012  memory: 708  grad_norm: 3.2762  loss: 0.5874  loss_cls: 0.0008  loss_bbox: 0.0359  loss_centerness: 0.5507
2026/03/11 04:27:42 - mmengine - INFO - Exp name: fcos_minecraft_20260311_015948
2026/03/11 04:27:44 - mmengine - INFO - Epoch(train)  [73][ 950/1154]  base_lr: 1.2500e-04 lr: 1.2500e-04  eta: 0:48:27  time: 0.0624  data_time: 0.0010  memory: 708  grad_norm: 2.9739  loss: 0.5886  loss_cls: 0.0011  loss_bbox: 0.0393  loss_centerness: 0.5483
2026/03/11 04:27:47 - mmengine - INFO - Epoch(train)  [73][1000/1154]  base_lr: 1.2500e-04 lr: 1.2500e-04  eta: 0:48:22  time: 0.0620  data_time: 0.0010  memory: 708  grad_norm: 2.7541  loss: 0.5833  loss_cls: 0.0009  loss_bbox: 0.0352  loss_centerness: 0.5471
2026/03/11 04:27:50 - mmengine - INFO - Epoch(train)  [73][1050/1154]  base_lr: 1.2500e-04 lr: 1.2500e-04  eta: 0:48:16  time: 0.0621  data_time: 0.0013  memory: 708  grad_norm: 3.2160  loss: 0.5956  loss_cls: 0.0015  loss_bbox: 0.0414  loss_centerness: 0.5527
2026/03/11 04:27:53 - mmengine - INFO - Epoch(train)  [73][1100/1154]  base_lr: 1.2500e-04 lr: 1.2500e-04  eta: 0:48:11  time: 0.0624  data_time: 0.0016  memory: 708  grad_norm: 3.3664  loss: 0.5975  loss_cls: 0.0029  loss_bbox: 0.0462  loss_centerness: 0.5484
2026/03/11 04:27:56 - mmengine - INFO - Epoch(train)  [73][1150/1154]  base_lr: 1.2500e-04 lr: 1.2500e-04  eta: 0:48:06  time: 0.0621  data_time: 0.0016  memory: 708  grad_norm: 2.7106  loss: 0.5904  loss_cls: 0.0011  loss_bbox: 0.0365  loss_centerness: 0.5528
2026/03/11 04:27:57 - mmengine - INFO - Exp name: fcos_minecraft_20260311_015948
2026/03/11 04:27:57 - mmengine - INFO - Saving checkpoint at 73 epochs
2026/03/11 04:27:59 - mmengine - INFO - Epoch(val)  [73][ 50/422]    eta: 0:00:06  time: 0.0163  data_time: 0.0005  memory: 708  
2026/03/11 04:28:00 - mmengine - INFO - Epoch(val)  [73][100/422]    eta: 0:00:05  time: 0.0160  data_time: 0.0001  memory: 403  
2026/03/11 04:28:01 - mmengine - INFO - Epoch(val)  [73][150/422]    eta: 0:00:04  time: 0.0162  data_time: 0.0007  memory: 403  
2026/03/11 04:28:01 - mmengine - INFO - Epoch(val)  [73][200/422]    eta: 0:00:03  time: 0.0162  data_time: 0.0006  memory: 403  
2026/03/11 04:28:02 - mmengine - INFO - Epoch(val)  [73][250/422]    eta: 0:00:02  time: 0.0164  data_time: 0.0007  memory: 403  
2026/03/11 04:28:03 - mmengine - INFO - Epoch(val)  [73][300/422]    eta: 0:00:01  time: 0.0167  data_time: 0.0008  memory: 403  
2026/03/11 04:28:04 - mmengine - INFO - Epoch(val)  [73][350/422]    eta: 0:00:01  time: 0.0165  data_time: 0.0009  memory: 403  
2026/03/11 04:28:05 - mmengine - INFO - Epoch(val)  [73][400/422]    eta: 0:00:00  time: 0.0171  data_time: 0.0006  memory: 403  
2026/03/11 04:28:05 - mmengine - INFO - Evaluating bbox...
2026/03/11 04:28:05 - mmengine - INFO - bbox_mAP_copypaste: 0.300 0.479 0.353 0.014 0.145 0.453
2026/03/11 04:28:05 - mmengine - INFO - Epoch(val) [73][422/422]    coco/bbox_mAP: 0.3000  coco/bbox_mAP_50: 0.4790  coco/bbox_mAP_75: 0.3530  coco/bbox_mAP_s: 0.0140  coco/bbox_mAP_m: 0.1450  coco/bbox_mAP_l: 0.4530  data_time: 0.0006  time: 0.0164
2026/03/11 04:28:09 - mmengine - INFO - Epoch(train)  [74][  50/1154]  base_lr: 1.2500e-04 lr: 1.2500e-04  eta: 0:48:00  time: 0.0623  data_time: 0.0010  memory: 708  grad_norm: 2.9420  loss: 0.5923  loss_cls: 0.0013  loss_bbox: 0.0381  loss_centerness: 0.5529
2026/03/11 04:28:12 - mmengine - INFO - Epoch(train)  [74][ 100/1154]  base_lr: 1.2500e-04 lr: 1.2500e-04  eta: 0:47:55  time: 0.0620  data_time: 0.0011  memory: 708  grad_norm: 2.8939  loss: 0.5897  loss_cls: 0.0011  loss_bbox: 0.0398  loss_centerness: 0.5488
2026/03/11 04:28:15 - mmengine - INFO - Epoch(train)  [74][ 150/1154]  base_lr: 1.2500e-04 lr: 1.2500e-04  eta: 0:47:50  time: 0.0623  data_time: 0.0014  memory: 708  grad_norm: 2.7445  loss: 0.5832  loss_cls: 0.0011  loss_bbox: 0.0322  loss_centerness: 0.5499
2026/03/11 04:28:18 - mmengine - INFO - Epoch(train)  [74][ 200/1154]  base_lr: 1.2500e-04 lr: 1.2500e-04  eta: 0:47:45  time: 0.0621  data_time: 0.0010  memory: 708  grad_norm: 2.7828  loss: 0.5840  loss_cls: 0.0015  loss_bbox: 0.0367  loss_centerness: 0.5458
2026/03/11 04:28:21 - mmengine - INFO - Epoch(train)  [74][ 250/1154]  base_lr: 1.2500e-04 lr: 1.2500e-04  eta: 0:47:40  time: 0.0620  data_time: 0.0012  memory: 708  grad_norm: 3.1528  loss: 0.5963  loss_cls: 0.0013  loss_bbox: 0.0364  loss_centerness: 0.5586
2026/03/11 04:28:24 - mmengine - INFO - Epoch(train)  [74][ 300/1154]  base_lr: 1.2500e-04 lr: 1.2500e-04  eta: 0:47:34  time: 0.0623  data_time: 0.0014  memory: 708  grad_norm: 2.9708  loss: 0.5875  loss_cls: 0.0012  loss_bbox: 0.0358  loss_centerness: 0.5505
2026/03/11 04:28:27 - mmengine - INFO - Epoch(train)  [74][ 350/1154]  base_lr: 1.2500e-04 lr: 1.2500e-04  eta: 0:47:29  time: 0.0621  data_time: 0.0013  memory: 708  grad_norm: 2.9628  loss: 0.5877  loss_cls: 0.0012  loss_bbox: 0.0376  loss_centerness: 0.5489
2026/03/11 04:28:30 - mmengine - INFO - Epoch(train)  [74][ 400/1154]  base_lr: 1.2500e-04 lr: 1.2500e-04  eta: 0:47:24  time: 0.0623  data_time: 0.0009  memory: 708  grad_norm: 3.0778  loss: 0.5800  loss_cls: 0.0009  loss_bbox: 0.0368  loss_centerness: 0.5424
2026/03/11 04:28:34 - mmengine - INFO - Epoch(train)  [74][ 450/1154]  base_lr: 1.2500e-04 lr: 1.2500e-04  eta: 0:47:19  time: 0.0622  data_time: 0.0015  memory: 708  grad_norm: 2.9227  loss: 0.5909  loss_cls: 0.0012  loss_bbox: 0.0384  loss_centerness: 0.5514
2026/03/11 04:28:37 - mmengine - INFO - Epoch(train)  [74][ 500/1154]  base_lr: 1.2500e-04 lr: 1.2500e-04  eta: 0:47:14  time: 0.0618  data_time: 0.0011  memory: 708  grad_norm: 2.7080  loss: 0.5906  loss_cls: 0.0009  loss_bbox: 0.0365  loss_centerness: 0.5531
2026/03/11 04:28:40 - mmengine - INFO - Epoch(train)  [74][ 550/1154]  base_lr: 1.2500e-04 lr: 1.2500e-04  eta: 0:47:09  time: 0.0625  data_time: 0.0011  memory: 708  grad_norm: 3.2793  loss: 0.5942  loss_cls: 0.0014  loss_bbox: 0.0430  loss_centerness: 0.5497
2026/03/11 04:28:43 - mmengine - INFO - Epoch(train)  [74][ 600/1154]  base_lr: 1.2500e-04 lr: 1.2500e-04  eta: 0:47:03  time: 0.0622  data_time: 0.0012  memory: 708  grad_norm: 3.0336  loss: 0.5895  loss_cls: 0.0013  loss_bbox: 0.0430  loss_centerness: 0.5452
2026/03/11 04:28:46 - mmengine - INFO - Epoch(train)  [74][ 650/1154]  base_lr: 1.2500e-04 lr: 1.2500e-04  eta: 0:46:58  time: 0.0619  data_time: 0.0011  memory: 708  grad_norm: 3.0200  loss: 0.5840  loss_cls: 0.0011  loss_bbox: 0.0366  loss_centerness: 0.5462
2026/03/11 04:28:49 - mmengine - INFO - Epoch(train)  [74][ 700/1154]  base_lr: 1.2500e-04 lr: 1.2500e-04  eta: 0:46:53  time: 0.0622  data_time: 0.0017  memory: 708  grad_norm: 2.9501  loss: 0.5915  loss_cls: 0.0019  loss_bbox: 0.0402  loss_centerness: 0.5494
2026/03/11 04:28:52 - mmengine - INFO - Epoch(train)  [74][ 750/1154]  base_lr: 1.2500e-04 lr: 1.2500e-04  eta: 0:46:48  time: 0.0621  data_time: 0.0011  memory: 708  grad_norm: 3.0685  loss: 0.5942  loss_cls: 0.0010  loss_bbox: 0.0374  loss_centerness: 0.5558
2026/03/11 04:28:53 - mmengine - INFO - Exp name: fcos_minecraft_20260311_015948
2026/03/11 04:28:55 - mmengine - INFO - Epoch(train)  [74][ 800/1154]  base_lr: 1.2500e-04 lr: 1.2500e-04  eta: 0:46:43  time: 0.0623  data_time: 0.0013  memory: 708  grad_norm: 3.3156  loss: 0.5902  loss_cls: 0.0012  loss_bbox: 0.0414  loss_centerness: 0.5476
2026/03/11 04:28:58 - mmengine - INFO - Epoch(train)  [74][ 850/1154]  base_lr: 1.2500e-04 lr: 1.2500e-04  eta: 0:46:38  time: 0.0622  data_time: 0.0012  memory: 708  grad_norm: 3.0968  loss: 0.5918  loss_cls: 0.0021  loss_bbox: 0.0382  loss_centerness: 0.5514
2026/03/11 04:29:02 - mmengine - INFO - Epoch(train)  [74][ 900/1154]  base_lr: 1.2500e-04 lr: 1.2500e-04  eta: 0:46:33  time: 0.0623  data_time: 0.0012  memory: 708  grad_norm: 2.9903  loss: 0.5811  loss_cls: 0.0009  loss_bbox: 0.0349  loss_centerness: 0.5453
2026/03/11 04:29:05 - mmengine - INFO - Epoch(train)  [74][ 950/1154]  base_lr: 1.2500e-04 lr: 1.2500e-04  eta: 0:46:27  time: 0.0622  data_time: 0.0013  memory: 708  grad_norm: 3.1084  loss: 0.5847  loss_cls: 0.0012  loss_bbox: 0.0365  loss_centerness: 0.5470
2026/03/11 04:29:08 - mmengine - INFO - Epoch(train)  [74][1000/1154]  base_lr: 1.2500e-04 lr: 1.2500e-04  eta: 0:46:22  time: 0.0620  data_time: 0.0013  memory: 708  grad_norm: 2.9511  loss: 0.5888  loss_cls: 0.0010  loss_bbox: 0.0354  loss_centerness: 0.5524
2026/03/11 04:29:11 - mmengine - INFO - Epoch(train)  [74][1050/1154]  base_lr: 1.2500e-04 lr: 1.2500e-04  eta: 0:46:17  time: 0.0625  data_time: 0.0013  memory: 708  grad_norm: 3.1769  loss: 0.5908  loss_cls: 0.0014  loss_bbox: 0.0412  loss_centerness: 0.5482
2026/03/11 04:29:14 - mmengine - INFO - Epoch(train)  [74][1100/1154]  base_lr: 1.2500e-04 lr: 1.2500e-04  eta: 0:46:12  time: 0.0625  data_time: 0.0012  memory: 708  grad_norm: 3.2702  loss: 0.5881  loss_cls: 0.0014  loss_bbox: 0.0390  loss_centerness: 0.5476
2026/03/11 04:29:17 - mmengine - INFO - Epoch(train)  [74][1150/1154]  base_lr: 1.2500e-04 lr: 1.2500e-04  eta: 0:46:07  time: 0.0621  data_time: 0.0008  memory: 708  grad_norm: 2.9498  loss: 0.5829  loss_cls: 0.0007  loss_bbox: 0.0318  loss_centerness: 0.5505
2026/03/11 04:29:17 - mmengine - INFO - Exp name: fcos_minecraft_20260311_015948
2026/03/11 04:29:17 - mmengine - INFO - Saving checkpoint at 74 epochs
2026/03/11 04:29:20 - mmengine - INFO - Epoch(val)  [74][ 50/422]    eta: 0:00:06  time: 0.0163  data_time: 0.0007  memory: 708  
2026/03/11 04:29:21 - mmengine - INFO - Epoch(val)  [74][100/422]    eta: 0:00:05  time: 0.0160  data_time: 0.0004  memory: 403  
2026/03/11 04:29:21 - mmengine - INFO - Epoch(val)  [74][150/422]    eta: 0:00:04  time: 0.0163  data_time: 0.0006  memory: 403  
2026/03/11 04:29:22 - mmengine - INFO - Epoch(val)  [74][200/422]    eta: 0:00:03  time: 0.0165  data_time: 0.0005  memory: 403  
2026/03/11 04:29:23 - mmengine - INFO - Epoch(val)  [74][250/422]    eta: 0:00:02  time: 0.0164  data_time: 0.0006  memory: 403  
2026/03/11 04:29:24 - mmengine - INFO - Epoch(val)  [74][300/422]    eta: 0:00:01  time: 0.0166  data_time: 0.0005  memory: 403  
2026/03/11 04:29:25 - mmengine - INFO - Epoch(val)  [74][350/422]    eta: 0:00:01  time: 0.0163  data_time: 0.0006  memory: 403  
2026/03/11 04:29:26 - mmengine - INFO - Epoch(val)  [74][400/422]    eta: 0:00:00  time: 0.0163  data_time: 0.0004  memory: 403  
2026/03/11 04:29:26 - mmengine - INFO - Evaluating bbox...
2026/03/11 04:29:26 - mmengine - INFO - bbox_mAP_copypaste: 0.297 0.479 0.346 0.015 0.146 0.448
2026/03/11 04:29:26 - mmengine - INFO - Epoch(val) [74][422/422]    coco/bbox_mAP: 0.2970  coco/bbox_mAP_50: 0.4790  coco/bbox_mAP_75: 0.3460  coco/bbox_mAP_s: 0.0150  coco/bbox_mAP_m: 0.1460  coco/bbox_mAP_l: 0.4480  data_time: 0.0005  time: 0.0163
2026/03/11 04:29:29 - mmengine - INFO - Epoch(train)  [75][  50/1154]  base_lr: 1.2500e-04 lr: 1.2500e-04  eta: 0:46:01  time: 0.0624  data_time: 0.0014  memory: 708  grad_norm: 2.9934  loss: 0.5872  loss_cls: 0.0010  loss_bbox: 0.0331  loss_centerness: 0.5531
2026/03/11 04:29:32 - mmengine - INFO - Epoch(train)  [75][ 100/1154]  base_lr: 1.2500e-04 lr: 1.2500e-04  eta: 0:45:56  time: 0.0620  data_time: 0.0012  memory: 708  grad_norm: 2.9493  loss: 0.5865  loss_cls: 0.0011  loss_bbox: 0.0369  loss_centerness: 0.5484
2026/03/11 04:29:36 - mmengine - INFO - Epoch(train)  [75][ 150/1154]  base_lr: 1.2500e-04 lr: 1.2500e-04  eta: 0:45:51  time: 0.0631  data_time: 0.0012  memory: 708  grad_norm: 3.0855  loss: 0.5889  loss_cls: 0.0015  loss_bbox: 0.0389  loss_centerness: 0.5485
2026/03/11 04:29:39 - mmengine - INFO - Epoch(train)  [75][ 200/1154]  base_lr: 1.2500e-04 lr: 1.2500e-04  eta: 0:45:46  time: 0.0620  data_time: 0.0007  memory: 708  grad_norm: 2.7830  loss: 0.5932  loss_cls: 0.0013  loss_bbox: 0.0391  loss_centerness: 0.5529
2026/03/11 04:29:42 - mmengine - INFO - Epoch(train)  [75][ 250/1154]  base_lr: 1.2500e-04 lr: 1.2500e-04  eta: 0:45:41  time: 0.0624  data_time: 0.0010  memory: 708  grad_norm: 3.0084  loss: 0.5867  loss_cls: 0.0010  loss_bbox: 0.0356  loss_centerness: 0.5501
2026/03/11 04:29:45 - mmengine - INFO - Epoch(train)  [75][ 300/1154]  base_lr: 1.2500e-04 lr: 1.2500e-04  eta: 0:45:36  time: 0.0622  data_time: 0.0013  memory: 708  grad_norm: 2.5619  loss: 0.5854  loss_cls: 0.0010  loss_bbox: 0.0319  loss_centerness: 0.5525
2026/03/11 04:29:48 - mmengine - INFO - Epoch(train)  [75][ 350/1154]  base_lr: 1.2500e-04 lr: 1.2500e-04  eta: 0:45:30  time: 0.0620  data_time: 0.0013  memory: 708  grad_norm: 3.1386  loss: 0.5810  loss_cls: 0.0011  loss_bbox: 0.0380  loss_centerness: 0.5419
2026/03/11 04:29:51 - mmengine - INFO - Epoch(train)  [75][ 400/1154]  base_lr: 1.2500e-04 lr: 1.2500e-04  eta: 0:45:25  time: 0.0622  data_time: 0.0010  memory: 708  grad_norm: 2.9350  loss: 0.5787  loss_cls: 0.0009  loss_bbox: 0.0339  loss_centerness: 0.5439
2026/03/11 04:29:54 - mmengine - INFO - Epoch(train)  [75][ 450/1154]  base_lr: 1.2500e-04 lr: 1.2500e-04  eta: 0:45:20  time: 0.0623  data_time: 0.0014  memory: 708  grad_norm: 3.0287  loss: 0.5867  loss_cls: 0.0008  loss_bbox: 0.0370  loss_centerness: 0.5490
2026/03/11 04:29:57 - mmengine - INFO - Epoch(train)  [75][ 500/1154]  base_lr: 1.2500e-04 lr: 1.2500e-04  eta: 0:45:15  time: 0.0620  data_time: 0.0011  memory: 708  grad_norm: 2.9161  loss: 0.5828  loss_cls: 0.0008  loss_bbox: 0.0326  loss_centerness: 0.5494
2026/03/11 04:30:01 - mmengine - INFO - Epoch(train)  [75][ 550/1154]  base_lr: 1.2500e-04 lr: 1.2500e-04  eta: 0:45:10  time: 0.0624  data_time: 0.0011  memory: 708  grad_norm: 2.8785  loss: 0.5906  loss_cls: 0.0010  loss_bbox: 0.0356  loss_centerness: 0.5540
2026/03/11 04:30:04 - mmengine - INFO - Epoch(train)  [75][ 600/1154]  base_lr: 1.2500e-04 lr: 1.2500e-04  eta: 0:45:05  time: 0.0618  data_time: 0.0011  memory: 708  grad_norm: 3.0631  loss: 0.5846  loss_cls: 0.0009  loss_bbox: 0.0364  loss_centerness: 0.5473
2026/03/11 04:30:04 - mmengine - INFO - Exp name: fcos_minecraft_20260311_015948
2026/03/11 04:30:07 - mmengine - INFO - Epoch(train)  [75][ 650/1154]  base_lr: 1.2500e-04 lr: 1.2500e-04  eta: 0:45:00  time: 0.0624  data_time: 0.0013  memory: 708  grad_norm: 2.7167  loss: 0.5931  loss_cls: 0.0012  loss_bbox: 0.0333  loss_centerness: 0.5586
2026/03/11 04:30:10 - mmengine - INFO - Epoch(train)  [75][ 700/1154]  base_lr: 1.2500e-04 lr: 1.2500e-04  eta: 0:44:55  time: 0.0625  data_time: 0.0015  memory: 708  grad_norm: 3.1350  loss: 0.5842  loss_cls: 0.0019  loss_bbox: 0.0358  loss_centerness: 0.5465
2026/03/11 04:30:13 - mmengine - INFO - Epoch(train)  [75][ 750/1154]  base_lr: 1.2500e-04 lr: 1.2500e-04  eta: 0:44:50  time: 0.0620  data_time: 0.0010  memory: 708  grad_norm: 2.9418  loss: 0.5867  loss_cls: 0.0010  loss_bbox: 0.0366  loss_centerness: 0.5491
2026/03/11 04:30:16 - mmengine - INFO - Epoch(train)  [75][ 800/1154]  base_lr: 1.2500e-04 lr: 1.2500e-04  eta: 0:44:44  time: 0.0622  data_time: 0.0010  memory: 708  grad_norm: 3.0612  loss: 0.5910  loss_cls: 0.0026  loss_bbox: 0.0370  loss_centerness: 0.5514
2026/03/11 04:30:19 - mmengine - INFO - Epoch(train)  [75][ 850/1154]  base_lr: 1.2500e-04 lr: 1.2500e-04  eta: 0:44:39  time: 0.0618  data_time: 0.0010  memory: 708  grad_norm: 3.0035  loss: 0.5876  loss_cls: 0.0011  loss_bbox: 0.0374  loss_centerness: 0.5491
2026/03/11 04:30:22 - mmengine - INFO - Epoch(train)  [75][ 900/1154]  base_lr: 1.2500e-04 lr: 1.2500e-04  eta: 0:44:34  time: 0.0624  data_time: 0.0014  memory: 708  grad_norm: 2.8526  loss: 0.5895  loss_cls: 0.0019  loss_bbox: 0.0373  loss_centerness: 0.5503
2026/03/11 04:30:25 - mmengine - INFO - Epoch(train)  [75][ 950/1154]  base_lr: 1.2500e-04 lr: 1.2500e-04  eta: 0:44:29  time: 0.0623  data_time: 0.0012  memory: 708  grad_norm: 2.9711  loss: 0.5864  loss_cls: 0.0016  loss_bbox: 0.0369  loss_centerness: 0.5479
2026/03/11 04:30:29 - mmengine - INFO - Epoch(train)  [75][1000/1154]  base_lr: 1.2500e-04 lr: 1.2500e-04  eta: 0:44:24  time: 0.0620  data_time: 0.0011  memory: 708  grad_norm: 3.1312  loss: 0.5875  loss_cls: 0.0010  loss_bbox: 0.0387  loss_centerness: 0.5477
2026/03/11 04:30:32 - mmengine - INFO - Epoch(train)  [75][1050/1154]  base_lr: 1.2500e-04 lr: 1.2500e-04  eta: 0:44:19  time: 0.0623  data_time: 0.0017  memory: 708  grad_norm: 3.1039  loss: 0.5855  loss_cls: 0.0009  loss_bbox: 0.0360  loss_centerness: 0.5486
2026/03/11 04:30:35 - mmengine - INFO - Epoch(train)  [75][1100/1154]  base_lr: 1.2500e-04 lr: 1.2500e-04  eta: 0:44:14  time: 0.0621  data_time: 0.0009  memory: 708  grad_norm: 3.2790  loss: 0.6049  loss_cls: 0.0013  loss_bbox: 0.0451  loss_centerness: 0.5585
2026/03/11 04:30:38 - mmengine - INFO - Epoch(train)  [75][1150/1154]  base_lr: 1.2500e-04 lr: 1.2500e-04  eta: 0:44:09  time: 0.0622  data_time: 0.0008  memory: 708  grad_norm: 2.7574  loss: 0.5875  loss_cls: 0.0011  loss_bbox: 0.0349  loss_centerness: 0.5515
2026/03/11 04:30:38 - mmengine - INFO - Exp name: fcos_minecraft_20260311_015948
2026/03/11 04:30:38 - mmengine - INFO - Saving checkpoint at 75 epochs
2026/03/11 04:30:40 - mmengine - INFO - Epoch(val)  [75][ 50/422]    eta: 0:00:06  time: 0.0167  data_time: 0.0009  memory: 708  
2026/03/11 04:30:41 - mmengine - INFO - Epoch(val)  [75][100/422]    eta: 0:00:05  time: 0.0163  data_time: 0.0009  memory: 403  
2026/03/11 04:30:42 - mmengine - INFO - Epoch(val)  [75][150/422]    eta: 0:00:04  time: 0.0165  data_time: 0.0006  memory: 403  
2026/03/11 04:30:43 - mmengine - INFO - Epoch(val)  [75][200/422]    eta: 0:00:03  time: 0.0160  data_time: 0.0005  memory: 403  
2026/03/11 04:30:44 - mmengine - INFO - Epoch(val)  [75][250/422]    eta: 0:00:02  time: 0.0163  data_time: 0.0006  memory: 403  
2026/03/11 04:30:45 - mmengine - INFO - Epoch(val)  [75][300/422]    eta: 0:00:02  time: 0.0168  data_time: 0.0004  memory: 403  
2026/03/11 04:30:45 - mmengine - INFO - Epoch(val)  [75][350/422]    eta: 0:00:01  time: 0.0166  data_time: 0.0007  memory: 403  
2026/03/11 04:30:46 - mmengine - INFO - Epoch(val)  [75][400/422]    eta: 0:00:00  time: 0.0164  data_time: 0.0006  memory: 403  
2026/03/11 04:30:47 - mmengine - INFO - Evaluating bbox...
2026/03/11 04:30:47 - mmengine - INFO - bbox_mAP_copypaste: 0.295 0.476 0.340 0.014 0.136 0.443
2026/03/11 04:30:47 - mmengine - INFO - Epoch(val) [75][422/422]    coco/bbox_mAP: 0.2950  coco/bbox_mAP_50: 0.4760  coco/bbox_mAP_75: 0.3400  coco/bbox_mAP_s: 0.0140  coco/bbox_mAP_m: 0.1360  coco/bbox_mAP_l: 0.4430  data_time: 0.0007  time: 0.0164
2026/03/11 04:30:50 - mmengine - INFO - Epoch(train)  [76][  50/1154]  base_lr: 1.2500e-04 lr: 1.2500e-04  eta: 0:44:03  time: 0.0623  data_time: 0.0016  memory: 708  grad_norm: 2.7495  loss: 0.5912  loss_cls: 0.0012  loss_bbox: 0.0394  loss_centerness: 0.5507
2026/03/11 04:30:53 - mmengine - INFO - Epoch(train)  [76][ 100/1154]  base_lr: 1.2500e-04 lr: 1.2500e-04  eta: 0:43:58  time: 0.0624  data_time: 0.0015  memory: 708  grad_norm: 2.8877  loss: 0.5902  loss_cls: 0.0012  loss_bbox: 0.0337  loss_centerness: 0.5553
2026/03/11 04:30:56 - mmengine - INFO - Epoch(train)  [76][ 150/1154]  base_lr: 1.2500e-04 lr: 1.2500e-04  eta: 0:43:53  time: 0.0622  data_time: 0.0013  memory: 708  grad_norm: 2.8317  loss: 0.5840  loss_cls: 0.0013  loss_bbox: 0.0348  loss_centerness: 0.5479
2026/03/11 04:30:59 - mmengine - INFO - Epoch(train)  [76][ 200/1154]  base_lr: 1.2500e-04 lr: 1.2500e-04  eta: 0:43:48  time: 0.0620  data_time: 0.0010  memory: 708  grad_norm: 3.3366  loss: 0.5850  loss_cls: 0.0019  loss_bbox: 0.0362  loss_centerness: 0.5469
2026/03/11 04:31:03 - mmengine - INFO - Epoch(train)  [76][ 250/1154]  base_lr: 1.2500e-04 lr: 1.2500e-04  eta: 0:43:43  time: 0.0621  data_time: 0.0014  memory: 708  grad_norm: 2.6137  loss: 0.5838  loss_cls: 0.0011  loss_bbox: 0.0332  loss_centerness: 0.5495
2026/03/11 04:31:06 - mmengine - INFO - Epoch(train)  [76][ 300/1154]  base_lr: 1.2500e-04 lr: 1.2500e-04  eta: 0:43:38  time: 0.0620  data_time: 0.0014  memory: 708  grad_norm: 2.9264  loss: 0.5931  loss_cls: 0.0011  loss_bbox: 0.0385  loss_centerness: 0.5535
2026/03/11 04:31:09 - mmengine - INFO - Epoch(train)  [76][ 350/1154]  base_lr: 1.2500e-04 lr: 1.2500e-04  eta: 0:43:33  time: 0.0622  data_time: 0.0008  memory: 708  grad_norm: 2.8803  loss: 0.5872  loss_cls: 0.0019  loss_bbox: 0.0337  loss_centerness: 0.5515
2026/03/11 04:31:12 - mmengine - INFO - Epoch(train)  [76][ 400/1154]  base_lr: 1.2500e-04 lr: 1.2500e-04  eta: 0:43:28  time: 0.0621  data_time: 0.0009  memory: 708  grad_norm: 2.7225  loss: 0.5826  loss_cls: 0.0007  loss_bbox: 0.0328  loss_centerness: 0.5492
2026/03/11 04:31:15 - mmengine - INFO - Exp name: fcos_minecraft_20260311_015948
2026/03/11 04:31:15 - mmengine - INFO - Epoch(train)  [76][ 450/1154]  base_lr: 1.2500e-04 lr: 1.2500e-04  eta: 0:43:23  time: 0.0620  data_time: 0.0014  memory: 708  grad_norm: 3.0047  loss: 0.5820  loss_cls: 0.0009  loss_bbox: 0.0344  loss_centerness: 0.5468
2026/03/11 04:31:18 - mmengine - INFO - Epoch(train)  [76][ 500/1154]  base_lr: 1.2500e-04 lr: 1.2500e-04  eta: 0:43:18  time: 0.0622  data_time: 0.0011  memory: 708  grad_norm: 2.8991  loss: 0.5781  loss_cls: 0.0007  loss_bbox: 0.0347  loss_centerness: 0.5427
2026/03/11 04:31:21 - mmengine - INFO - Epoch(train)  [76][ 550/1154]  base_lr: 1.2500e-04 lr: 1.2500e-04  eta: 0:43:13  time: 0.0620  data_time: 0.0012  memory: 708  grad_norm: 2.9825  loss: 0.5865  loss_cls: 0.0010  loss_bbox: 0.0345  loss_centerness: 0.5510
2026/03/11 04:31:24 - mmengine - INFO - Epoch(train)  [76][ 600/1154]  base_lr: 1.2500e-04 lr: 1.2500e-04  eta: 0:43:08  time: 0.0630  data_time: 0.0015  memory: 708  grad_norm: 3.0663  loss: 0.5837  loss_cls: 0.0012  loss_bbox: 0.0369  loss_centerness: 0.5455
2026/03/11 04:31:28 - mmengine - INFO - Epoch(train)  [76][ 650/1154]  base_lr: 1.2500e-04 lr: 1.2500e-04  eta: 0:43:03  time: 0.0626  data_time: 0.0014  memory: 708  grad_norm: 3.0053  loss: 0.5846  loss_cls: 0.0007  loss_bbox: 0.0357  loss_centerness: 0.5482
2026/03/11 04:31:31 - mmengine - INFO - Epoch(train)  [76][ 700/1154]  base_lr: 1.2500e-04 lr: 1.2500e-04  eta: 0:42:57  time: 0.0619  data_time: 0.0015  memory: 708  grad_norm: 2.9552  loss: 0.5900  loss_cls: 0.0010  loss_bbox: 0.0341  loss_centerness: 0.5548
2026/03/11 04:31:34 - mmengine - INFO - Epoch(train)  [76][ 750/1154]  base_lr: 1.2500e-04 lr: 1.2500e-04  eta: 0:42:52  time: 0.0623  data_time: 0.0016  memory: 708  grad_norm: 2.7170  loss: 0.5826  loss_cls: 0.0008  loss_bbox: 0.0308  loss_centerness: 0.5510
2026/03/11 04:31:37 - mmengine - INFO - Epoch(train)  [76][ 800/1154]  base_lr: 1.2500e-04 lr: 1.2500e-04  eta: 0:42:47  time: 0.0623  data_time: 0.0011  memory: 708  grad_norm: 2.8603  loss: 0.5819  loss_cls: 0.0009  loss_bbox: 0.0353  loss_centerness: 0.5457
2026/03/11 04:31:40 - mmengine - INFO - Epoch(train)  [76][ 850/1154]  base_lr: 1.2500e-04 lr: 1.2500e-04  eta: 0:42:42  time: 0.0621  data_time: 0.0013  memory: 708  grad_norm: 2.6775  loss: 0.5813  loss_cls: 0.0010  loss_bbox: 0.0339  loss_centerness: 0.5463
2026/03/11 04:31:43 - mmengine - INFO - Epoch(train)  [76][ 900/1154]  base_lr: 1.2500e-04 lr: 1.2500e-04  eta: 0:42:37  time: 0.0624  data_time: 0.0015  memory: 708  grad_norm: 2.8750  loss: 0.5879  loss_cls: 0.0016  loss_bbox: 0.0332  loss_centerness: 0.5531
2026/03/11 04:31:46 - mmengine - INFO - Epoch(train)  [76][ 950/1154]  base_lr: 1.2500e-04 lr: 1.2500e-04  eta: 0:42:32  time: 0.0620  data_time: 0.0013  memory: 708  grad_norm: 2.8584  loss: 0.5843  loss_cls: 0.0009  loss_bbox: 0.0334  loss_centerness: 0.5500
2026/03/11 04:31:49 - mmengine - INFO - Epoch(train)  [76][1000/1154]  base_lr: 1.2500e-04 lr: 1.2500e-04  eta: 0:42:27  time: 0.0626  data_time: 0.0013  memory: 708  grad_norm: 2.7405  loss: 0.5799  loss_cls: 0.0014  loss_bbox: 0.0313  loss_centerness: 0.5472
2026/03/11 04:31:52 - mmengine - INFO - Epoch(train)  [76][1050/1154]  base_lr: 1.2500e-04 lr: 1.2500e-04  eta: 0:42:22  time: 0.0621  data_time: 0.0014  memory: 708  grad_norm: 3.1680  loss: 0.5866  loss_cls: 0.0015  loss_bbox: 0.0353  loss_centerness: 0.5499
2026/03/11 04:31:56 - mmengine - INFO - Epoch(train)  [76][1100/1154]  base_lr: 1.2500e-04 lr: 1.2500e-04  eta: 0:42:17  time: 0.0622  data_time: 0.0012  memory: 708  grad_norm: 3.0909  loss: 0.5863  loss_cls: 0.0009  loss_bbox: 0.0337  loss_centerness: 0.5517
2026/03/11 04:31:59 - mmengine - INFO - Epoch(train)  [76][1150/1154]  base_lr: 1.2500e-04 lr: 1.2500e-04  eta: 0:42:12  time: 0.0623  data_time: 0.0011  memory: 708  grad_norm: 3.0046  loss: 0.5857  loss_cls: 0.0012  loss_bbox: 0.0365  loss_centerness: 0.5480
2026/03/11 04:31:59 - mmengine - INFO - Exp name: fcos_minecraft_20260311_015948
2026/03/11 04:31:59 - mmengine - INFO - Saving checkpoint at 76 epochs
2026/03/11 04:32:01 - mmengine - INFO - Epoch(val)  [76][ 50/422]    eta: 0:00:06  time: 0.0162  data_time: 0.0008  memory: 708  
2026/03/11 04:32:02 - mmengine - INFO - Epoch(val)  [76][100/422]    eta: 0:00:05  time: 0.0163  data_time: 0.0007  memory: 403  
2026/03/11 04:32:03 - mmengine - INFO - Epoch(val)  [76][150/422]    eta: 0:00:04  time: 0.0164  data_time: 0.0006  memory: 403  
2026/03/11 04:32:04 - mmengine - INFO - Epoch(val)  [76][200/422]    eta: 0:00:03  time: 0.0163  data_time: 0.0005  memory: 403  
2026/03/11 04:32:04 - mmengine - INFO - Epoch(val)  [76][250/422]    eta: 0:00:02  time: 0.0162  data_time: 0.0006  memory: 403  
2026/03/11 04:32:05 - mmengine - INFO - Epoch(val)  [76][300/422]    eta: 0:00:02  time: 0.0170  data_time: 0.0008  memory: 403  
2026/03/11 04:32:06 - mmengine - INFO - Epoch(val)  [76][350/422]    eta: 0:00:01  time: 0.0183  data_time: 0.0006  memory: 403  
2026/03/11 04:32:07 - mmengine - INFO - Epoch(val)  [76][400/422]    eta: 0:00:00  time: 0.0166  data_time: 0.0006  memory: 403  
2026/03/11 04:32:07 - mmengine - INFO - Evaluating bbox...
2026/03/11 04:32:08 - mmengine - INFO - bbox_mAP_copypaste: 0.297 0.479 0.346 0.014 0.154 0.448
2026/03/11 04:32:08 - mmengine - INFO - Epoch(val) [76][422/422]    coco/bbox_mAP: 0.2970  coco/bbox_mAP_50: 0.4790  coco/bbox_mAP_75: 0.3460  coco/bbox_mAP_s: 0.0140  coco/bbox_mAP_m: 0.1540  coco/bbox_mAP_l: 0.4480  data_time: 0.0006  time: 0.0167
2026/03/11 04:32:11 - mmengine - INFO - Epoch(train)  [77][  50/1154]  base_lr: 1.2500e-04 lr: 1.2500e-04  eta: 0:42:07  time: 0.0633  data_time: 0.0017  memory: 708  grad_norm: 2.9801  loss: 0.5831  loss_cls: 0.0009  loss_bbox: 0.0350  loss_centerness: 0.5471
2026/03/11 04:32:14 - mmengine - INFO - Epoch(train)  [77][ 100/1154]  base_lr: 1.2500e-04 lr: 1.2500e-04  eta: 0:42:02  time: 0.0621  data_time: 0.0017  memory: 708  grad_norm: 3.1975  loss: 0.5861  loss_cls: 0.0009  loss_bbox: 0.0328  loss_centerness: 0.5525
2026/03/11 04:32:17 - mmengine - INFO - Epoch(train)  [77][ 150/1154]  base_lr: 1.2500e-04 lr: 1.2500e-04  eta: 0:41:57  time: 0.0620  data_time: 0.0012  memory: 708  grad_norm: 2.6473  loss: 0.5855  loss_cls: 0.0010  loss_bbox: 0.0309  loss_centerness: 0.5537
2026/03/11 04:32:20 - mmengine - INFO - Epoch(train)  [77][ 200/1154]  base_lr: 1.2500e-04 lr: 1.2500e-04  eta: 0:41:52  time: 0.0621  data_time: 0.0010  memory: 708  grad_norm: 2.6814  loss: 0.5872  loss_cls: 0.0012  loss_bbox: 0.0370  loss_centerness: 0.5490
2026/03/11 04:32:23 - mmengine - INFO - Epoch(train)  [77][ 250/1154]  base_lr: 1.2500e-04 lr: 1.2500e-04  eta: 0:41:47  time: 0.0621  data_time: 0.0010  memory: 708  grad_norm: 2.7191  loss: 0.5788  loss_cls: 0.0013  loss_bbox: 0.0312  loss_centerness: 0.5463
2026/03/11 04:32:26 - mmengine - INFO - Exp name: fcos_minecraft_20260311_015948
2026/03/11 04:32:27 - mmengine - INFO - Epoch(train)  [77][ 300/1154]  base_lr: 1.2500e-04 lr: 1.2500e-04  eta: 0:41:42  time: 0.0620  data_time: 0.0010  memory: 708  grad_norm: 2.7672  loss: 0.5836  loss_cls: 0.0009  loss_bbox: 0.0334  loss_centerness: 0.5493
2026/03/11 04:32:30 - mmengine - INFO - Epoch(train)  [77][ 350/1154]  base_lr: 1.2500e-04 lr: 1.2500e-04  eta: 0:41:36  time: 0.0621  data_time: 0.0018  memory: 708  grad_norm: 2.9517  loss: 0.5871  loss_cls: 0.0021  loss_bbox: 0.0322  loss_centerness: 0.5528
2026/03/11 04:32:33 - mmengine - INFO - Epoch(train)  [77][ 400/1154]  base_lr: 1.2500e-04 lr: 1.2500e-04  eta: 0:41:31  time: 0.0632  data_time: 0.0012  memory: 708  grad_norm: 2.9032  loss: 0.5783  loss_cls: 0.0008  loss_bbox: 0.0315  loss_centerness: 0.5461
2026/03/11 04:32:36 - mmengine - INFO - Epoch(train)  [77][ 450/1154]  base_lr: 1.2500e-04 lr: 1.2500e-04  eta: 0:41:26  time: 0.0620  data_time: 0.0011  memory: 708  grad_norm: 3.1838  loss: 0.5848  loss_cls: 0.0012  loss_bbox: 0.0331  loss_centerness: 0.5505
2026/03/11 04:32:39 - mmengine - INFO - Epoch(train)  [77][ 500/1154]  base_lr: 1.2500e-04 lr: 1.2500e-04  eta: 0:41:21  time: 0.0623  data_time: 0.0017  memory: 708  grad_norm: 3.0501  loss: 0.5868  loss_cls: 0.0015  loss_bbox: 0.0385  loss_centerness: 0.5469
2026/03/11 04:32:42 - mmengine - INFO - Epoch(train)  [77][ 550/1154]  base_lr: 1.2500e-04 lr: 1.2500e-04  eta: 0:41:16  time: 0.0620  data_time: 0.0009  memory: 708  grad_norm: 3.2624  loss: 0.5915  loss_cls: 0.0011  loss_bbox: 0.0400  loss_centerness: 0.5504
2026/03/11 04:32:45 - mmengine - INFO - Epoch(train)  [77][ 600/1154]  base_lr: 1.2500e-04 lr: 1.2500e-04  eta: 0:41:11  time: 0.0621  data_time: 0.0011  memory: 708  grad_norm: 2.8424  loss: 0.5881  loss_cls: 0.0010  loss_bbox: 0.0360  loss_centerness: 0.5511
2026/03/11 04:32:48 - mmengine - INFO - Epoch(train)  [77][ 650/1154]  base_lr: 1.2500e-04 lr: 1.2500e-04  eta: 0:41:06  time: 0.0620  data_time: 0.0009  memory: 708  grad_norm: 2.8391  loss: 0.5850  loss_cls: 0.0009  loss_bbox: 0.0321  loss_centerness: 0.5519
2026/03/11 04:32:51 - mmengine - INFO - Epoch(train)  [77][ 700/1154]  base_lr: 1.2500e-04 lr: 1.2500e-04  eta: 0:41:01  time: 0.0624  data_time: 0.0015  memory: 708  grad_norm: 2.6554  loss: 0.5831  loss_cls: 0.0023  loss_bbox: 0.0321  loss_centerness: 0.5488
2026/03/11 04:32:55 - mmengine - INFO - Epoch(train)  [77][ 750/1154]  base_lr: 1.2500e-04 lr: 1.2500e-04  eta: 0:40:56  time: 0.0622  data_time: 0.0016  memory: 708  grad_norm: 2.9194  loss: 0.5895  loss_cls: 0.0007  loss_bbox: 0.0331  loss_centerness: 0.5557
2026/03/11 04:32:58 - mmengine - INFO - Epoch(train)  [77][ 800/1154]  base_lr: 1.2500e-04 lr: 1.2500e-04  eta: 0:40:51  time: 0.0618  data_time: 0.0010  memory: 708  grad_norm: 2.7316  loss: 0.5788  loss_cls: 0.0007  loss_bbox: 0.0303  loss_centerness: 0.5479
2026/03/11 04:33:01 - mmengine - INFO - Epoch(train)  [77][ 850/1154]  base_lr: 1.2500e-04 lr: 1.2500e-04  eta: 0:40:46  time: 0.0623  data_time: 0.0015  memory: 708  grad_norm: 2.6938  loss: 0.5755  loss_cls: 0.0007  loss_bbox: 0.0306  loss_centerness: 0.5442
2026/03/11 04:33:04 - mmengine - INFO - Epoch(train)  [77][ 900/1154]  base_lr: 1.2500e-04 lr: 1.2500e-04  eta: 0:40:41  time: 0.0623  data_time: 0.0011  memory: 708  grad_norm: 2.6733  loss: 0.5872  loss_cls: 0.0010  loss_bbox: 0.0326  loss_centerness: 0.5535
2026/03/11 04:33:07 - mmengine - INFO - Epoch(train)  [77][ 950/1154]  base_lr: 1.2500e-04 lr: 1.2500e-04  eta: 0:40:36  time: 0.0617  data_time: 0.0013  memory: 708  grad_norm: 3.0304  loss: 0.5813  loss_cls: 0.0009  loss_bbox: 0.0330  loss_centerness: 0.5475
2026/03/11 04:33:10 - mmengine - INFO - Epoch(train)  [77][1000/1154]  base_lr: 1.2500e-04 lr: 1.2500e-04  eta: 0:40:31  time: 0.0625  data_time: 0.0018  memory: 708  grad_norm: 3.2770  loss: 0.5803  loss_cls: 0.0006  loss_bbox: 0.0339  loss_centerness: 0.5459
2026/03/11 04:33:13 - mmengine - INFO - Epoch(train)  [77][1050/1154]  base_lr: 1.2500e-04 lr: 1.2500e-04  eta: 0:40:26  time: 0.0621  data_time: 0.0011  memory: 708  grad_norm: 2.8138  loss: 0.5800  loss_cls: 0.0008  loss_bbox: 0.0308  loss_centerness: 0.5484
2026/03/11 04:33:16 - mmengine - INFO - Epoch(train)  [77][1100/1154]  base_lr: 1.2500e-04 lr: 1.2500e-04  eta: 0:40:21  time: 0.0621  data_time: 0.0012  memory: 708  grad_norm: 2.9397  loss: 0.5847  loss_cls: 0.0012  loss_bbox: 0.0376  loss_centerness: 0.5459
2026/03/11 04:33:19 - mmengine - INFO - Epoch(train)  [77][1150/1154]  base_lr: 1.2500e-04 lr: 1.2500e-04  eta: 0:40:16  time: 0.0622  data_time: 0.0012  memory: 708  grad_norm: 3.0145  loss: 0.5855  loss_cls: 0.0008  loss_bbox: 0.0348  loss_centerness: 0.5498
2026/03/11 04:33:20 - mmengine - INFO - Exp name: fcos_minecraft_20260311_015948
2026/03/11 04:33:20 - mmengine - INFO - Saving checkpoint at 77 epochs
2026/03/11 04:33:22 - mmengine - INFO - Epoch(val)  [77][ 50/422]    eta: 0:00:06  time: 0.0164  data_time: 0.0008  memory: 708  
2026/03/11 04:33:23 - mmengine - INFO - Epoch(val)  [77][100/422]    eta: 0:00:05  time: 0.0162  data_time: 0.0006  memory: 403  
2026/03/11 04:33:24 - mmengine - INFO - Epoch(val)  [77][150/422]    eta: 0:00:04  time: 0.0164  data_time: 0.0003  memory: 403  
2026/03/11 04:33:24 - mmengine - INFO - Epoch(val)  [77][200/422]    eta: 0:00:03  time: 0.0163  data_time: 0.0007  memory: 403  
2026/03/11 04:33:25 - mmengine - INFO - Epoch(val)  [77][250/422]    eta: 0:00:02  time: 0.0165  data_time: 0.0004  memory: 403  
2026/03/11 04:33:26 - mmengine - INFO - Epoch(val)  [77][300/422]    eta: 0:00:02  time: 0.0165  data_time: 0.0007  memory: 403  
2026/03/11 04:33:27 - mmengine - INFO - Epoch(val)  [77][350/422]    eta: 0:00:01  time: 0.0164  data_time: 0.0004  memory: 403  
2026/03/11 04:33:28 - mmengine - INFO - Epoch(val)  [77][400/422]    eta: 0:00:00  time: 0.0164  data_time: 0.0003  memory: 403  
2026/03/11 04:33:28 - mmengine - INFO - Evaluating bbox...
2026/03/11 04:33:29 - mmengine - INFO - bbox_mAP_copypaste: 0.298 0.485 0.346 0.018 0.150 0.460
2026/03/11 04:33:29 - mmengine - INFO - Epoch(val) [77][422/422]    coco/bbox_mAP: 0.2980  coco/bbox_mAP_50: 0.4850  coco/bbox_mAP_75: 0.3460  coco/bbox_mAP_s: 0.0180  coco/bbox_mAP_m: 0.1500  coco/bbox_mAP_l: 0.4600  data_time: 0.0005  time: 0.0164
2026/03/11 04:33:32 - mmengine - INFO - Epoch(train)  [78][  50/1154]  base_lr: 1.2500e-04 lr: 1.2500e-04  eta: 0:40:11  time: 0.0624  data_time: 0.0016  memory: 708  grad_norm: 3.1397  loss: 0.5866  loss_cls: 0.0041  loss_bbox: 0.0386  loss_centerness: 0.5439
2026/03/11 04:33:35 - mmengine - INFO - Epoch(train)  [78][ 100/1154]  base_lr: 1.2500e-04 lr: 1.2500e-04  eta: 0:40:06  time: 0.0619  data_time: 0.0010  memory: 708  grad_norm: 2.6929  loss: 0.5736  loss_cls: 0.0009  loss_bbox: 0.0290  loss_centerness: 0.5437
2026/03/11 04:33:37 - mmengine - INFO - Exp name: fcos_minecraft_20260311_015948
2026/03/11 04:33:38 - mmengine - INFO - Epoch(train)  [78][ 150/1154]  base_lr: 1.2500e-04 lr: 1.2500e-04  eta: 0:40:01  time: 0.0621  data_time: 0.0012  memory: 708  grad_norm: 2.7318  loss: 0.5793  loss_cls: 0.0008  loss_bbox: 0.0302  loss_centerness: 0.5483
2026/03/11 04:33:41 - mmengine - INFO - Epoch(train)  [78][ 200/1154]  base_lr: 1.2500e-04 lr: 1.2500e-04  eta: 0:39:56  time: 0.0623  data_time: 0.0011  memory: 708  grad_norm: 2.8796  loss: 0.5809  loss_cls: 0.0012  loss_bbox: 0.0316  loss_centerness: 0.5481
2026/03/11 04:33:44 - mmengine - INFO - Epoch(train)  [78][ 250/1154]  base_lr: 1.2500e-04 lr: 1.2500e-04  eta: 0:39:51  time: 0.0618  data_time: 0.0014  memory: 708  grad_norm: 3.0318  loss: 0.5854  loss_cls: 0.0010  loss_bbox: 0.0334  loss_centerness: 0.5510
2026/03/11 04:33:47 - mmengine - INFO - Epoch(train)  [78][ 300/1154]  base_lr: 1.2500e-04 lr: 1.2500e-04  eta: 0:39:46  time: 0.0620  data_time: 0.0012  memory: 708  grad_norm: 2.6319  loss: 0.5775  loss_cls: 0.0006  loss_bbox: 0.0296  loss_centerness: 0.5473
2026/03/11 04:33:50 - mmengine - INFO - Epoch(train)  [78][ 350/1154]  base_lr: 1.2500e-04 lr: 1.2500e-04  eta: 0:39:41  time: 0.0624  data_time: 0.0012  memory: 708  grad_norm: 3.1927  loss: 0.5859  loss_cls: 0.0007  loss_bbox: 0.0339  loss_centerness: 0.5513
2026/03/11 04:33:53 - mmengine - INFO - Epoch(train)  [78][ 400/1154]  base_lr: 1.2500e-04 lr: 1.2500e-04  eta: 0:39:36  time: 0.0620  data_time: 0.0011  memory: 708  grad_norm: 2.8422  loss: 0.5902  loss_cls: 0.0013  loss_bbox: 0.0333  loss_centerness: 0.5555
2026/03/11 04:33:57 - mmengine - INFO - Epoch(train)  [78][ 450/1154]  base_lr: 1.2500e-04 lr: 1.2500e-04  eta: 0:39:31  time: 0.0624  data_time: 0.0015  memory: 708  grad_norm: 2.7884  loss: 0.5763  loss_cls: 0.0008  loss_bbox: 0.0293  loss_centerness: 0.5463
2026/03/11 04:34:00 - mmengine - INFO - Epoch(train)  [78][ 500/1154]  base_lr: 1.2500e-04 lr: 1.2500e-04  eta: 0:39:26  time: 0.0622  data_time: 0.0011  memory: 708  grad_norm: 2.5793  loss: 0.5742  loss_cls: 0.0010  loss_bbox: 0.0299  loss_centerness: 0.5434
2026/03/11 04:34:03 - mmengine - INFO - Epoch(train)  [78][ 550/1154]  base_lr: 1.2500e-04 lr: 1.2500e-04  eta: 0:39:21  time: 0.0632  data_time: 0.0023  memory: 708  grad_norm: 2.7398  loss: 0.5831  loss_cls: 0.0008  loss_bbox: 0.0341  loss_centerness: 0.5482
2026/03/11 04:34:06 - mmengine - INFO - Epoch(train)  [78][ 600/1154]  base_lr: 1.2500e-04 lr: 1.2500e-04  eta: 0:39:16  time: 0.0629  data_time: 0.0013  memory: 708  grad_norm: 3.0370  loss: 0.5838  loss_cls: 0.0010  loss_bbox: 0.0384  loss_centerness: 0.5444
2026/03/11 04:34:09 - mmengine - INFO - Epoch(train)  [78][ 650/1154]  base_lr: 1.2500e-04 lr: 1.2500e-04  eta: 0:39:11  time: 0.0619  data_time: 0.0015  memory: 708  grad_norm: 3.0507  loss: 0.5842  loss_cls: 0.0008  loss_bbox: 0.0317  loss_centerness: 0.5517
2026/03/11 04:34:12 - mmengine - INFO - Epoch(train)  [78][ 700/1154]  base_lr: 1.2500e-04 lr: 1.2500e-04  eta: 0:39:07  time: 0.0624  data_time: 0.0009  memory: 708  grad_norm: 2.9984  loss: 0.5863  loss_cls: 0.0010  loss_bbox: 0.0340  loss_centerness: 0.5513
2026/03/11 04:34:15 - mmengine - INFO - Epoch(train)  [78][ 750/1154]  base_lr: 1.2500e-04 lr: 1.2500e-04  eta: 0:39:02  time: 0.0621  data_time: 0.0011  memory: 708  grad_norm: 2.6019  loss: 0.5731  loss_cls: 0.0012  loss_bbox: 0.0298  loss_centerness: 0.5422
2026/03/11 04:34:18 - mmengine - INFO - Epoch(train)  [78][ 800/1154]  base_lr: 1.2500e-04 lr: 1.2500e-04  eta: 0:38:57  time: 0.0620  data_time: 0.0015  memory: 708  grad_norm: 2.8833  loss: 0.5870  loss_cls: 0.0010  loss_bbox: 0.0382  loss_centerness: 0.5478
2026/03/11 04:34:22 - mmengine - INFO - Epoch(train)  [78][ 850/1154]  base_lr: 1.2500e-04 lr: 1.2500e-04  eta: 0:38:52  time: 0.0623  data_time: 0.0013  memory: 708  grad_norm: 2.8976  loss: 0.5883  loss_cls: 0.0012  loss_bbox: 0.0320  loss_centerness: 0.5550
2026/03/11 04:34:25 - mmengine - INFO - Epoch(train)  [78][ 900/1154]  base_lr: 1.2500e-04 lr: 1.2500e-04  eta: 0:38:47  time: 0.0618  data_time: 0.0008  memory: 708  grad_norm: 2.9092  loss: 0.5781  loss_cls: 0.0012  loss_bbox: 0.0306  loss_centerness: 0.5463
2026/03/11 04:34:28 - mmengine - INFO - Epoch(train)  [78][ 950/1154]  base_lr: 1.2500e-04 lr: 1.2500e-04  eta: 0:38:42  time: 0.0622  data_time: 0.0014  memory: 708  grad_norm: 2.7348  loss: 0.5899  loss_cls: 0.0014  loss_bbox: 0.0326  loss_centerness: 0.5559
2026/03/11 04:34:31 - mmengine - INFO - Epoch(train)  [78][1000/1154]  base_lr: 1.2500e-04 lr: 1.2500e-04  eta: 0:38:37  time: 0.0621  data_time: 0.0012  memory: 708  grad_norm: 3.2061  loss: 0.5883  loss_cls: 0.0008  loss_bbox: 0.0354  loss_centerness: 0.5522
2026/03/11 04:34:34 - mmengine - INFO - Epoch(train)  [78][1050/1154]  base_lr: 1.2500e-04 lr: 1.2500e-04  eta: 0:38:32  time: 0.0622  data_time: 0.0015  memory: 708  grad_norm: 2.9786  loss: 0.5944  loss_cls: 0.0007  loss_bbox: 0.0339  loss_centerness: 0.5597
2026/03/11 04:34:37 - mmengine - INFO - Epoch(train)  [78][1100/1154]  base_lr: 1.2500e-04 lr: 1.2500e-04  eta: 0:38:27  time: 0.0625  data_time: 0.0015  memory: 708  grad_norm: 2.9635  loss: 0.5836  loss_cls: 0.0014  loss_bbox: 0.0349  loss_centerness: 0.5472
2026/03/11 04:34:40 - mmengine - INFO - Exp name: fcos_minecraft_20260311_015948
2026/03/11 04:34:40 - mmengine - INFO - Epoch(train)  [78][1150/1154]  base_lr: 1.2500e-04 lr: 1.2500e-04  eta: 0:38:22  time: 0.0620  data_time: 0.0012  memory: 708  grad_norm: 2.8572  loss: 0.5886  loss_cls: 0.0011  loss_bbox: 0.0337  loss_centerness: 0.5538
2026/03/11 04:34:40 - mmengine - INFO - Exp name: fcos_minecraft_20260311_015948
2026/03/11 04:34:40 - mmengine - INFO - Saving checkpoint at 78 epochs
2026/03/11 04:34:43 - mmengine - INFO - Epoch(val)  [78][ 50/422]    eta: 0:00:06  time: 0.0164  data_time: 0.0007  memory: 708  
2026/03/11 04:34:44 - mmengine - INFO - Epoch(val)  [78][100/422]    eta: 0:00:05  time: 0.0159  data_time: 0.0005  memory: 403  
2026/03/11 04:34:44 - mmengine - INFO - Epoch(val)  [78][150/422]    eta: 0:00:04  time: 0.0161  data_time: 0.0004  memory: 403  
2026/03/11 04:34:45 - mmengine - INFO - Epoch(val)  [78][200/422]    eta: 0:00:03  time: 0.0160  data_time: 0.0007  memory: 403  
2026/03/11 04:34:46 - mmengine - INFO - Epoch(val)  [78][250/422]    eta: 0:00:02  time: 0.0165  data_time: 0.0006  memory: 403  
2026/03/11 04:34:47 - mmengine - INFO - Epoch(val)  [78][300/422]    eta: 0:00:01  time: 0.0167  data_time: 0.0005  memory: 403  
2026/03/11 04:34:48 - mmengine - INFO - Epoch(val)  [78][350/422]    eta: 0:00:01  time: 0.0166  data_time: 0.0004  memory: 403  
2026/03/11 04:34:49 - mmengine - INFO - Epoch(val)  [78][400/422]    eta: 0:00:00  time: 0.0164  data_time: 0.0002  memory: 403  
2026/03/11 04:34:49 - mmengine - INFO - Evaluating bbox...
2026/03/11 04:34:49 - mmengine - INFO - bbox_mAP_copypaste: 0.294 0.476 0.344 0.018 0.141 0.444
2026/03/11 04:34:49 - mmengine - INFO - Epoch(val) [78][422/422]    coco/bbox_mAP: 0.2940  coco/bbox_mAP_50: 0.4760  coco/bbox_mAP_75: 0.3440  coco/bbox_mAP_s: 0.0180  coco/bbox_mAP_m: 0.1410  coco/bbox_mAP_l: 0.4440  data_time: 0.0005  time: 0.0163
2026/03/11 04:34:52 - mmengine - INFO - Epoch(train)  [79][  50/1154]  base_lr: 1.2500e-04 lr: 1.2500e-04  eta: 0:38:17  time: 0.0624  data_time: 0.0011  memory: 708  grad_norm: 2.8687  loss: 0.5910  loss_cls: 0.0012  loss_bbox: 0.0325  loss_centerness: 0.5572
2026/03/11 04:34:56 - mmengine - INFO - Epoch(train)  [79][ 100/1154]  base_lr: 1.2500e-04 lr: 1.2500e-04  eta: 0:38:12  time: 0.0619  data_time: 0.0013  memory: 708  grad_norm: 2.7276  loss: 0.5868  loss_cls: 0.0010  loss_bbox: 0.0324  loss_centerness: 0.5535
2026/03/11 04:34:59 - mmengine - INFO - Epoch(train)  [79][ 150/1154]  base_lr: 1.2500e-04 lr: 1.2500e-04  eta: 0:38:07  time: 0.0625  data_time: 0.0012  memory: 708  grad_norm: 2.8334  loss: 0.5791  loss_cls: 0.0007  loss_bbox: 0.0299  loss_centerness: 0.5485
2026/03/11 04:35:02 - mmengine - INFO - Epoch(train)  [79][ 200/1154]  base_lr: 1.2500e-04 lr: 1.2500e-04  eta: 0:38:02  time: 0.0622  data_time: 0.0014  memory: 708  grad_norm: 2.8589  loss: 0.5776  loss_cls: 0.0006  loss_bbox: 0.0300  loss_centerness: 0.5469
2026/03/11 04:35:05 - mmengine - INFO - Epoch(train)  [79][ 250/1154]  base_lr: 1.2500e-04 lr: 1.2500e-04  eta: 0:37:57  time: 0.0621  data_time: 0.0013  memory: 708  grad_norm: 2.5999  loss: 0.5802  loss_cls: 0.0009  loss_bbox: 0.0288  loss_centerness: 0.5505
2026/03/11 04:35:08 - mmengine - INFO - Epoch(train)  [79][ 300/1154]  base_lr: 1.2500e-04 lr: 1.2500e-04  eta: 0:37:52  time: 0.0622  data_time: 0.0011  memory: 708  grad_norm: 2.7976  loss: 0.5887  loss_cls: 0.0013  loss_bbox: 0.0320  loss_centerness: 0.5554
2026/03/11 04:35:11 - mmengine - INFO - Epoch(train)  [79][ 350/1154]  base_lr: 1.2500e-04 lr: 1.2500e-04  eta: 0:37:47  time: 0.0624  data_time: 0.0012  memory: 708  grad_norm: 2.9229  loss: 0.5836  loss_cls: 0.0012  loss_bbox: 0.0322  loss_centerness: 0.5502
2026/03/11 04:35:14 - mmengine - INFO - Epoch(train)  [79][ 400/1154]  base_lr: 1.2500e-04 lr: 1.2500e-04  eta: 0:37:42  time: 0.0621  data_time: 0.0012  memory: 708  grad_norm: 2.9519  loss: 0.5863  loss_cls: 0.0010  loss_bbox: 0.0333  loss_centerness: 0.5520
2026/03/11 04:35:17 - mmengine - INFO - Epoch(train)  [79][ 450/1154]  base_lr: 1.2500e-04 lr: 1.2500e-04  eta: 0:37:37  time: 0.0621  data_time: 0.0012  memory: 708  grad_norm: 3.0293  loss: 0.5901  loss_cls: 0.0009  loss_bbox: 0.0370  loss_centerness: 0.5522
2026/03/11 04:35:20 - mmengine - INFO - Epoch(train)  [79][ 500/1154]  base_lr: 1.2500e-04 lr: 1.2500e-04  eta: 0:37:32  time: 0.0619  data_time: 0.0013  memory: 708  grad_norm: 2.4353  loss: 0.5841  loss_cls: 0.0008  loss_bbox: 0.0341  loss_centerness: 0.5492
2026/03/11 04:35:24 - mmengine - INFO - Epoch(train)  [79][ 550/1154]  base_lr: 1.2500e-04 lr: 1.2500e-04  eta: 0:37:27  time: 0.0622  data_time: 0.0014  memory: 708  grad_norm: 2.6555  loss: 0.5836  loss_cls: 0.0013  loss_bbox: 0.0306  loss_centerness: 0.5518
2026/03/11 04:35:27 - mmengine - INFO - Epoch(train)  [79][ 600/1154]  base_lr: 1.2500e-04 lr: 1.2500e-04  eta: 0:37:23  time: 0.0621  data_time: 0.0009  memory: 708  grad_norm: 2.7732  loss: 0.5762  loss_cls: 0.0007  loss_bbox: 0.0301  loss_centerness: 0.5454
2026/03/11 04:35:30 - mmengine - INFO - Epoch(train)  [79][ 650/1154]  base_lr: 1.2500e-04 lr: 1.2500e-04  eta: 0:37:18  time: 0.0622  data_time: 0.0016  memory: 708  grad_norm: 2.7024  loss: 0.5789  loss_cls: 0.0007  loss_bbox: 0.0276  loss_centerness: 0.5507
2026/03/11 04:35:33 - mmengine - INFO - Epoch(train)  [79][ 700/1154]  base_lr: 1.2500e-04 lr: 1.2500e-04  eta: 0:37:13  time: 0.0622  data_time: 0.0013  memory: 708  grad_norm: 3.1572  loss: 0.5845  loss_cls: 0.0008  loss_bbox: 0.0350  loss_centerness: 0.5487
2026/03/11 04:35:36 - mmengine - INFO - Epoch(train)  [79][ 750/1154]  base_lr: 1.2500e-04 lr: 1.2500e-04  eta: 0:37:08  time: 0.0620  data_time: 0.0014  memory: 708  grad_norm: 3.0672  loss: 0.5908  loss_cls: 0.0017  loss_bbox: 0.0395  loss_centerness: 0.5496
2026/03/11 04:35:39 - mmengine - INFO - Epoch(train)  [79][ 800/1154]  base_lr: 1.2500e-04 lr: 1.2500e-04  eta: 0:37:03  time: 0.0623  data_time: 0.0012  memory: 708  grad_norm: 2.8757  loss: 0.5824  loss_cls: 0.0008  loss_bbox: 0.0321  loss_centerness: 0.5496
2026/03/11 04:35:42 - mmengine - INFO - Epoch(train)  [79][ 850/1154]  base_lr: 1.2500e-04 lr: 1.2500e-04  eta: 0:36:58  time: 0.0624  data_time: 0.0012  memory: 708  grad_norm: 2.9780  loss: 0.5829  loss_cls: 0.0010  loss_bbox: 0.0339  loss_centerness: 0.5481
2026/03/11 04:35:45 - mmengine - INFO - Epoch(train)  [79][ 900/1154]  base_lr: 1.2500e-04 lr: 1.2500e-04  eta: 0:36:53  time: 0.0621  data_time: 0.0011  memory: 708  grad_norm: 2.9910  loss: 0.5879  loss_cls: 0.0010  loss_bbox: 0.0335  loss_centerness: 0.5535
2026/03/11 04:35:48 - mmengine - INFO - Epoch(train)  [79][ 950/1154]  base_lr: 1.2500e-04 lr: 1.2500e-04  eta: 0:36:48  time: 0.0624  data_time: 0.0018  memory: 708  grad_norm: 2.7792  loss: 0.5828  loss_cls: 0.0007  loss_bbox: 0.0340  loss_centerness: 0.5481
2026/03/11 04:35:51 - mmengine - INFO - Exp name: fcos_minecraft_20260311_015948
2026/03/11 04:35:52 - mmengine - INFO - Epoch(train)  [79][1000/1154]  base_lr: 1.2500e-04 lr: 1.2500e-04  eta: 0:36:43  time: 0.0618  data_time: 0.0017  memory: 708  grad_norm: 2.8777  loss: 0.5818  loss_cls: 0.0009  loss_bbox: 0.0311  loss_centerness: 0.5497
2026/03/11 04:35:55 - mmengine - INFO - Epoch(train)  [79][1050/1154]  base_lr: 1.2500e-04 lr: 1.2500e-04  eta: 0:36:38  time: 0.0622  data_time: 0.0016  memory: 708  grad_norm: 2.7087  loss: 0.5810  loss_cls: 0.0009  loss_bbox: 0.0332  loss_centerness: 0.5469
2026/03/11 04:35:58 - mmengine - INFO - Epoch(train)  [79][1100/1154]  base_lr: 1.2500e-04 lr: 1.2500e-04  eta: 0:36:34  time: 0.0622  data_time: 0.0013  memory: 708  grad_norm: 2.8461  loss: 0.5702  loss_cls: 0.0009  loss_bbox: 0.0320  loss_centerness: 0.5373
2026/03/11 04:36:01 - mmengine - INFO - Epoch(train)  [79][1150/1154]  base_lr: 1.2500e-04 lr: 1.2500e-04  eta: 0:36:29  time: 0.0626  data_time: 0.0016  memory: 708  grad_norm: 3.1048  loss: 0.5853  loss_cls: 0.0014  loss_bbox: 0.0345  loss_centerness: 0.5494
2026/03/11 04:36:01 - mmengine - INFO - Exp name: fcos_minecraft_20260311_015948
2026/03/11 04:36:01 - mmengine - INFO - Saving checkpoint at 79 epochs
2026/03/11 04:36:03 - mmengine - INFO - Epoch(val)  [79][ 50/422]    eta: 0:00:06  time: 0.0165  data_time: 0.0005  memory: 708  
2026/03/11 04:36:04 - mmengine - INFO - Epoch(val)  [79][100/422]    eta: 0:00:05  time: 0.0163  data_time: 0.0005  memory: 403  
2026/03/11 04:36:05 - mmengine - INFO - Epoch(val)  [79][150/422]    eta: 0:00:04  time: 0.0162  data_time: 0.0005  memory: 403  
2026/03/11 04:36:06 - mmengine - INFO - Epoch(val)  [79][200/422]    eta: 0:00:03  time: 0.0161  data_time: 0.0003  memory: 403  
2026/03/11 04:36:07 - mmengine - INFO - Epoch(val)  [79][250/422]    eta: 0:00:02  time: 0.0165  data_time: 0.0007  memory: 403  
2026/03/11 04:36:08 - mmengine - INFO - Epoch(val)  [79][300/422]    eta: 0:00:01  time: 0.0167  data_time: 0.0005  memory: 403  
2026/03/11 04:36:08 - mmengine - INFO - Epoch(val)  [79][350/422]    eta: 0:00:01  time: 0.0162  data_time: 0.0007  memory: 403  
2026/03/11 04:36:09 - mmengine - INFO - Epoch(val)  [79][400/422]    eta: 0:00:00  time: 0.0171  data_time: 0.0006  memory: 403  
2026/03/11 04:36:10 - mmengine - INFO - Evaluating bbox...
2026/03/11 04:36:10 - mmengine - INFO - bbox_mAP_copypaste: 0.301 0.479 0.348 0.018 0.153 0.456
2026/03/11 04:36:10 - mmengine - INFO - Epoch(val) [79][422/422]    coco/bbox_mAP: 0.3010  coco/bbox_mAP_50: 0.4790  coco/bbox_mAP_75: 0.3480  coco/bbox_mAP_s: 0.0180  coco/bbox_mAP_m: 0.1530  coco/bbox_mAP_l: 0.4560  data_time: 0.0005  time: 0.0165
2026/03/11 04:36:13 - mmengine - INFO - Epoch(train)  [80][  50/1154]  base_lr: 1.2500e-04 lr: 1.2500e-04  eta: 0:36:23  time: 0.0635  data_time: 0.0018  memory: 708  grad_norm: 3.0368  loss: 0.5746  loss_cls: 0.0010  loss_bbox: 0.0327  loss_centerness: 0.5409
2026/03/11 04:36:16 - mmengine - INFO - Epoch(train)  [80][ 100/1154]  base_lr: 1.2500e-04 lr: 1.2500e-04  eta: 0:36:18  time: 0.0620  data_time: 0.0014  memory: 708  grad_norm: 2.9089  loss: 0.5810  loss_cls: 0.0014  loss_bbox: 0.0321  loss_centerness: 0.5475
2026/03/11 04:36:19 - mmengine - INFO - Epoch(train)  [80][ 150/1154]  base_lr: 1.2500e-04 lr: 1.2500e-04  eta: 0:36:14  time: 0.0623  data_time: 0.0016  memory: 708  grad_norm: 3.1681  loss: 0.5886  loss_cls: 0.0008  loss_bbox: 0.0316  loss_centerness: 0.5561
2026/03/11 04:36:23 - mmengine - INFO - Epoch(train)  [80][ 200/1154]  base_lr: 1.2500e-04 lr: 1.2500e-04  eta: 0:36:09  time: 0.0621  data_time: 0.0011  memory: 708  grad_norm: 2.9309  loss: 0.5843  loss_cls: 0.0011  loss_bbox: 0.0304  loss_centerness: 0.5529
2026/03/11 04:36:26 - mmengine - INFO - Epoch(train)  [80][ 250/1154]  base_lr: 1.2500e-04 lr: 1.2500e-04  eta: 0:36:04  time: 0.0621  data_time: 0.0007  memory: 708  grad_norm: 2.8467  loss: 0.5835  loss_cls: 0.0013  loss_bbox: 0.0318  loss_centerness: 0.5505
2026/03/11 04:36:29 - mmengine - INFO - Epoch(train)  [80][ 300/1154]  base_lr: 1.2500e-04 lr: 1.2500e-04  eta: 0:35:59  time: 0.0622  data_time: 0.0012  memory: 708  grad_norm: 2.6319  loss: 0.5778  loss_cls: 0.0019  loss_bbox: 0.0310  loss_centerness: 0.5450
2026/03/11 04:36:32 - mmengine - INFO - Epoch(train)  [80][ 350/1154]  base_lr: 1.2500e-04 lr: 1.2500e-04  eta: 0:35:54  time: 0.0621  data_time: 0.0014  memory: 708  grad_norm: 2.5370  loss: 0.5774  loss_cls: 0.0007  loss_bbox: 0.0268  loss_centerness: 0.5499
2026/03/11 04:36:35 - mmengine - INFO - Epoch(train)  [80][ 400/1154]  base_lr: 1.2500e-04 lr: 1.2500e-04  eta: 0:35:49  time: 0.0624  data_time: 0.0015  memory: 708  grad_norm: 2.9343  loss: 0.5730  loss_cls: 0.0008  loss_bbox: 0.0287  loss_centerness: 0.5435
2026/03/11 04:36:38 - mmengine - INFO - Epoch(train)  [80][ 450/1154]  base_lr: 1.2500e-04 lr: 1.2500e-04  eta: 0:35:44  time: 0.0620  data_time: 0.0014  memory: 708  grad_norm: 2.8029  loss: 0.5790  loss_cls: 0.0008  loss_bbox: 0.0307  loss_centerness: 0.5475
2026/03/11 04:36:41 - mmengine - INFO - Epoch(train)  [80][ 500/1154]  base_lr: 1.2500e-04 lr: 1.2500e-04  eta: 0:35:39  time: 0.0622  data_time: 0.0010  memory: 708  grad_norm: 2.8620  loss: 0.5841  loss_cls: 0.0006  loss_bbox: 0.0322  loss_centerness: 0.5513
2026/03/11 04:36:44 - mmengine - INFO - Epoch(train)  [80][ 550/1154]  base_lr: 1.2500e-04 lr: 1.2500e-04  eta: 0:35:35  time: 0.0622  data_time: 0.0017  memory: 708  grad_norm: 2.6059  loss: 0.5805  loss_cls: 0.0008  loss_bbox: 0.0305  loss_centerness: 0.5492
2026/03/11 04:36:48 - mmengine - INFO - Epoch(train)  [80][ 600/1154]  base_lr: 1.2500e-04 lr: 1.2500e-04  eta: 0:35:30  time: 0.0621  data_time: 0.0011  memory: 708  grad_norm: 2.8975  loss: 0.5844  loss_cls: 0.0006  loss_bbox: 0.0317  loss_centerness: 0.5521
2026/03/11 04:36:51 - mmengine - INFO - Epoch(train)  [80][ 650/1154]  base_lr: 1.2500e-04 lr: 1.2500e-04  eta: 0:35:25  time: 0.0624  data_time: 0.0015  memory: 708  grad_norm: 2.7751  loss: 0.5782  loss_cls: 0.0008  loss_bbox: 0.0323  loss_centerness: 0.5451
2026/03/11 04:36:54 - mmengine - INFO - Epoch(train)  [80][ 700/1154]  base_lr: 1.2500e-04 lr: 1.2500e-04  eta: 0:35:20  time: 0.0622  data_time: 0.0009  memory: 708  grad_norm: 3.0316  loss: 0.5866  loss_cls: 0.0027  loss_bbox: 0.0301  loss_centerness: 0.5538
2026/03/11 04:36:57 - mmengine - INFO - Epoch(train)  [80][ 750/1154]  base_lr: 1.2500e-04 lr: 1.2500e-04  eta: 0:35:15  time: 0.0621  data_time: 0.0011  memory: 708  grad_norm: 2.8764  loss: 0.5830  loss_cls: 0.0011  loss_bbox: 0.0309  loss_centerness: 0.5510
2026/03/11 04:37:00 - mmengine - INFO - Epoch(train)  [80][ 800/1154]  base_lr: 1.2500e-04 lr: 1.2500e-04  eta: 0:35:10  time: 0.0626  data_time: 0.0015  memory: 708  grad_norm: 2.8028  loss: 0.5803  loss_cls: 0.0009  loss_bbox: 0.0296  loss_centerness: 0.5498
2026/03/11 04:37:02 - mmengine - INFO - Exp name: fcos_minecraft_20260311_015948
2026/03/11 04:37:03 - mmengine - INFO - Epoch(train)  [80][ 850/1154]  base_lr: 1.2500e-04 lr: 1.2500e-04  eta: 0:35:05  time: 0.0624  data_time: 0.0012  memory: 708  grad_norm: 2.7572  loss: 0.5904  loss_cls: 0.0015  loss_bbox: 0.0323  loss_centerness: 0.5566
2026/03/11 04:37:06 - mmengine - INFO - Epoch(train)  [80][ 900/1154]  base_lr: 1.2500e-04 lr: 1.2500e-04  eta: 0:35:01  time: 0.0623  data_time: 0.0017  memory: 708  grad_norm: 3.4732  loss: 0.5909  loss_cls: 0.0013  loss_bbox: 0.0384  loss_centerness: 0.5512
2026/03/11 04:37:09 - mmengine - INFO - Epoch(train)  [80][ 950/1154]  base_lr: 1.2500e-04 lr: 1.2500e-04  eta: 0:34:56  time: 0.0637  data_time: 0.0014  memory: 708  grad_norm: 2.6567  loss: 0.5863  loss_cls: 0.0013  loss_bbox: 0.0290  loss_centerness: 0.5560
2026/03/11 04:37:13 - mmengine - INFO - Epoch(train)  [80][1000/1154]  base_lr: 1.2500e-04 lr: 1.2500e-04  eta: 0:34:51  time: 0.0622  data_time: 0.0013  memory: 708  grad_norm: 3.0137  loss: 0.5814  loss_cls: 0.0008  loss_bbox: 0.0327  loss_centerness: 0.5479
2026/03/11 04:37:16 - mmengine - INFO - Epoch(train)  [80][1050/1154]  base_lr: 1.2500e-04 lr: 1.2500e-04  eta: 0:34:46  time: 0.0622  data_time: 0.0014  memory: 708  grad_norm: 2.7113  loss: 0.5747  loss_cls: 0.0010  loss_bbox: 0.0291  loss_centerness: 0.5445
2026/03/11 04:37:19 - mmengine - INFO - Epoch(train)  [80][1100/1154]  base_lr: 1.2500e-04 lr: 1.2500e-04  eta: 0:34:41  time: 0.0620  data_time: 0.0013  memory: 708  grad_norm: 2.9428  loss: 0.5862  loss_cls: 0.0009  loss_bbox: 0.0350  loss_centerness: 0.5503
2026/03/11 04:37:22 - mmengine - INFO - Epoch(train)  [80][1150/1154]  base_lr: 1.2500e-04 lr: 1.2500e-04  eta: 0:34:36  time: 0.0623  data_time: 0.0012  memory: 708  grad_norm: 2.5902  loss: 0.5829  loss_cls: 0.0011  loss_bbox: 0.0302  loss_centerness: 0.5516
2026/03/11 04:37:22 - mmengine - INFO - Exp name: fcos_minecraft_20260311_015948
2026/03/11 04:37:22 - mmengine - INFO - Saving checkpoint at 80 epochs
2026/03/11 04:37:25 - mmengine - INFO - Epoch(val)  [80][ 50/422]    eta: 0:00:06  time: 0.0168  data_time: 0.0005  memory: 708  
2026/03/11 04:37:25 - mmengine - INFO - Epoch(val)  [80][100/422]    eta: 0:00:05  time: 0.0163  data_time: 0.0004  memory: 403  
2026/03/11 04:37:26 - mmengine - INFO - Epoch(val)  [80][150/422]    eta: 0:00:04  time: 0.0163  data_time: 0.0002  memory: 403  
2026/03/11 04:37:27 - mmengine - INFO - Epoch(val)  [80][200/422]    eta: 0:00:03  time: 0.0161  data_time: 0.0003  memory: 403  
2026/03/11 04:37:28 - mmengine - INFO - Epoch(val)  [80][250/422]    eta: 0:00:02  time: 0.0163  data_time: 0.0005  memory: 403  
2026/03/11 04:37:29 - mmengine - INFO - Epoch(val)  [80][300/422]    eta: 0:00:02  time: 0.0167  data_time: 0.0003  memory: 403  
2026/03/11 04:37:29 - mmengine - INFO - Epoch(val)  [80][350/422]    eta: 0:00:01  time: 0.0165  data_time: 0.0004  memory: 403  
2026/03/11 04:37:30 - mmengine - INFO - Epoch(val)  [80][400/422]    eta: 0:00:00  time: 0.0167  data_time: 0.0003  memory: 403  
2026/03/11 04:37:31 - mmengine - INFO - Evaluating bbox...
2026/03/11 04:37:31 - mmengine - INFO - bbox_mAP_copypaste: 0.299 0.484 0.345 0.017 0.145 0.463
2026/03/11 04:37:31 - mmengine - INFO - Epoch(val) [80][422/422]    coco/bbox_mAP: 0.2990  coco/bbox_mAP_50: 0.4840  coco/bbox_mAP_75: 0.3450  coco/bbox_mAP_s: 0.0170  coco/bbox_mAP_m: 0.1450  coco/bbox_mAP_l: 0.4630  data_time: 0.0004  time: 0.0164
2026/03/11 04:37:34 - mmengine - INFO - Epoch(train)  [81][  50/1154]  base_lr: 1.2500e-04 lr: 1.2500e-04  eta: 0:34:31  time: 0.0624  data_time: 0.0015  memory: 708  grad_norm: 2.5668  loss: 0.5820  loss_cls: 0.0009  loss_bbox: 0.0298  loss_centerness: 0.5513
2026/03/11 04:37:37 - mmengine - INFO - Epoch(train)  [81][ 100/1154]  base_lr: 1.2500e-04 lr: 1.2500e-04  eta: 0:34:26  time: 0.0623  data_time: 0.0014  memory: 708  grad_norm: 2.9455  loss: 0.5824  loss_cls: 0.0009  loss_bbox: 0.0330  loss_centerness: 0.5485
2026/03/11 04:37:40 - mmengine - INFO - Epoch(train)  [81][ 150/1154]  base_lr: 1.2500e-04 lr: 1.2500e-04  eta: 0:34:21  time: 0.0629  data_time: 0.0012  memory: 708  grad_norm: 2.7109  loss: 0.5691  loss_cls: 0.0007  loss_bbox: 0.0307  loss_centerness: 0.5376
2026/03/11 04:37:44 - mmengine - INFO - Epoch(train)  [81][ 200/1154]  base_lr: 1.2500e-04 lr: 1.2500e-04  eta: 0:34:17  time: 0.0649  data_time: 0.0019  memory: 708  grad_norm: 2.5694  loss: 0.5834  loss_cls: 0.0009  loss_bbox: 0.0294  loss_centerness: 0.5532
2026/03/11 04:37:47 - mmengine - INFO - Epoch(train)  [81][ 250/1154]  base_lr: 1.2500e-04 lr: 1.2500e-04  eta: 0:34:12  time: 0.0636  data_time: 0.0014  memory: 708  grad_norm: 2.7826  loss: 0.5755  loss_cls: 0.0006  loss_bbox: 0.0274  loss_centerness: 0.5475
2026/03/11 04:37:50 - mmengine - INFO - Epoch(train)  [81][ 300/1154]  base_lr: 1.2500e-04 lr: 1.2500e-04  eta: 0:34:07  time: 0.0629  data_time: 0.0015  memory: 708  grad_norm: 2.6479  loss: 0.5801  loss_cls: 0.0009  loss_bbox: 0.0277  loss_centerness: 0.5515
2026/03/11 04:37:53 - mmengine - INFO - Epoch(train)  [81][ 350/1154]  base_lr: 1.2500e-04 lr: 1.2500e-04  eta: 0:34:02  time: 0.0629  data_time: 0.0017  memory: 708  grad_norm: 2.7367  loss: 0.5834  loss_cls: 0.0007  loss_bbox: 0.0304  loss_centerness: 0.5523
2026/03/11 04:37:56 - mmengine - INFO - Epoch(train)  [81][ 400/1154]  base_lr: 1.2500e-04 lr: 1.2500e-04  eta: 0:33:57  time: 0.0627  data_time: 0.0012  memory: 708  grad_norm: 2.3955  loss: 0.5778  loss_cls: 0.0007  loss_bbox: 0.0268  loss_centerness: 0.5503
2026/03/11 04:37:59 - mmengine - INFO - Epoch(train)  [81][ 450/1154]  base_lr: 1.2500e-04 lr: 1.2500e-04  eta: 0:33:52  time: 0.0624  data_time: 0.0011  memory: 708  grad_norm: 2.8232  loss: 0.5908  loss_cls: 0.0115  loss_bbox: 0.0344  loss_centerness: 0.5449
2026/03/11 04:38:03 - mmengine - INFO - Epoch(train)  [81][ 500/1154]  base_lr: 1.2500e-04 lr: 1.2500e-04  eta: 0:33:48  time: 0.0628  data_time: 0.0013  memory: 708  grad_norm: 2.7863  loss: 0.5881  loss_cls: 0.0010  loss_bbox: 0.0320  loss_centerness: 0.5551
2026/03/11 04:38:06 - mmengine - INFO - Epoch(train)  [81][ 550/1154]  base_lr: 1.2500e-04 lr: 1.2500e-04  eta: 0:33:43  time: 0.0643  data_time: 0.0014  memory: 708  grad_norm: 2.8858  loss: 0.5735  loss_cls: 0.0005  loss_bbox: 0.0258  loss_centerness: 0.5472
2026/03/11 04:38:09 - mmengine - INFO - Epoch(train)  [81][ 600/1154]  base_lr: 1.2500e-04 lr: 1.2500e-04  eta: 0:33:38  time: 0.0633  data_time: 0.0016  memory: 708  grad_norm: 2.7151  loss: 0.5868  loss_cls: 0.0012  loss_bbox: 0.0345  loss_centerness: 0.5511
2026/03/11 04:38:12 - mmengine - INFO - Epoch(train)  [81][ 650/1154]  base_lr: 1.2500e-04 lr: 1.2500e-04  eta: 0:33:33  time: 0.0630  data_time: 0.0011  memory: 708  grad_norm: 2.8468  loss: 0.5795  loss_cls: 0.0010  loss_bbox: 0.0311  loss_centerness: 0.5474
2026/03/11 04:38:14 - mmengine - INFO - Exp name: fcos_minecraft_20260311_015948
2026/03/11 04:38:15 - mmengine - INFO - Epoch(train)  [81][ 700/1154]  base_lr: 1.2500e-04 lr: 1.2500e-04  eta: 0:33:28  time: 0.0624  data_time: 0.0014  memory: 708  grad_norm: 2.8998  loss: 0.5916  loss_cls: 0.0015  loss_bbox: 0.0337  loss_centerness: 0.5565
2026/03/11 04:38:18 - mmengine - INFO - Epoch(train)  [81][ 750/1154]  base_lr: 1.2500e-04 lr: 1.2500e-04  eta: 0:33:24  time: 0.0626  data_time: 0.0023  memory: 708  grad_norm: 3.1464  loss: 0.5836  loss_cls: 0.0008  loss_bbox: 0.0324  loss_centerness: 0.5504
2026/03/11 04:38:22 - mmengine - INFO - Epoch(train)  [81][ 800/1154]  base_lr: 1.2500e-04 lr: 1.2500e-04  eta: 0:33:19  time: 0.0628  data_time: 0.0012  memory: 708  grad_norm: 2.7854  loss: 0.5767  loss_cls: 0.0012  loss_bbox: 0.0286  loss_centerness: 0.5469
2026/03/11 04:38:25 - mmengine - INFO - Epoch(train)  [81][ 850/1154]  base_lr: 1.2500e-04 lr: 1.2500e-04  eta: 0:33:14  time: 0.0622  data_time: 0.0013  memory: 708  grad_norm: 3.1398  loss: 0.5834  loss_cls: 0.0007  loss_bbox: 0.0327  loss_centerness: 0.5500
2026/03/11 04:38:28 - mmengine - INFO - Epoch(train)  [81][ 900/1154]  base_lr: 1.2500e-04 lr: 1.2500e-04  eta: 0:33:09  time: 0.0627  data_time: 0.0012  memory: 708  grad_norm: 3.5039  loss: 0.5911  loss_cls: 0.0019  loss_bbox: 0.0370  loss_centerness: 0.5523
2026/03/11 04:38:31 - mmengine - INFO - Epoch(train)  [81][ 950/1154]  base_lr: 1.2500e-04 lr: 1.2500e-04  eta: 0:33:04  time: 0.0626  data_time: 0.0010  memory: 708  grad_norm: 2.8932  loss: 0.5792  loss_cls: 0.0009  loss_bbox: 0.0337  loss_centerness: 0.5447
2026/03/11 04:38:34 - mmengine - INFO - Epoch(train)  [81][1000/1154]  base_lr: 1.2500e-04 lr: 1.2500e-04  eta: 0:33:00  time: 0.0620  data_time: 0.0016  memory: 708  grad_norm: 2.8271  loss: 0.5709  loss_cls: 0.0007  loss_bbox: 0.0298  loss_centerness: 0.5403
2026/03/11 04:38:37 - mmengine - INFO - Epoch(train)  [81][1050/1154]  base_lr: 1.2500e-04 lr: 1.2500e-04  eta: 0:32:55  time: 0.0631  data_time: 0.0020  memory: 708  grad_norm: 3.0209  loss: 0.5858  loss_cls: 0.0010  loss_bbox: 0.0320  loss_centerness: 0.5528
2026/03/11 04:38:40 - mmengine - INFO - Epoch(train)  [81][1100/1154]  base_lr: 1.2500e-04 lr: 1.2500e-04  eta: 0:32:50  time: 0.0621  data_time: 0.0011  memory: 708  grad_norm: 2.6229  loss: 0.5847  loss_cls: 0.0016  loss_bbox: 0.0317  loss_centerness: 0.5514
2026/03/11 04:38:43 - mmengine - INFO - Epoch(train)  [81][1150/1154]  base_lr: 1.2500e-04 lr: 1.2500e-04  eta: 0:32:45  time: 0.0628  data_time: 0.0016  memory: 708  grad_norm: 2.6278  loss: 0.5748  loss_cls: 0.0005  loss_bbox: 0.0289  loss_centerness: 0.5454
2026/03/11 04:38:44 - mmengine - INFO - Exp name: fcos_minecraft_20260311_015948
2026/03/11 04:38:44 - mmengine - INFO - Saving checkpoint at 81 epochs
2026/03/11 04:38:46 - mmengine - INFO - Epoch(val)  [81][ 50/422]    eta: 0:00:06  time: 0.0165  data_time: 0.0005  memory: 708  
2026/03/11 04:38:47 - mmengine - INFO - Epoch(val)  [81][100/422]    eta: 0:00:05  time: 0.0171  data_time: 0.0006  memory: 403  
2026/03/11 04:38:48 - mmengine - INFO - Epoch(val)  [81][150/422]    eta: 0:00:04  time: 0.0168  data_time: 0.0004  memory: 403  
2026/03/11 04:38:48 - mmengine - INFO - Epoch(val)  [81][200/422]    eta: 0:00:03  time: 0.0165  data_time: 0.0007  memory: 403  
2026/03/11 04:38:49 - mmengine - INFO - Epoch(val)  [81][250/422]    eta: 0:00:02  time: 0.0166  data_time: 0.0006  memory: 403  
2026/03/11 04:38:50 - mmengine - INFO - Epoch(val)  [81][300/422]    eta: 0:00:02  time: 0.0169  data_time: 0.0004  memory: 403  
2026/03/11 04:38:51 - mmengine - INFO - Epoch(val)  [81][350/422]    eta: 0:00:01  time: 0.0168  data_time: 0.0004  memory: 403  
2026/03/11 04:38:52 - mmengine - INFO - Epoch(val)  [81][400/422]    eta: 0:00:00  time: 0.0167  data_time: 0.0006  memory: 403  
2026/03/11 04:38:52 - mmengine - INFO - Evaluating bbox...
2026/03/11 04:38:53 - mmengine - INFO - bbox_mAP_copypaste: 0.301 0.482 0.347 0.017 0.153 0.467
2026/03/11 04:38:53 - mmengine - INFO - Epoch(val) [81][422/422]    coco/bbox_mAP: 0.3010  coco/bbox_mAP_50: 0.4820  coco/bbox_mAP_75: 0.3470  coco/bbox_mAP_s: 0.0170  coco/bbox_mAP_m: 0.1530  coco/bbox_mAP_l: 0.4670  data_time: 0.0005  time: 0.0167
2026/03/11 04:38:56 - mmengine - INFO - Epoch(train)  [82][  50/1154]  base_lr: 1.2500e-04 lr: 1.2500e-04  eta: 0:32:40  time: 0.0630  data_time: 0.0017  memory: 708  grad_norm: 2.6612  loss: 0.5773  loss_cls: 0.0012  loss_bbox: 0.0288  loss_centerness: 0.5472
2026/03/11 04:38:59 - mmengine - INFO - Epoch(train)  [82][ 100/1154]  base_lr: 1.2500e-04 lr: 1.2500e-04  eta: 0:32:35  time: 0.0631  data_time: 0.0014  memory: 708  grad_norm: 2.8307  loss: 0.5898  loss_cls: 0.0038  loss_bbox: 0.0317  loss_centerness: 0.5542
2026/03/11 04:39:02 - mmengine - INFO - Epoch(train)  [82][ 150/1154]  base_lr: 1.2500e-04 lr: 1.2500e-04  eta: 0:32:30  time: 0.0629  data_time: 0.0013  memory: 708  grad_norm: 2.9263  loss: 0.5843  loss_cls: 0.0007  loss_bbox: 0.0303  loss_centerness: 0.5533
2026/03/11 04:39:05 - mmengine - INFO - Epoch(train)  [82][ 200/1154]  base_lr: 1.2500e-04 lr: 1.2500e-04  eta: 0:32:26  time: 0.0627  data_time: 0.0013  memory: 708  grad_norm: 2.5943  loss: 0.5759  loss_cls: 0.0012  loss_bbox: 0.0298  loss_centerness: 0.5449
2026/03/11 04:39:08 - mmengine - INFO - Epoch(train)  [82][ 250/1154]  base_lr: 1.2500e-04 lr: 1.2500e-04  eta: 0:32:21  time: 0.0634  data_time: 0.0012  memory: 708  grad_norm: 2.4989  loss: 0.5740  loss_cls: 0.0005  loss_bbox: 0.0274  loss_centerness: 0.5461
2026/03/11 04:39:12 - mmengine - INFO - Epoch(train)  [82][ 300/1154]  base_lr: 1.2500e-04 lr: 1.2500e-04  eta: 0:32:16  time: 0.0699  data_time: 0.0019  memory: 708  grad_norm: 2.8958  loss: 0.5831  loss_cls: 0.0009  loss_bbox: 0.0304  loss_centerness: 0.5518
2026/03/11 04:39:16 - mmengine - INFO - Epoch(train)  [82][ 350/1154]  base_lr: 1.2500e-04 lr: 1.2500e-04  eta: 0:32:11  time: 0.0743  data_time: 0.0017  memory: 708  grad_norm: 2.8742  loss: 0.5825  loss_cls: 0.0010  loss_bbox: 0.0351  loss_centerness: 0.5464
2026/03/11 04:39:19 - mmengine - INFO - Epoch(train)  [82][ 400/1154]  base_lr: 1.2500e-04 lr: 1.2500e-04  eta: 0:32:07  time: 0.0657  data_time: 0.0016  memory: 708  grad_norm: 3.2109  loss: 0.5719  loss_cls: 0.0007  loss_bbox: 0.0333  loss_centerness: 0.5379
2026/03/11 04:39:23 - mmengine - INFO - Epoch(train)  [82][ 450/1154]  base_lr: 1.2500e-04 lr: 1.2500e-04  eta: 0:32:02  time: 0.0727  data_time: 0.0016  memory: 708  grad_norm: 2.8479  loss: 0.5811  loss_cls: 0.0007  loss_bbox: 0.0280  loss_centerness: 0.5523
2026/03/11 04:39:26 - mmengine - INFO - Epoch(train)  [82][ 500/1154]  base_lr: 1.2500e-04 lr: 1.2500e-04  eta: 0:31:57  time: 0.0633  data_time: 0.0016  memory: 708  grad_norm: 2.6407  loss: 0.5760  loss_cls: 0.0008  loss_bbox: 0.0278  loss_centerness: 0.5474
2026/03/11 04:39:27 - mmengine - INFO - Exp name: fcos_minecraft_20260311_015948
2026/03/11 04:39:29 - mmengine - INFO - Epoch(train)  [82][ 550/1154]  base_lr: 1.2500e-04 lr: 1.2500e-04  eta: 0:31:53  time: 0.0639  data_time: 0.0015  memory: 708  grad_norm: 2.6312  loss: 0.5810  loss_cls: 0.0007  loss_bbox: 0.0298  loss_centerness: 0.5505
2026/03/11 04:39:32 - mmengine - INFO - Epoch(train)  [82][ 600/1154]  base_lr: 1.2500e-04 lr: 1.2500e-04  eta: 0:31:48  time: 0.0634  data_time: 0.0015  memory: 708  grad_norm: 2.6988  loss: 0.5817  loss_cls: 0.0008  loss_bbox: 0.0279  loss_centerness: 0.5530
2026/03/11 04:39:35 - mmengine - INFO - Epoch(train)  [82][ 650/1154]  base_lr: 1.2500e-04 lr: 1.2500e-04  eta: 0:31:43  time: 0.0622  data_time: 0.0018  memory: 708  grad_norm: 2.8813  loss: 0.5832  loss_cls: 0.0015  loss_bbox: 0.0304  loss_centerness: 0.5513
2026/03/11 04:39:38 - mmengine - INFO - Epoch(train)  [82][ 700/1154]  base_lr: 1.2500e-04 lr: 1.2500e-04  eta: 0:31:38  time: 0.0631  data_time: 0.0013  memory: 708  grad_norm: 2.8236  loss: 0.5850  loss_cls: 0.0015  loss_bbox: 0.0344  loss_centerness: 0.5491
2026/03/11 04:39:42 - mmengine - INFO - Epoch(train)  [82][ 750/1154]  base_lr: 1.2500e-04 lr: 1.2500e-04  eta: 0:31:33  time: 0.0626  data_time: 0.0017  memory: 708  grad_norm: 2.8711  loss: 0.5800  loss_cls: 0.0009  loss_bbox: 0.0309  loss_centerness: 0.5482
2026/03/11 04:39:45 - mmengine - INFO - Epoch(train)  [82][ 800/1154]  base_lr: 1.2500e-04 lr: 1.2500e-04  eta: 0:31:29  time: 0.0628  data_time: 0.0009  memory: 708  grad_norm: 2.5707  loss: 0.5861  loss_cls: 0.0010  loss_bbox: 0.0306  loss_centerness: 0.5545
2026/03/11 04:39:48 - mmengine - INFO - Epoch(train)  [82][ 850/1154]  base_lr: 1.2500e-04 lr: 1.2500e-04  eta: 0:31:24  time: 0.0698  data_time: 0.0014  memory: 708  grad_norm: 2.4790  loss: 0.5812  loss_cls: 0.0008  loss_bbox: 0.0278  loss_centerness: 0.5526
2026/03/11 04:39:52 - mmengine - INFO - Epoch(train)  [82][ 900/1154]  base_lr: 1.2500e-04 lr: 1.2500e-04  eta: 0:31:19  time: 0.0663  data_time: 0.0012  memory: 708  grad_norm: 2.6904  loss: 0.5717  loss_cls: 0.0004  loss_bbox: 0.0281  loss_centerness: 0.5432
2026/03/11 04:39:55 - mmengine - INFO - Epoch(train)  [82][ 950/1154]  base_lr: 1.2500e-04 lr: 1.2500e-04  eta: 0:31:15  time: 0.0677  data_time: 0.0015  memory: 708  grad_norm: 2.6371  loss: 0.5838  loss_cls: 0.0017  loss_bbox: 0.0310  loss_centerness: 0.5512
2026/03/11 04:39:59 - mmengine - INFO - Epoch(train)  [82][1000/1154]  base_lr: 1.2500e-04 lr: 1.2500e-04  eta: 0:31:10  time: 0.0728  data_time: 0.0017  memory: 708  grad_norm: 3.0128  loss: 0.5820  loss_cls: 0.0007  loss_bbox: 0.0304  loss_centerness: 0.5509
2026/03/11 04:40:02 - mmengine - INFO - Epoch(train)  [82][1050/1154]  base_lr: 1.2500e-04 lr: 1.2500e-04  eta: 0:31:05  time: 0.0731  data_time: 0.0017  memory: 708  grad_norm: 2.7218  loss: 0.5719  loss_cls: 0.0008  loss_bbox: 0.0289  loss_centerness: 0.5422
2026/03/11 04:40:06 - mmengine - INFO - Epoch(train)  [82][1100/1154]  base_lr: 1.2500e-04 lr: 1.2500e-04  eta: 0:31:00  time: 0.0661  data_time: 0.0014  memory: 708  grad_norm: 2.7484  loss: 0.5841  loss_cls: 0.0009  loss_bbox: 0.0304  loss_centerness: 0.5528
2026/03/11 04:40:09 - mmengine - INFO - Epoch(train)  [82][1150/1154]  base_lr: 1.2500e-04 lr: 1.2500e-04  eta: 0:30:56  time: 0.0669  data_time: 0.0014  memory: 708  grad_norm: 2.8788  loss: 0.5826  loss_cls: 0.0008  loss_bbox: 0.0310  loss_centerness: 0.5507
2026/03/11 04:40:09 - mmengine - INFO - Exp name: fcos_minecraft_20260311_015948
2026/03/11 04:40:09 - mmengine - INFO - Saving checkpoint at 82 epochs
2026/03/11 04:40:12 - mmengine - INFO - Epoch(val)  [82][ 50/422]    eta: 0:00:06  time: 0.0168  data_time: 0.0007  memory: 708  
2026/03/11 04:40:12 - mmengine - INFO - Epoch(val)  [82][100/422]    eta: 0:00:05  time: 0.0165  data_time: 0.0006  memory: 403  
2026/03/11 04:40:13 - mmengine - INFO - Epoch(val)  [82][150/422]    eta: 0:00:04  time: 0.0173  data_time: 0.0007  memory: 403  
2026/03/11 04:40:14 - mmengine - INFO - Epoch(val)  [82][200/422]    eta: 0:00:03  time: 0.0168  data_time: 0.0006  memory: 403  
2026/03/11 04:40:15 - mmengine - INFO - Epoch(val)  [82][250/422]    eta: 0:00:02  time: 0.0179  data_time: 0.0007  memory: 403  
2026/03/11 04:40:16 - mmengine - INFO - Epoch(val)  [82][300/422]    eta: 0:00:02  time: 0.0190  data_time: 0.0006  memory: 403  
2026/03/11 04:40:17 - mmengine - INFO - Epoch(val)  [82][350/422]    eta: 0:00:01  time: 0.0180  data_time: 0.0006  memory: 403  
2026/03/11 04:40:18 - mmengine - INFO - Epoch(val)  [82][400/422]    eta: 0:00:00  time: 0.0189  data_time: 0.0006  memory: 403  
2026/03/11 04:40:18 - mmengine - INFO - Evaluating bbox...
2026/03/11 04:40:19 - mmengine - INFO - bbox_mAP_copypaste: 0.302 0.483 0.349 0.018 0.145 0.468
2026/03/11 04:40:19 - mmengine - INFO - Epoch(val) [82][422/422]    coco/bbox_mAP: 0.3020  coco/bbox_mAP_50: 0.4830  coco/bbox_mAP_75: 0.3490  coco/bbox_mAP_s: 0.0180  coco/bbox_mAP_m: 0.1450  coco/bbox_mAP_l: 0.4680  data_time: 0.0006  time: 0.0176
2026/03/11 04:40:22 - mmengine - INFO - Epoch(train)  [83][  50/1154]  base_lr: 1.2500e-04 lr: 1.2500e-04  eta: 0:30:51  time: 0.0689  data_time: 0.0017  memory: 708  grad_norm: 2.5707  loss: 0.5777  loss_cls: 0.0008  loss_bbox: 0.0304  loss_centerness: 0.5465
2026/03/11 04:40:25 - mmengine - INFO - Epoch(train)  [83][ 100/1154]  base_lr: 1.2500e-04 lr: 1.2500e-04  eta: 0:30:46  time: 0.0677  data_time: 0.0016  memory: 708  grad_norm: 2.4299  loss: 0.5747  loss_cls: 0.0007  loss_bbox: 0.0258  loss_centerness: 0.5481
2026/03/11 04:40:29 - mmengine - INFO - Epoch(train)  [83][ 150/1154]  base_lr: 1.2500e-04 lr: 1.2500e-04  eta: 0:30:41  time: 0.0720  data_time: 0.0017  memory: 708  grad_norm: 2.6478  loss: 0.5772  loss_cls: 0.0012  loss_bbox: 0.0298  loss_centerness: 0.5461
2026/03/11 04:40:32 - mmengine - INFO - Epoch(train)  [83][ 200/1154]  base_lr: 1.2500e-04 lr: 1.2500e-04  eta: 0:30:37  time: 0.0662  data_time: 0.0013  memory: 708  grad_norm: 2.5058  loss: 0.5892  loss_cls: 0.0010  loss_bbox: 0.0303  loss_centerness: 0.5579
2026/03/11 04:40:36 - mmengine - INFO - Epoch(train)  [83][ 250/1154]  base_lr: 1.2500e-04 lr: 1.2500e-04  eta: 0:30:32  time: 0.0665  data_time: 0.0015  memory: 708  grad_norm: 2.9060  loss: 0.5786  loss_cls: 0.0013  loss_bbox: 0.0307  loss_centerness: 0.5466
2026/03/11 04:40:39 - mmengine - INFO - Epoch(train)  [83][ 300/1154]  base_lr: 1.2500e-04 lr: 1.2500e-04  eta: 0:30:27  time: 0.0664  data_time: 0.0014  memory: 708  grad_norm: 2.9197  loss: 0.5782  loss_cls: 0.0006  loss_bbox: 0.0277  loss_centerness: 0.5498
2026/03/11 04:40:42 - mmengine - INFO - Epoch(train)  [83][ 350/1154]  base_lr: 1.2500e-04 lr: 1.2500e-04  eta: 0:30:22  time: 0.0667  data_time: 0.0015  memory: 708  grad_norm: 2.6498  loss: 0.5750  loss_cls: 0.0008  loss_bbox: 0.0266  loss_centerness: 0.5476
2026/03/11 04:40:44 - mmengine - INFO - Exp name: fcos_minecraft_20260311_015948
2026/03/11 04:40:46 - mmengine - INFO - Epoch(train)  [83][ 400/1154]  base_lr: 1.2500e-04 lr: 1.2500e-04  eta: 0:30:18  time: 0.0664  data_time: 0.0015  memory: 708  grad_norm: 2.8869  loss: 0.5775  loss_cls: 0.0007  loss_bbox: 0.0278  loss_centerness: 0.5489
2026/03/11 04:40:49 - mmengine - INFO - Epoch(train)  [83][ 450/1154]  base_lr: 1.2500e-04 lr: 1.2500e-04  eta: 0:30:13  time: 0.0664  data_time: 0.0016  memory: 708  grad_norm: 2.8074  loss: 0.5757  loss_cls: 0.0009  loss_bbox: 0.0283  loss_centerness: 0.5465
2026/03/11 04:40:52 - mmengine - INFO - Epoch(train)  [83][ 500/1154]  base_lr: 1.2500e-04 lr: 1.2500e-04  eta: 0:30:08  time: 0.0673  data_time: 0.0016  memory: 708  grad_norm: 2.4251  loss: 0.5791  loss_cls: 0.0009  loss_bbox: 0.0280  loss_centerness: 0.5502
2026/03/11 04:40:56 - mmengine - INFO - Epoch(train)  [83][ 550/1154]  base_lr: 1.2500e-04 lr: 1.2500e-04  eta: 0:30:04  time: 0.0670  data_time: 0.0016  memory: 708  grad_norm: 2.7063  loss: 0.5799  loss_cls: 0.0009  loss_bbox: 0.0340  loss_centerness: 0.5451
2026/03/11 04:40:59 - mmengine - INFO - Epoch(train)  [83][ 600/1154]  base_lr: 1.2500e-04 lr: 1.2500e-04  eta: 0:29:59  time: 0.0684  data_time: 0.0015  memory: 708  grad_norm: 2.7315  loss: 0.5817  loss_cls: 0.0007  loss_bbox: 0.0286  loss_centerness: 0.5524
2026/03/11 04:41:03 - mmengine - INFO - Epoch(train)  [83][ 650/1154]  base_lr: 1.2500e-04 lr: 1.2500e-04  eta: 0:29:54  time: 0.0662  data_time: 0.0013  memory: 708  grad_norm: 2.5426  loss: 0.5768  loss_cls: 0.0006  loss_bbox: 0.0263  loss_centerness: 0.5498
2026/03/11 04:41:06 - mmengine - INFO - Epoch(train)  [83][ 700/1154]  base_lr: 1.2500e-04 lr: 1.2500e-04  eta: 0:29:50  time: 0.0691  data_time: 0.0014  memory: 708  grad_norm: 2.6832  loss: 0.5734  loss_cls: 0.0006  loss_bbox: 0.0286  loss_centerness: 0.5442
2026/03/11 04:41:10 - mmengine - INFO - Epoch(train)  [83][ 750/1154]  base_lr: 1.2500e-04 lr: 1.2500e-04  eta: 0:29:45  time: 0.0719  data_time: 0.0017  memory: 708  grad_norm: 3.3901  loss: 0.5895  loss_cls: 0.0009  loss_bbox: 0.0361  loss_centerness: 0.5525
2026/03/11 04:41:13 - mmengine - INFO - Epoch(train)  [83][ 800/1154]  base_lr: 1.2500e-04 lr: 1.2500e-04  eta: 0:29:40  time: 0.0749  data_time: 0.0018  memory: 708  grad_norm: 2.6275  loss: 0.5826  loss_cls: 0.0020  loss_bbox: 0.0270  loss_centerness: 0.5537
2026/03/11 04:41:17 - mmengine - INFO - Epoch(train)  [83][ 850/1154]  base_lr: 1.2500e-04 lr: 1.2500e-04  eta: 0:29:36  time: 0.0699  data_time: 0.0015  memory: 708  grad_norm: 2.7084  loss: 0.5720  loss_cls: 0.0008  loss_bbox: 0.0302  loss_centerness: 0.5411
2026/03/11 04:41:20 - mmengine - INFO - Epoch(train)  [83][ 900/1154]  base_lr: 1.2500e-04 lr: 1.2500e-04  eta: 0:29:31  time: 0.0698  data_time: 0.0016  memory: 708  grad_norm: 2.4948  loss: 0.5805  loss_cls: 0.0011  loss_bbox: 0.0279  loss_centerness: 0.5515
2026/03/11 04:41:24 - mmengine - INFO - Epoch(train)  [83][ 950/1154]  base_lr: 1.2500e-04 lr: 1.2500e-04  eta: 0:29:26  time: 0.0675  data_time: 0.0015  memory: 708  grad_norm: 2.7809  loss: 0.5838  loss_cls: 0.0014  loss_bbox: 0.0297  loss_centerness: 0.5526
2026/03/11 04:41:27 - mmengine - INFO - Epoch(train)  [83][1000/1154]  base_lr: 1.2500e-04 lr: 1.2500e-04  eta: 0:29:22  time: 0.0668  data_time: 0.0014  memory: 708  grad_norm: 2.6824  loss: 0.5799  loss_cls: 0.0005  loss_bbox: 0.0295  loss_centerness: 0.5499
2026/03/11 04:41:30 - mmengine - INFO - Epoch(train)  [83][1050/1154]  base_lr: 1.2500e-04 lr: 1.2500e-04  eta: 0:29:17  time: 0.0678  data_time: 0.0017  memory: 708  grad_norm: 2.7639  loss: 0.5799  loss_cls: 0.0007  loss_bbox: 0.0298  loss_centerness: 0.5494
2026/03/11 04:41:34 - mmengine - INFO - Epoch(train)  [83][1100/1154]  base_lr: 1.2500e-04 lr: 1.2500e-04  eta: 0:29:12  time: 0.0653  data_time: 0.0015  memory: 708  grad_norm: 2.6458  loss: 0.5832  loss_cls: 0.0013  loss_bbox: 0.0284  loss_centerness: 0.5535
2026/03/11 04:41:37 - mmengine - INFO - Epoch(train)  [83][1150/1154]  base_lr: 1.2500e-04 lr: 1.2500e-04  eta: 0:29:08  time: 0.0644  data_time: 0.0015  memory: 708  grad_norm: 2.7365  loss: 0.5761  loss_cls: 0.0010  loss_bbox: 0.0279  loss_centerness: 0.5472
2026/03/11 04:41:37 - mmengine - INFO - Exp name: fcos_minecraft_20260311_015948
2026/03/11 04:41:37 - mmengine - INFO - Saving checkpoint at 83 epochs
2026/03/11 04:41:40 - mmengine - INFO - Epoch(val)  [83][ 50/422]    eta: 0:00:07  time: 0.0192  data_time: 0.0007  memory: 708  
2026/03/11 04:41:41 - mmengine - INFO - Epoch(val)  [83][100/422]    eta: 0:00:05  time: 0.0179  data_time: 0.0007  memory: 403  
2026/03/11 04:41:41 - mmengine - INFO - Epoch(val)  [83][150/422]    eta: 0:00:04  time: 0.0170  data_time: 0.0007  memory: 403  
2026/03/11 04:41:42 - mmengine - INFO - Epoch(val)  [83][200/422]    eta: 0:00:03  time: 0.0178  data_time: 0.0007  memory: 403  
2026/03/11 04:41:43 - mmengine - INFO - Epoch(val)  [83][250/422]    eta: 0:00:03  time: 0.0182  data_time: 0.0006  memory: 403  
2026/03/11 04:41:44 - mmengine - INFO - Epoch(val)  [83][300/422]    eta: 0:00:02  time: 0.0171  data_time: 0.0007  memory: 403  
2026/03/11 04:41:45 - mmengine - INFO - Epoch(val)  [83][350/422]    eta: 0:00:01  time: 0.0175  data_time: 0.0007  memory: 403  
2026/03/11 04:41:46 - mmengine - INFO - Epoch(val)  [83][400/422]    eta: 0:00:00  time: 0.0182  data_time: 0.0005  memory: 403  
2026/03/11 04:41:46 - mmengine - INFO - Evaluating bbox...
2026/03/11 04:41:47 - mmengine - INFO - bbox_mAP_copypaste: 0.294 0.484 0.345 0.017 0.151 0.454
2026/03/11 04:41:47 - mmengine - INFO - Epoch(val) [83][422/422]    coco/bbox_mAP: 0.2940  coco/bbox_mAP_50: 0.4840  coco/bbox_mAP_75: 0.3450  coco/bbox_mAP_s: 0.0170  coco/bbox_mAP_m: 0.1510  coco/bbox_mAP_l: 0.4540  data_time: 0.0006  time: 0.0179
2026/03/11 04:41:50 - mmengine - INFO - Epoch(train)  [84][  50/1154]  base_lr: 1.2500e-04 lr: 1.2500e-04  eta: 0:29:03  time: 0.0664  data_time: 0.0016  memory: 708  grad_norm: 2.8346  loss: 0.5858  loss_cls: 0.0015  loss_bbox: 0.0306  loss_centerness: 0.5538
2026/03/11 04:41:53 - mmengine - INFO - Epoch(train)  [84][ 100/1154]  base_lr: 1.2500e-04 lr: 1.2500e-04  eta: 0:28:58  time: 0.0676  data_time: 0.0015  memory: 708  grad_norm: 2.7857  loss: 0.5709  loss_cls: 0.0009  loss_bbox: 0.0277  loss_centerness: 0.5424
2026/03/11 04:41:57 - mmengine - INFO - Epoch(train)  [84][ 150/1154]  base_lr: 1.2500e-04 lr: 1.2500e-04  eta: 0:28:53  time: 0.0654  data_time: 0.0014  memory: 708  grad_norm: 3.2049  loss: 0.5749  loss_cls: 0.0010  loss_bbox: 0.0334  loss_centerness: 0.5405
2026/03/11 04:42:00 - mmengine - INFO - Epoch(train)  [84][ 200/1154]  base_lr: 1.2500e-04 lr: 1.2500e-04  eta: 0:28:49  time: 0.0683  data_time: 0.0016  memory: 708  grad_norm: 3.0990  loss: 0.5785  loss_cls: 0.0007  loss_bbox: 0.0302  loss_centerness: 0.5476
2026/03/11 04:42:01 - mmengine - INFO - Exp name: fcos_minecraft_20260311_015948
2026/03/11 04:42:04 - mmengine - INFO - Epoch(train)  [84][ 250/1154]  base_lr: 1.2500e-04 lr: 1.2500e-04  eta: 0:28:44  time: 0.0684  data_time: 0.0015  memory: 708  grad_norm: 2.5517  loss: 0.5759  loss_cls: 0.0005  loss_bbox: 0.0247  loss_centerness: 0.5507
2026/03/11 04:42:07 - mmengine - INFO - Epoch(train)  [84][ 300/1154]  base_lr: 1.2500e-04 lr: 1.2500e-04  eta: 0:28:39  time: 0.0635  data_time: 0.0015  memory: 708  grad_norm: 2.6979  loss: 0.5818  loss_cls: 0.0007  loss_bbox: 0.0258  loss_centerness: 0.5553
2026/03/11 04:42:10 - mmengine - INFO - Epoch(train)  [84][ 350/1154]  base_lr: 1.2500e-04 lr: 1.2500e-04  eta: 0:28:34  time: 0.0655  data_time: 0.0015  memory: 708  grad_norm: 2.8527  loss: 0.5896  loss_cls: 0.0009  loss_bbox: 0.0324  loss_centerness: 0.5564
2026/03/11 04:42:13 - mmengine - INFO - Epoch(train)  [84][ 400/1154]  base_lr: 1.2500e-04 lr: 1.2500e-04  eta: 0:28:30  time: 0.0693  data_time: 0.0016  memory: 708  grad_norm: 2.8423  loss: 0.5849  loss_cls: 0.0010  loss_bbox: 0.0301  loss_centerness: 0.5538
2026/03/11 04:42:17 - mmengine - INFO - Epoch(train)  [84][ 450/1154]  base_lr: 1.2500e-04 lr: 1.2500e-04  eta: 0:28:25  time: 0.0720  data_time: 0.0018  memory: 708  grad_norm: 2.5940  loss: 0.5764  loss_cls: 0.0010  loss_bbox: 0.0268  loss_centerness: 0.5485
2026/03/11 04:42:21 - mmengine - INFO - Epoch(train)  [84][ 500/1154]  base_lr: 1.2500e-04 lr: 1.2500e-04  eta: 0:28:21  time: 0.0723  data_time: 0.0018  memory: 708  grad_norm: 2.8511  loss: 0.5830  loss_cls: 0.0012  loss_bbox: 0.0311  loss_centerness: 0.5506
2026/03/11 04:42:24 - mmengine - INFO - Epoch(train)  [84][ 550/1154]  base_lr: 1.2500e-04 lr: 1.2500e-04  eta: 0:28:16  time: 0.0725  data_time: 0.0018  memory: 708  grad_norm: 2.8330  loss: 0.5916  loss_cls: 0.0011  loss_bbox: 0.0315  loss_centerness: 0.5590
2026/03/11 04:42:28 - mmengine - INFO - Epoch(train)  [84][ 600/1154]  base_lr: 1.2500e-04 lr: 1.2500e-04  eta: 0:28:11  time: 0.0722  data_time: 0.0016  memory: 708  grad_norm: 2.5242  loss: 0.5744  loss_cls: 0.0008  loss_bbox: 0.0289  loss_centerness: 0.5447
2026/03/11 04:42:32 - mmengine - INFO - Epoch(train)  [84][ 650/1154]  base_lr: 1.2500e-04 lr: 1.2500e-04  eta: 0:28:07  time: 0.0727  data_time: 0.0016  memory: 708  grad_norm: 2.8251  loss: 0.5742  loss_cls: 0.0006  loss_bbox: 0.0283  loss_centerness: 0.5453
2026/03/11 04:42:35 - mmengine - INFO - Epoch(train)  [84][ 700/1154]  base_lr: 1.2500e-04 lr: 1.2500e-04  eta: 0:28:02  time: 0.0732  data_time: 0.0018  memory: 708  grad_norm: 2.6987  loss: 0.5769  loss_cls: 0.0006  loss_bbox: 0.0281  loss_centerness: 0.5482
2026/03/11 04:42:39 - mmengine - INFO - Epoch(train)  [84][ 750/1154]  base_lr: 1.2500e-04 lr: 1.2500e-04  eta: 0:27:58  time: 0.0718  data_time: 0.0017  memory: 708  grad_norm: 2.5147  loss: 0.5760  loss_cls: 0.0006  loss_bbox: 0.0258  loss_centerness: 0.5496
2026/03/11 04:42:42 - mmengine - INFO - Epoch(train)  [84][ 800/1154]  base_lr: 1.2500e-04 lr: 1.2500e-04  eta: 0:27:53  time: 0.0717  data_time: 0.0017  memory: 708  grad_norm: 2.5800  loss: 0.5759  loss_cls: 0.0007  loss_bbox: 0.0253  loss_centerness: 0.5499
2026/03/11 04:42:46 - mmengine - INFO - Epoch(train)  [84][ 850/1154]  base_lr: 1.2500e-04 lr: 1.2500e-04  eta: 0:27:48  time: 0.0720  data_time: 0.0019  memory: 708  grad_norm: 2.9941  loss: 0.5793  loss_cls: 0.0011  loss_bbox: 0.0299  loss_centerness: 0.5483
2026/03/11 04:42:50 - mmengine - INFO - Epoch(train)  [84][ 900/1154]  base_lr: 1.2500e-04 lr: 1.2500e-04  eta: 0:27:44  time: 0.0714  data_time: 0.0018  memory: 708  grad_norm: 2.8460  loss: 0.5780  loss_cls: 0.0012  loss_bbox: 0.0324  loss_centerness: 0.5444
2026/03/11 04:42:53 - mmengine - INFO - Epoch(train)  [84][ 950/1154]  base_lr: 1.2500e-04 lr: 1.2500e-04  eta: 0:27:39  time: 0.0705  data_time: 0.0016  memory: 708  grad_norm: 2.7098  loss: 0.5756  loss_cls: 0.0008  loss_bbox: 0.0307  loss_centerness: 0.5441
2026/03/11 04:42:57 - mmengine - INFO - Epoch(train)  [84][1000/1154]  base_lr: 1.2500e-04 lr: 1.2500e-04  eta: 0:27:34  time: 0.0742  data_time: 0.0020  memory: 708  grad_norm: 3.1537  loss: 0.5884  loss_cls: 0.0018  loss_bbox: 0.0377  loss_centerness: 0.5489
2026/03/11 04:43:01 - mmengine - INFO - Epoch(train)  [84][1050/1154]  base_lr: 1.2500e-04 lr: 1.2500e-04  eta: 0:27:30  time: 0.0734  data_time: 0.0023  memory: 708  grad_norm: 2.7175  loss: 0.5755  loss_cls: 0.0008  loss_bbox: 0.0284  loss_centerness: 0.5463
2026/03/11 04:43:04 - mmengine - INFO - Epoch(train)  [84][1100/1154]  base_lr: 1.2500e-04 lr: 1.2500e-04  eta: 0:27:25  time: 0.0715  data_time: 0.0019  memory: 708  grad_norm: 2.6544  loss: 0.5808  loss_cls: 0.0011  loss_bbox: 0.0263  loss_centerness: 0.5534
2026/03/11 04:43:08 - mmengine - INFO - Epoch(train)  [84][1150/1154]  base_lr: 1.2500e-04 lr: 1.2500e-04  eta: 0:27:21  time: 0.0738  data_time: 0.0014  memory: 708  grad_norm: 2.7610  loss: 0.5831  loss_cls: 0.0006  loss_bbox: 0.0263  loss_centerness: 0.5563
2026/03/11 04:43:08 - mmengine - INFO - Exp name: fcos_minecraft_20260311_015948
2026/03/11 04:43:08 - mmengine - INFO - Saving checkpoint at 84 epochs
2026/03/11 04:43:11 - mmengine - INFO - Epoch(val)  [84][ 50/422]    eta: 0:00:07  time: 0.0196  data_time: 0.0009  memory: 708  
2026/03/11 04:43:12 - mmengine - INFO - Epoch(val)  [84][100/422]    eta: 0:00:06  time: 0.0199  data_time: 0.0006  memory: 403  
2026/03/11 04:43:13 - mmengine - INFO - Epoch(val)  [84][150/422]    eta: 0:00:05  time: 0.0195  data_time: 0.0006  memory: 403  
2026/03/11 04:43:14 - mmengine - INFO - Epoch(val)  [84][200/422]    eta: 0:00:04  time: 0.0196  data_time: 0.0006  memory: 403  
2026/03/11 04:43:15 - mmengine - INFO - Epoch(val)  [84][250/422]    eta: 0:00:03  time: 0.0194  data_time: 0.0008  memory: 403  
2026/03/11 04:43:16 - mmengine - INFO - Epoch(val)  [84][300/422]    eta: 0:00:02  time: 0.0196  data_time: 0.0006  memory: 403  
2026/03/11 04:43:17 - mmengine - INFO - Epoch(val)  [84][350/422]    eta: 0:00:01  time: 0.0194  data_time: 0.0007  memory: 403  
2026/03/11 04:43:18 - mmengine - INFO - Epoch(val)  [84][400/422]    eta: 0:00:00  time: 0.0199  data_time: 0.0005  memory: 403  
2026/03/11 04:43:18 - mmengine - INFO - Evaluating bbox...
2026/03/11 04:43:19 - mmengine - INFO - bbox_mAP_copypaste: 0.302 0.477 0.347 0.017 0.138 0.457
2026/03/11 04:43:19 - mmengine - INFO - Epoch(val) [84][422/422]    coco/bbox_mAP: 0.3020  coco/bbox_mAP_50: 0.4770  coco/bbox_mAP_75: 0.3470  coco/bbox_mAP_s: 0.0170  coco/bbox_mAP_m: 0.1380  coco/bbox_mAP_l: 0.4570  data_time: 0.0006  time: 0.0196
2026/03/11 04:43:22 - mmengine - INFO - Epoch(train)  [85][  50/1154]  base_lr: 1.2500e-04 lr: 1.2500e-04  eta: 0:27:16  time: 0.0724  data_time: 0.0017  memory: 708  grad_norm: 2.7414  loss: 0.5790  loss_cls: 0.0015  loss_bbox: 0.0290  loss_centerness: 0.5485
2026/03/11 04:43:23 - mmengine - INFO - Exp name: fcos_minecraft_20260311_015948
2026/03/11 04:43:26 - mmengine - INFO - Epoch(train)  [85][ 100/1154]  base_lr: 1.2500e-04 lr: 1.2500e-04  eta: 0:27:11  time: 0.0724  data_time: 0.0021  memory: 708  grad_norm: 2.9162  loss: 0.5814  loss_cls: 0.0016  loss_bbox: 0.0294  loss_centerness: 0.5503
2026/03/11 04:43:29 - mmengine - INFO - Epoch(train)  [85][ 150/1154]  base_lr: 1.2500e-04 lr: 1.2500e-04  eta: 0:27:07  time: 0.0715  data_time: 0.0012  memory: 708  grad_norm: 3.0030  loss: 0.5792  loss_cls: 0.0008  loss_bbox: 0.0285  loss_centerness: 0.5499
2026/03/11 04:43:33 - mmengine - INFO - Epoch(train)  [85][ 200/1154]  base_lr: 1.2500e-04 lr: 1.2500e-04  eta: 0:27:02  time: 0.0727  data_time: 0.0021  memory: 708  grad_norm: 2.5529  loss: 0.5875  loss_cls: 0.0010  loss_bbox: 0.0301  loss_centerness: 0.5564
2026/03/11 04:43:36 - mmengine - INFO - Epoch(train)  [85][ 250/1154]  base_lr: 1.2500e-04 lr: 1.2500e-04  eta: 0:26:57  time: 0.0654  data_time: 0.0017  memory: 708  grad_norm: 2.6667  loss: 0.5902  loss_cls: 0.0010  loss_bbox: 0.0317  loss_centerness: 0.5576
2026/03/11 04:43:39 - mmengine - INFO - Epoch(train)  [85][ 300/1154]  base_lr: 1.2500e-04 lr: 1.2500e-04  eta: 0:26:53  time: 0.0635  data_time: 0.0012  memory: 708  grad_norm: 2.4674  loss: 0.5733  loss_cls: 0.0008  loss_bbox: 0.0261  loss_centerness: 0.5465
2026/03/11 04:43:43 - mmengine - INFO - Epoch(train)  [85][ 350/1154]  base_lr: 1.2500e-04 lr: 1.2500e-04  eta: 0:26:48  time: 0.0676  data_time: 0.0016  memory: 708  grad_norm: 2.6841  loss: 0.5792  loss_cls: 0.0006  loss_bbox: 0.0255  loss_centerness: 0.5530
2026/03/11 04:43:46 - mmengine - INFO - Epoch(train)  [85][ 400/1154]  base_lr: 1.2500e-04 lr: 1.2500e-04  eta: 0:26:43  time: 0.0676  data_time: 0.0015  memory: 708  grad_norm: 2.6361  loss: 0.5751  loss_cls: 0.0008  loss_bbox: 0.0279  loss_centerness: 0.5464
2026/03/11 04:43:50 - mmengine - INFO - Epoch(train)  [85][ 450/1154]  base_lr: 1.2500e-04 lr: 1.2500e-04  eta: 0:26:39  time: 0.0680  data_time: 0.0019  memory: 708  grad_norm: 2.5247  loss: 0.5756  loss_cls: 0.0009  loss_bbox: 0.0278  loss_centerness: 0.5469
2026/03/11 04:43:53 - mmengine - INFO - Epoch(train)  [85][ 500/1154]  base_lr: 1.2500e-04 lr: 1.2500e-04  eta: 0:26:34  time: 0.0706  data_time: 0.0016  memory: 708  grad_norm: 2.4142  loss: 0.5697  loss_cls: 0.0006  loss_bbox: 0.0270  loss_centerness: 0.5421
2026/03/11 04:43:57 - mmengine - INFO - Epoch(train)  [85][ 550/1154]  base_lr: 1.2500e-04 lr: 1.2500e-04  eta: 0:26:29  time: 0.0723  data_time: 0.0022  memory: 708  grad_norm: 2.3421  loss: 0.5812  loss_cls: 0.0008  loss_bbox: 0.0296  loss_centerness: 0.5508
2026/03/11 04:44:00 - mmengine - INFO - Epoch(train)  [85][ 600/1154]  base_lr: 1.2500e-04 lr: 1.2500e-04  eta: 0:26:25  time: 0.0738  data_time: 0.0016  memory: 708  grad_norm: 2.4981  loss: 0.5790  loss_cls: 0.0007  loss_bbox: 0.0258  loss_centerness: 0.5525
2026/03/11 04:44:04 - mmengine - INFO - Epoch(train)  [85][ 650/1154]  base_lr: 1.2500e-04 lr: 1.2500e-04  eta: 0:26:20  time: 0.0776  data_time: 0.0022  memory: 708  grad_norm: 2.7677  loss: 0.5862  loss_cls: 0.0012  loss_bbox: 0.0302  loss_centerness: 0.5548
2026/03/11 04:44:08 - mmengine - INFO - Epoch(train)  [85][ 700/1154]  base_lr: 1.2500e-04 lr: 1.2500e-04  eta: 0:26:16  time: 0.0754  data_time: 0.0020  memory: 708  grad_norm: 2.5821  loss: 0.5651  loss_cls: 0.0007  loss_bbox: 0.0254  loss_centerness: 0.5390
2026/03/11 04:44:12 - mmengine - INFO - Epoch(train)  [85][ 750/1154]  base_lr: 1.2500e-04 lr: 1.2500e-04  eta: 0:26:11  time: 0.0754  data_time: 0.0021  memory: 708  grad_norm: 2.4170  loss: 0.5736  loss_cls: 0.0008  loss_bbox: 0.0272  loss_centerness: 0.5456
2026/03/11 04:44:16 - mmengine - INFO - Epoch(train)  [85][ 800/1154]  base_lr: 1.2500e-04 lr: 1.2500e-04  eta: 0:26:07  time: 0.0734  data_time: 0.0021  memory: 708  grad_norm: 2.6759  loss: 0.5784  loss_cls: 0.0009  loss_bbox: 0.0301  loss_centerness: 0.5474
2026/03/11 04:44:19 - mmengine - INFO - Epoch(train)  [85][ 850/1154]  base_lr: 1.2500e-04 lr: 1.2500e-04  eta: 0:26:02  time: 0.0729  data_time: 0.0011  memory: 708  grad_norm: 2.7160  loss: 0.5770  loss_cls: 0.0010  loss_bbox: 0.0288  loss_centerness: 0.5473
2026/03/11 04:44:23 - mmengine - INFO - Epoch(train)  [85][ 900/1154]  base_lr: 1.2500e-04 lr: 1.2500e-04  eta: 0:25:58  time: 0.0727  data_time: 0.0016  memory: 708  grad_norm: 2.6324  loss: 0.5753  loss_cls: 0.0015  loss_bbox: 0.0287  loss_centerness: 0.5451
2026/03/11 04:44:26 - mmengine - INFO - Epoch(train)  [85][ 950/1154]  base_lr: 1.2500e-04 lr: 1.2500e-04  eta: 0:25:53  time: 0.0713  data_time: 0.0017  memory: 708  grad_norm: 2.8634  loss: 0.5727  loss_cls: 0.0008  loss_bbox: 0.0261  loss_centerness: 0.5459
2026/03/11 04:44:30 - mmengine - INFO - Epoch(train)  [85][1000/1154]  base_lr: 1.2500e-04 lr: 1.2500e-04  eta: 0:25:48  time: 0.0727  data_time: 0.0018  memory: 708  grad_norm: 2.6711  loss: 0.5771  loss_cls: 0.0011  loss_bbox: 0.0259  loss_centerness: 0.5502
2026/03/11 04:44:34 - mmengine - INFO - Epoch(train)  [85][1050/1154]  base_lr: 1.2500e-04 lr: 1.2500e-04  eta: 0:25:44  time: 0.0730  data_time: 0.0016  memory: 708  grad_norm: 2.6219  loss: 0.5745  loss_cls: 0.0007  loss_bbox: 0.0248  loss_centerness: 0.5490
2026/03/11 04:44:35 - mmengine - INFO - Exp name: fcos_minecraft_20260311_015948
2026/03/11 04:44:37 - mmengine - INFO - Epoch(train)  [85][1100/1154]  base_lr: 1.2500e-04 lr: 1.2500e-04  eta: 0:25:39  time: 0.0728  data_time: 0.0017  memory: 708  grad_norm: 2.6584  loss: 0.5806  loss_cls: 0.0007  loss_bbox: 0.0265  loss_centerness: 0.5535
2026/03/11 04:44:41 - mmengine - INFO - Epoch(train)  [85][1150/1154]  base_lr: 1.2500e-04 lr: 1.2500e-04  eta: 0:25:35  time: 0.0661  data_time: 0.0015  memory: 708  grad_norm: 2.8141  loss: 0.5777  loss_cls: 0.0007  loss_bbox: 0.0285  loss_centerness: 0.5484
2026/03/11 04:44:41 - mmengine - INFO - Exp name: fcos_minecraft_20260311_015948
2026/03/11 04:44:41 - mmengine - INFO - Saving checkpoint at 85 epochs
2026/03/11 04:44:44 - mmengine - INFO - Epoch(val)  [85][ 50/422]    eta: 0:00:08  time: 0.0218  data_time: 0.0009  memory: 708  
2026/03/11 04:44:45 - mmengine - INFO - Epoch(val)  [85][100/422]    eta: 0:00:06  time: 0.0197  data_time: 0.0007  memory: 403  
2026/03/11 04:44:46 - mmengine - INFO - Epoch(val)  [85][150/422]    eta: 0:00:05  time: 0.0180  data_time: 0.0008  memory: 403  
2026/03/11 04:44:47 - mmengine - INFO - Epoch(val)  [85][200/422]    eta: 0:00:04  time: 0.0198  data_time: 0.0008  memory: 403  
2026/03/11 04:44:48 - mmengine - INFO - Epoch(val)  [85][250/422]    eta: 0:00:03  time: 0.0213  data_time: 0.0006  memory: 403  
2026/03/11 04:44:49 - mmengine - INFO - Epoch(val)  [85][300/422]    eta: 0:00:02  time: 0.0204  data_time: 0.0007  memory: 403  
2026/03/11 04:44:50 - mmengine - INFO - Epoch(val)  [85][350/422]    eta: 0:00:01  time: 0.0174  data_time: 0.0006  memory: 403  
2026/03/11 04:44:51 - mmengine - INFO - Epoch(val)  [85][400/422]    eta: 0:00:00  time: 0.0173  data_time: 0.0006  memory: 403  
2026/03/11 04:44:51 - mmengine - INFO - Evaluating bbox...
2026/03/11 04:44:51 - mmengine - INFO - bbox_mAP_copypaste: 0.300 0.476 0.343 0.017 0.141 0.455
2026/03/11 04:44:51 - mmengine - INFO - Epoch(val) [85][422/422]    coco/bbox_mAP: 0.3000  coco/bbox_mAP_50: 0.4760  coco/bbox_mAP_75: 0.3430  coco/bbox_mAP_s: 0.0170  coco/bbox_mAP_m: 0.1410  coco/bbox_mAP_l: 0.4550  data_time: 0.0007  time: 0.0193
2026/03/11 04:44:55 - mmengine - INFO - Epoch(train)  [86][  50/1154]  base_lr: 1.2500e-04 lr: 1.2500e-04  eta: 0:25:30  time: 0.0706  data_time: 0.0019  memory: 708  grad_norm: 2.8620  loss: 0.5801  loss_cls: 0.0007  loss_bbox: 0.0290  loss_centerness: 0.5503
2026/03/11 04:44:58 - mmengine - INFO - Epoch(train)  [86][ 100/1154]  base_lr: 1.2500e-04 lr: 1.2500e-04  eta: 0:25:25  time: 0.0687  data_time: 0.0016  memory: 708  grad_norm: 3.0564  loss: 0.5800  loss_cls: 0.0009  loss_bbox: 0.0297  loss_centerness: 0.5494
2026/03/11 04:45:02 - mmengine - INFO - Epoch(train)  [86][ 150/1154]  base_lr: 1.2500e-04 lr: 1.2500e-04  eta: 0:25:20  time: 0.0685  data_time: 0.0015  memory: 708  grad_norm: 2.7055  loss: 0.5790  loss_cls: 0.0006  loss_bbox: 0.0254  loss_centerness: 0.5529
2026/03/11 04:45:05 - mmengine - INFO - Epoch(train)  [86][ 200/1154]  base_lr: 1.2500e-04 lr: 1.2500e-04  eta: 0:25:16  time: 0.0679  data_time: 0.0017  memory: 708  grad_norm: 2.7734  loss: 0.5824  loss_cls: 0.0005  loss_bbox: 0.0275  loss_centerness: 0.5544
2026/03/11 04:45:08 - mmengine - INFO - Epoch(train)  [86][ 250/1154]  base_lr: 1.2500e-04 lr: 1.2500e-04  eta: 0:25:11  time: 0.0670  data_time: 0.0015  memory: 708  grad_norm: 2.6215  loss: 0.5815  loss_cls: 0.0012  loss_bbox: 0.0295  loss_centerness: 0.5508
2026/03/11 04:45:12 - mmengine - INFO - Epoch(train)  [86][ 300/1154]  base_lr: 1.2500e-04 lr: 1.2500e-04  eta: 0:25:07  time: 0.0675  data_time: 0.0014  memory: 708  grad_norm: 2.6095  loss: 0.5809  loss_cls: 0.0013  loss_bbox: 0.0274  loss_centerness: 0.5522
2026/03/11 04:45:15 - mmengine - INFO - Epoch(train)  [86][ 350/1154]  base_lr: 1.2500e-04 lr: 1.2500e-04  eta: 0:25:02  time: 0.0683  data_time: 0.0014  memory: 708  grad_norm: 2.6579  loss: 0.5874  loss_cls: 0.0010  loss_bbox: 0.0339  loss_centerness: 0.5525
2026/03/11 04:45:19 - mmengine - INFO - Epoch(train)  [86][ 400/1154]  base_lr: 1.2500e-04 lr: 1.2500e-04  eta: 0:24:57  time: 0.0690  data_time: 0.0014  memory: 708  grad_norm: 2.6955  loss: 0.5731  loss_cls: 0.0006  loss_bbox: 0.0253  loss_centerness: 0.5472
2026/03/11 04:45:22 - mmengine - INFO - Epoch(train)  [86][ 450/1154]  base_lr: 1.2500e-04 lr: 1.2500e-04  eta: 0:24:53  time: 0.0697  data_time: 0.0016  memory: 708  grad_norm: 2.8541  loss: 0.5766  loss_cls: 0.0008  loss_bbox: 0.0317  loss_centerness: 0.5442
2026/03/11 04:45:26 - mmengine - INFO - Epoch(train)  [86][ 500/1154]  base_lr: 1.2500e-04 lr: 1.2500e-04  eta: 0:24:48  time: 0.0705  data_time: 0.0015  memory: 708  grad_norm: 2.8013  loss: 0.5799  loss_cls: 0.0023  loss_bbox: 0.0299  loss_centerness: 0.5477
2026/03/11 04:45:29 - mmengine - INFO - Epoch(train)  [86][ 550/1154]  base_lr: 1.2500e-04 lr: 1.2500e-04  eta: 0:24:44  time: 0.0690  data_time: 0.0015  memory: 708  grad_norm: 2.6366  loss: 0.5745  loss_cls: 0.0010  loss_bbox: 0.0262  loss_centerness: 0.5474
2026/03/11 04:45:33 - mmengine - INFO - Epoch(train)  [86][ 600/1154]  base_lr: 1.2500e-04 lr: 1.2500e-04  eta: 0:24:39  time: 0.0680  data_time: 0.0015  memory: 708  grad_norm: 2.5907  loss: 0.5715  loss_cls: 0.0008  loss_bbox: 0.0270  loss_centerness: 0.5437
2026/03/11 04:45:36 - mmengine - INFO - Epoch(train)  [86][ 650/1154]  base_lr: 1.2500e-04 lr: 1.2500e-04  eta: 0:24:34  time: 0.0681  data_time: 0.0014  memory: 708  grad_norm: 2.5466  loss: 0.5825  loss_cls: 0.0008  loss_bbox: 0.0258  loss_centerness: 0.5558
2026/03/11 04:45:39 - mmengine - INFO - Epoch(train)  [86][ 700/1154]  base_lr: 1.2500e-04 lr: 1.2500e-04  eta: 0:24:30  time: 0.0677  data_time: 0.0015  memory: 708  grad_norm: 2.4282  loss: 0.5774  loss_cls: 0.0007  loss_bbox: 0.0267  loss_centerness: 0.5500
2026/03/11 04:45:43 - mmengine - INFO - Epoch(train)  [86][ 750/1154]  base_lr: 1.2500e-04 lr: 1.2500e-04  eta: 0:24:25  time: 0.0698  data_time: 0.0017  memory: 708  grad_norm: 2.6526  loss: 0.5674  loss_cls: 0.0006  loss_bbox: 0.0255  loss_centerness: 0.5413
2026/03/11 04:45:46 - mmengine - INFO - Epoch(train)  [86][ 800/1154]  base_lr: 1.2500e-04 lr: 1.2500e-04  eta: 0:24:21  time: 0.0720  data_time: 0.0015  memory: 708  grad_norm: 2.5503  loss: 0.5800  loss_cls: 0.0010  loss_bbox: 0.0292  loss_centerness: 0.5498
2026/03/11 04:45:50 - mmengine - INFO - Epoch(train)  [86][ 850/1154]  base_lr: 1.2500e-04 lr: 1.2500e-04  eta: 0:24:16  time: 0.0783  data_time: 0.0017  memory: 708  grad_norm: 2.4909  loss: 0.5652  loss_cls: 0.0005  loss_bbox: 0.0252  loss_centerness: 0.5395
2026/03/11 04:45:54 - mmengine - INFO - Epoch(train)  [86][ 900/1154]  base_lr: 1.2500e-04 lr: 1.2500e-04  eta: 0:24:12  time: 0.0788  data_time: 0.0018  memory: 708  grad_norm: 2.6163  loss: 0.5724  loss_cls: 0.0005  loss_bbox: 0.0251  loss_centerness: 0.5468
2026/03/11 04:45:55 - mmengine - INFO - Exp name: fcos_minecraft_20260311_015948
2026/03/11 04:45:58 - mmengine - INFO - Epoch(train)  [86][ 950/1154]  base_lr: 1.2500e-04 lr: 1.2500e-04  eta: 0:24:07  time: 0.0785  data_time: 0.0018  memory: 708  grad_norm: 2.5055  loss: 0.5729  loss_cls: 0.0005  loss_bbox: 0.0243  loss_centerness: 0.5481
2026/03/11 04:46:02 - mmengine - INFO - Epoch(train)  [86][1000/1154]  base_lr: 1.2500e-04 lr: 1.2500e-04  eta: 0:24:03  time: 0.0783  data_time: 0.0019  memory: 708  grad_norm: 2.6000  loss: 0.5736  loss_cls: 0.0006  loss_bbox: 0.0258  loss_centerness: 0.5472
2026/03/11 04:46:06 - mmengine - INFO - Epoch(train)  [86][1050/1154]  base_lr: 1.2500e-04 lr: 1.2500e-04  eta: 0:23:58  time: 0.0785  data_time: 0.0018  memory: 708  grad_norm: 2.7721  loss: 0.5853  loss_cls: 0.0018  loss_bbox: 0.0288  loss_centerness: 0.5548
2026/03/11 04:46:10 - mmengine - INFO - Epoch(train)  [86][1100/1154]  base_lr: 1.2500e-04 lr: 1.2500e-04  eta: 0:23:54  time: 0.0785  data_time: 0.0019  memory: 708  grad_norm: 2.6631  loss: 0.5811  loss_cls: 0.0010  loss_bbox: 0.0299  loss_centerness: 0.5502
2026/03/11 04:46:14 - mmengine - INFO - Epoch(train)  [86][1150/1154]  base_lr: 1.2500e-04 lr: 1.2500e-04  eta: 0:23:49  time: 0.0784  data_time: 0.0017  memory: 708  grad_norm: 2.6425  loss: 0.5791  loss_cls: 0.0014  loss_bbox: 0.0276  loss_centerness: 0.5500
2026/03/11 04:46:14 - mmengine - INFO - Exp name: fcos_minecraft_20260311_015948
2026/03/11 04:46:14 - mmengine - INFO - Saving checkpoint at 86 epochs
2026/03/11 04:46:17 - mmengine - INFO - Epoch(val)  [86][ 50/422]    eta: 0:00:08  time: 0.0220  data_time: 0.0010  memory: 708  
2026/03/11 04:46:18 - mmengine - INFO - Epoch(val)  [86][100/422]    eta: 0:00:06  time: 0.0209  data_time: 0.0008  memory: 403  
2026/03/11 04:46:19 - mmengine - INFO - Epoch(val)  [86][150/422]    eta: 0:00:05  time: 0.0210  data_time: 0.0009  memory: 403  
2026/03/11 04:46:20 - mmengine - INFO - Epoch(val)  [86][200/422]    eta: 0:00:04  time: 0.0213  data_time: 0.0006  memory: 403  
2026/03/11 04:46:21 - mmengine - INFO - Epoch(val)  [86][250/422]    eta: 0:00:03  time: 0.0207  data_time: 0.0008  memory: 403  
2026/03/11 04:46:22 - mmengine - INFO - Epoch(val)  [86][300/422]    eta: 0:00:02  time: 0.0213  data_time: 0.0007  memory: 403  
2026/03/11 04:46:23 - mmengine - INFO - Epoch(val)  [86][350/422]    eta: 0:00:01  time: 0.0211  data_time: 0.0007  memory: 403  
2026/03/11 04:46:25 - mmengine - INFO - Epoch(val)  [86][400/422]    eta: 0:00:00  time: 0.0211  data_time: 0.0007  memory: 403  
2026/03/11 04:46:25 - mmengine - INFO - Evaluating bbox...
2026/03/11 04:46:25 - mmengine - INFO - bbox_mAP_copypaste: 0.300 0.479 0.345 0.017 0.143 0.454
2026/03/11 04:46:25 - mmengine - INFO - Epoch(val) [86][422/422]    coco/bbox_mAP: 0.3000  coco/bbox_mAP_50: 0.4790  coco/bbox_mAP_75: 0.3450  coco/bbox_mAP_s: 0.0170  coco/bbox_mAP_m: 0.1430  coco/bbox_mAP_l: 0.4540  data_time: 0.0008  time: 0.0211
2026/03/11 04:46:29 - mmengine - INFO - Epoch(train)  [87][  50/1154]  base_lr: 1.2500e-04 lr: 1.2500e-04  eta: 0:23:44  time: 0.0794  data_time: 0.0023  memory: 708  grad_norm: 2.6731  loss: 0.5719  loss_cls: 0.0010  loss_bbox: 0.0282  loss_centerness: 0.5428
2026/03/11 04:46:33 - mmengine - INFO - Epoch(train)  [87][ 100/1154]  base_lr: 1.2500e-04 lr: 1.2500e-04  eta: 0:23:40  time: 0.0798  data_time: 0.0021  memory: 708  grad_norm: 2.4323  loss: 0.5781  loss_cls: 0.0008  loss_bbox: 0.0276  loss_centerness: 0.5497
2026/03/11 04:46:37 - mmengine - INFO - Epoch(train)  [87][ 150/1154]  base_lr: 1.2500e-04 lr: 1.2500e-04  eta: 0:23:35  time: 0.0803  data_time: 0.0021  memory: 708  grad_norm: 2.5075  loss: 0.5725  loss_cls: 0.0007  loss_bbox: 0.0247  loss_centerness: 0.5471
2026/03/11 04:46:41 - mmengine - INFO - Epoch(train)  [87][ 200/1154]  base_lr: 1.2500e-04 lr: 1.2500e-04  eta: 0:23:31  time: 0.0788  data_time: 0.0018  memory: 708  grad_norm: 2.6861  loss: 0.5757  loss_cls: 0.0013  loss_bbox: 0.0285  loss_centerness: 0.5459
2026/03/11 04:46:45 - mmengine - INFO - Epoch(train)  [87][ 250/1154]  base_lr: 1.2500e-04 lr: 1.2500e-04  eta: 0:23:26  time: 0.0767  data_time: 0.0018  memory: 708  grad_norm: 2.6168  loss: 0.5794  loss_cls: 0.0007  loss_bbox: 0.0263  loss_centerness: 0.5524
2026/03/11 04:46:49 - mmengine - INFO - Epoch(train)  [87][ 300/1154]  base_lr: 1.2500e-04 lr: 1.2500e-04  eta: 0:23:22  time: 0.0764  data_time: 0.0018  memory: 708  grad_norm: 2.4472  loss: 0.5874  loss_cls: 0.0009  loss_bbox: 0.0310  loss_centerness: 0.5556
2026/03/11 04:46:52 - mmengine - INFO - Epoch(train)  [87][ 350/1154]  base_lr: 1.2500e-04 lr: 1.2500e-04  eta: 0:23:17  time: 0.0686  data_time: 0.0016  memory: 708  grad_norm: 2.6496  loss: 0.5778  loss_cls: 0.0005  loss_bbox: 0.0251  loss_centerness: 0.5522
2026/03/11 04:46:56 - mmengine - INFO - Epoch(train)  [87][ 400/1154]  base_lr: 1.2500e-04 lr: 1.2500e-04  eta: 0:23:13  time: 0.0685  data_time: 0.0012  memory: 708  grad_norm: 2.3125  loss: 0.5785  loss_cls: 0.0007  loss_bbox: 0.0250  loss_centerness: 0.5528
2026/03/11 04:46:59 - mmengine - INFO - Epoch(train)  [87][ 450/1154]  base_lr: 1.2500e-04 lr: 1.2500e-04  eta: 0:23:08  time: 0.0702  data_time: 0.0019  memory: 708  grad_norm: 2.7001  loss: 0.5775  loss_cls: 0.0011  loss_bbox: 0.0291  loss_centerness: 0.5473
2026/03/11 04:47:03 - mmengine - INFO - Epoch(train)  [87][ 500/1154]  base_lr: 1.2500e-04 lr: 1.2500e-04  eta: 0:23:03  time: 0.0688  data_time: 0.0017  memory: 708  grad_norm: 2.5852  loss: 0.5730  loss_cls: 0.0007  loss_bbox: 0.0247  loss_centerness: 0.5475
2026/03/11 04:47:06 - mmengine - INFO - Epoch(train)  [87][ 550/1154]  base_lr: 1.2500e-04 lr: 1.2500e-04  eta: 0:22:59  time: 0.0683  data_time: 0.0015  memory: 708  grad_norm: 2.4514  loss: 0.5833  loss_cls: 0.0005  loss_bbox: 0.0268  loss_centerness: 0.5560
2026/03/11 04:47:10 - mmengine - INFO - Epoch(train)  [87][ 600/1154]  base_lr: 1.2500e-04 lr: 1.2500e-04  eta: 0:22:54  time: 0.0681  data_time: 0.0016  memory: 708  grad_norm: 2.8610  loss: 0.5803  loss_cls: 0.0011  loss_bbox: 0.0282  loss_centerness: 0.5510
2026/03/11 04:47:13 - mmengine - INFO - Epoch(train)  [87][ 650/1154]  base_lr: 1.2500e-04 lr: 1.2500e-04  eta: 0:22:50  time: 0.0699  data_time: 0.0018  memory: 708  grad_norm: 2.7287  loss: 0.5728  loss_cls: 0.0012  loss_bbox: 0.0279  loss_centerness: 0.5436
2026/03/11 04:47:17 - mmengine - INFO - Epoch(train)  [87][ 700/1154]  base_lr: 1.2500e-04 lr: 1.2500e-04  eta: 0:22:45  time: 0.0750  data_time: 0.0016  memory: 708  grad_norm: 2.7110  loss: 0.5785  loss_cls: 0.0007  loss_bbox: 0.0250  loss_centerness: 0.5527
2026/03/11 04:47:21 - mmengine - INFO - Epoch(train)  [87][ 750/1154]  base_lr: 1.2500e-04 lr: 1.2500e-04  eta: 0:22:41  time: 0.0767  data_time: 0.0017  memory: 708  grad_norm: 2.8541  loss: 0.5750  loss_cls: 0.0007  loss_bbox: 0.0277  loss_centerness: 0.5466
2026/03/11 04:47:21 - mmengine - INFO - Exp name: fcos_minecraft_20260311_015948
2026/03/11 04:47:24 - mmengine - INFO - Epoch(train)  [87][ 800/1154]  base_lr: 1.2500e-04 lr: 1.2500e-04  eta: 0:22:36  time: 0.0709  data_time: 0.0018  memory: 708  grad_norm: 2.7694  loss: 0.5765  loss_cls: 0.0006  loss_bbox: 0.0270  loss_centerness: 0.5489
2026/03/11 04:47:28 - mmengine - INFO - Epoch(train)  [87][ 850/1154]  base_lr: 1.2500e-04 lr: 1.2500e-04  eta: 0:22:32  time: 0.0686  data_time: 0.0017  memory: 708  grad_norm: 2.6465  loss: 0.5817  loss_cls: 0.0042  loss_bbox: 0.0267  loss_centerness: 0.5507
2026/03/11 04:47:31 - mmengine - INFO - Epoch(train)  [87][ 900/1154]  base_lr: 1.2500e-04 lr: 1.2500e-04  eta: 0:22:27  time: 0.0674  data_time: 0.0011  memory: 708  grad_norm: 3.0837  loss: 0.5770  loss_cls: 0.0007  loss_bbox: 0.0336  loss_centerness: 0.5427
2026/03/11 04:47:35 - mmengine - INFO - Epoch(train)  [87][ 950/1154]  base_lr: 1.2500e-04 lr: 1.2500e-04  eta: 0:22:22  time: 0.0688  data_time: 0.0018  memory: 708  grad_norm: 2.8372  loss: 0.5773  loss_cls: 0.0009  loss_bbox: 0.0277  loss_centerness: 0.5486
2026/03/11 04:47:38 - mmengine - INFO - Epoch(train)  [87][1000/1154]  base_lr: 1.2500e-04 lr: 1.2500e-04  eta: 0:22:18  time: 0.0689  data_time: 0.0015  memory: 708  grad_norm: 3.0230  loss: 0.5795  loss_cls: 0.0008  loss_bbox: 0.0291  loss_centerness: 0.5496
2026/03/11 04:47:41 - mmengine - INFO - Epoch(train)  [87][1050/1154]  base_lr: 1.2500e-04 lr: 1.2500e-04  eta: 0:22:13  time: 0.0673  data_time: 0.0014  memory: 708  grad_norm: 2.5454  loss: 0.5724  loss_cls: 0.0007  loss_bbox: 0.0250  loss_centerness: 0.5467
2026/03/11 04:47:45 - mmengine - INFO - Epoch(train)  [87][1100/1154]  base_lr: 1.2500e-04 lr: 1.2500e-04  eta: 0:22:09  time: 0.0703  data_time: 0.0019  memory: 708  grad_norm: 2.6140  loss: 0.5695  loss_cls: 0.0009  loss_bbox: 0.0244  loss_centerness: 0.5441
2026/03/11 04:47:48 - mmengine - INFO - Epoch(train)  [87][1150/1154]  base_lr: 1.2500e-04 lr: 1.2500e-04  eta: 0:22:04  time: 0.0689  data_time: 0.0014  memory: 708  grad_norm: 2.5456  loss: 0.5795  loss_cls: 0.0011  loss_bbox: 0.0282  loss_centerness: 0.5502
2026/03/11 04:47:49 - mmengine - INFO - Exp name: fcos_minecraft_20260311_015948
2026/03/11 04:47:49 - mmengine - INFO - Saving checkpoint at 87 epochs
2026/03/11 04:47:53 - mmengine - INFO - Epoch(val)  [87][ 50/422]    eta: 0:00:08  time: 0.0237  data_time: 0.0007  memory: 708  
2026/03/11 04:47:54 - mmengine - INFO - Epoch(val)  [87][100/422]    eta: 0:00:06  time: 0.0178  data_time: 0.0005  memory: 403  
2026/03/11 04:47:55 - mmengine - INFO - Epoch(val)  [87][150/422]    eta: 0:00:05  time: 0.0173  data_time: 0.0007  memory: 403  
2026/03/11 04:47:56 - mmengine - INFO - Epoch(val)  [87][200/422]    eta: 0:00:04  time: 0.0193  data_time: 0.0006  memory: 403  
2026/03/11 04:47:57 - mmengine - INFO - Epoch(val)  [87][250/422]    eta: 0:00:03  time: 0.0175  data_time: 0.0007  memory: 403  
2026/03/11 04:47:58 - mmengine - INFO - Epoch(val)  [87][300/422]    eta: 0:00:02  time: 0.0180  data_time: 0.0005  memory: 403  
2026/03/11 04:47:59 - mmengine - INFO - Epoch(val)  [87][350/422]    eta: 0:00:01  time: 0.0174  data_time: 0.0008  memory: 403  
2026/03/11 04:48:00 - mmengine - INFO - Epoch(val)  [87][400/422]    eta: 0:00:00  time: 0.0178  data_time: 0.0006  memory: 403  
2026/03/11 04:48:00 - mmengine - INFO - Evaluating bbox...
2026/03/11 04:48:00 - mmengine - INFO - bbox_mAP_copypaste: 0.297 0.476 0.344 0.017 0.135 0.452
2026/03/11 04:48:00 - mmengine - INFO - Epoch(val) [87][422/422]    coco/bbox_mAP: 0.2970  coco/bbox_mAP_50: 0.4760  coco/bbox_mAP_75: 0.3440  coco/bbox_mAP_s: 0.0170  coco/bbox_mAP_m: 0.1350  coco/bbox_mAP_l: 0.4520  data_time: 0.0006  time: 0.0185
2026/03/11 04:48:04 - mmengine - INFO - Epoch(train)  [88][  50/1154]  base_lr: 1.2500e-04 lr: 1.2500e-04  eta: 0:21:59  time: 0.0701  data_time: 0.0022  memory: 708  grad_norm: 2.6271  loss: 0.5734  loss_cls: 0.0012  loss_bbox: 0.0273  loss_centerness: 0.5449
2026/03/11 04:48:07 - mmengine - INFO - Epoch(train)  [88][ 100/1154]  base_lr: 1.2500e-04 lr: 1.2500e-04  eta: 0:21:55  time: 0.0674  data_time: 0.0015  memory: 708  grad_norm: 2.4287  loss: 0.5719  loss_cls: 0.0009  loss_bbox: 0.0253  loss_centerness: 0.5457
2026/03/11 04:48:11 - mmengine - INFO - Epoch(train)  [88][ 150/1154]  base_lr: 1.2500e-04 lr: 1.2500e-04  eta: 0:21:50  time: 0.0674  data_time: 0.0016  memory: 708  grad_norm: 2.8318  loss: 0.5802  loss_cls: 0.0009  loss_bbox: 0.0289  loss_centerness: 0.5504
2026/03/11 04:48:14 - mmengine - INFO - Epoch(train)  [88][ 200/1154]  base_lr: 1.2500e-04 lr: 1.2500e-04  eta: 0:21:46  time: 0.0696  data_time: 0.0013  memory: 708  grad_norm: 2.7923  loss: 0.5781  loss_cls: 0.0007  loss_bbox: 0.0242  loss_centerness: 0.5533
2026/03/11 04:48:18 - mmengine - INFO - Epoch(train)  [88][ 250/1154]  base_lr: 1.2500e-04 lr: 1.2500e-04  eta: 0:21:41  time: 0.0727  data_time: 0.0016  memory: 708  grad_norm: 2.7341  loss: 0.5752  loss_cls: 0.0011  loss_bbox: 0.0282  loss_centerness: 0.5459
2026/03/11 04:48:21 - mmengine - INFO - Epoch(train)  [88][ 300/1154]  base_lr: 1.2500e-04 lr: 1.2500e-04  eta: 0:21:37  time: 0.0743  data_time: 0.0016  memory: 708  grad_norm: 2.3822  loss: 0.5782  loss_cls: 0.0007  loss_bbox: 0.0237  loss_centerness: 0.5538
2026/03/11 04:48:25 - mmengine - INFO - Epoch(train)  [88][ 350/1154]  base_lr: 1.2500e-04 lr: 1.2500e-04  eta: 0:21:32  time: 0.0722  data_time: 0.0016  memory: 708  grad_norm: 2.5449  loss: 0.5827  loss_cls: 0.0014  loss_bbox: 0.0308  loss_centerness: 0.5505
2026/03/11 04:48:28 - mmengine - INFO - Epoch(train)  [88][ 400/1154]  base_lr: 1.2500e-04 lr: 1.2500e-04  eta: 0:21:27  time: 0.0683  data_time: 0.0013  memory: 708  grad_norm: 2.5135  loss: 0.5756  loss_cls: 0.0009  loss_bbox: 0.0288  loss_centerness: 0.5459
2026/03/11 04:48:32 - mmengine - INFO - Epoch(train)  [88][ 450/1154]  base_lr: 1.2500e-04 lr: 1.2500e-04  eta: 0:21:23  time: 0.0755  data_time: 0.0015  memory: 708  grad_norm: 2.9112  loss: 0.5670  loss_cls: 0.0009  loss_bbox: 0.0260  loss_centerness: 0.5401
2026/03/11 04:48:36 - mmengine - INFO - Epoch(train)  [88][ 500/1154]  base_lr: 1.2500e-04 lr: 1.2500e-04  eta: 0:21:18  time: 0.0750  data_time: 0.0020  memory: 708  grad_norm: 3.0324  loss: 0.5806  loss_cls: 0.0007  loss_bbox: 0.0281  loss_centerness: 0.5519
2026/03/11 04:48:40 - mmengine - INFO - Epoch(train)  [88][ 550/1154]  base_lr: 1.2500e-04 lr: 1.2500e-04  eta: 0:21:14  time: 0.0760  data_time: 0.0026  memory: 708  grad_norm: 2.4551  loss: 0.5740  loss_cls: 0.0008  loss_bbox: 0.0259  loss_centerness: 0.5473
2026/03/11 04:48:44 - mmengine - INFO - Epoch(train)  [88][ 600/1154]  base_lr: 1.2500e-04 lr: 1.2500e-04  eta: 0:21:09  time: 0.0755  data_time: 0.0023  memory: 708  grad_norm: 2.5246  loss: 0.5732  loss_cls: 0.0005  loss_bbox: 0.0243  loss_centerness: 0.5484
2026/03/11 04:48:44 - mmengine - INFO - Exp name: fcos_minecraft_20260311_015948
2026/03/11 04:48:47 - mmengine - INFO - Epoch(train)  [88][ 650/1154]  base_lr: 1.2500e-04 lr: 1.2500e-04  eta: 0:21:05  time: 0.0756  data_time: 0.0018  memory: 708  grad_norm: 2.4188  loss: 0.5681  loss_cls: 0.0006  loss_bbox: 0.0229  loss_centerness: 0.5447
2026/03/11 04:48:51 - mmengine - INFO - Epoch(train)  [88][ 700/1154]  base_lr: 1.2500e-04 lr: 1.2500e-04  eta: 0:21:00  time: 0.0764  data_time: 0.0020  memory: 708  grad_norm: 2.6221  loss: 0.5707  loss_cls: 0.0008  loss_bbox: 0.0264  loss_centerness: 0.5435
2026/03/11 04:48:55 - mmengine - INFO - Epoch(train)  [88][ 750/1154]  base_lr: 1.2500e-04 lr: 1.2500e-04  eta: 0:20:56  time: 0.0766  data_time: 0.0020  memory: 708  grad_norm: 2.5654  loss: 0.5813  loss_cls: 0.0013  loss_bbox: 0.0280  loss_centerness: 0.5520
2026/03/11 04:48:59 - mmengine - INFO - Epoch(train)  [88][ 800/1154]  base_lr: 1.2500e-04 lr: 1.2500e-04  eta: 0:20:51  time: 0.0762  data_time: 0.0019  memory: 708  grad_norm: 2.6628  loss: 0.5762  loss_cls: 0.0007  loss_bbox: 0.0247  loss_centerness: 0.5509
2026/03/11 04:49:03 - mmengine - INFO - Epoch(train)  [88][ 850/1154]  base_lr: 1.2500e-04 lr: 1.2500e-04  eta: 0:20:47  time: 0.0770  data_time: 0.0017  memory: 708  grad_norm: 2.8380  loss: 0.5772  loss_cls: 0.0006  loss_bbox: 0.0270  loss_centerness: 0.5496
2026/03/11 04:49:07 - mmengine - INFO - Epoch(train)  [88][ 900/1154]  base_lr: 1.2500e-04 lr: 1.2500e-04  eta: 0:20:42  time: 0.0766  data_time: 0.0017  memory: 708  grad_norm: 2.7929  loss: 0.5818  loss_cls: 0.0011  loss_bbox: 0.0273  loss_centerness: 0.5534
2026/03/11 04:49:10 - mmengine - INFO - Epoch(train)  [88][ 950/1154]  base_lr: 1.2500e-04 lr: 1.2500e-04  eta: 0:20:38  time: 0.0769  data_time: 0.0023  memory: 708  grad_norm: 2.5014  loss: 0.5828  loss_cls: 0.0007  loss_bbox: 0.0243  loss_centerness: 0.5578
2026/03/11 04:49:14 - mmengine - INFO - Epoch(train)  [88][1000/1154]  base_lr: 1.2500e-04 lr: 1.2500e-04  eta: 0:20:34  time: 0.0767  data_time: 0.0018  memory: 708  grad_norm: 2.8696  loss: 0.5830  loss_cls: 0.0005  loss_bbox: 0.0245  loss_centerness: 0.5580
2026/03/11 04:49:18 - mmengine - INFO - Epoch(train)  [88][1050/1154]  base_lr: 1.2500e-04 lr: 1.2500e-04  eta: 0:20:29  time: 0.0721  data_time: 0.0018  memory: 708  grad_norm: 2.8326  loss: 0.5822  loss_cls: 0.0011  loss_bbox: 0.0309  loss_centerness: 0.5501
2026/03/11 04:49:21 - mmengine - INFO - Epoch(train)  [88][1100/1154]  base_lr: 1.2500e-04 lr: 1.2500e-04  eta: 0:20:24  time: 0.0679  data_time: 0.0016  memory: 708  grad_norm: 2.5178  loss: 0.5772  loss_cls: 0.0008  loss_bbox: 0.0275  loss_centerness: 0.5489
2026/03/11 04:49:25 - mmengine - INFO - Epoch(train)  [88][1150/1154]  base_lr: 1.2500e-04 lr: 1.2500e-04  eta: 0:20:20  time: 0.0677  data_time: 0.0020  memory: 708  grad_norm: 2.9572  loss: 0.5742  loss_cls: 0.0014  loss_bbox: 0.0280  loss_centerness: 0.5448
2026/03/11 04:49:25 - mmengine - INFO - Exp name: fcos_minecraft_20260311_015948
2026/03/11 04:49:25 - mmengine - INFO - Saving checkpoint at 88 epochs
2026/03/11 04:49:27 - mmengine - INFO - Epoch(val)  [88][ 50/422]    eta: 0:00:06  time: 0.0177  data_time: 0.0010  memory: 708  
2026/03/11 04:49:28 - mmengine - INFO - Epoch(val)  [88][100/422]    eta: 0:00:05  time: 0.0184  data_time: 0.0007  memory: 403  
2026/03/11 04:49:29 - mmengine - INFO - Epoch(val)  [88][150/422]    eta: 0:00:04  time: 0.0177  data_time: 0.0008  memory: 403  
2026/03/11 04:49:30 - mmengine - INFO - Epoch(val)  [88][200/422]    eta: 0:00:03  time: 0.0174  data_time: 0.0008  memory: 403  
2026/03/11 04:49:31 - mmengine - INFO - Epoch(val)  [88][250/422]    eta: 0:00:03  time: 0.0176  data_time: 0.0007  memory: 403  
2026/03/11 04:49:32 - mmengine - INFO - Epoch(val)  [88][300/422]    eta: 0:00:02  time: 0.0201  data_time: 0.0007  memory: 403  
2026/03/11 04:49:33 - mmengine - INFO - Epoch(val)  [88][350/422]    eta: 0:00:01  time: 0.0174  data_time: 0.0007  memory: 403  
2026/03/11 04:49:34 - mmengine - INFO - Epoch(val)  [88][400/422]    eta: 0:00:00  time: 0.0171  data_time: 0.0004  memory: 403  
2026/03/11 04:49:34 - mmengine - INFO - Evaluating bbox...
2026/03/11 04:49:34 - mmengine - INFO - bbox_mAP_copypaste: 0.304 0.481 0.352 0.018 0.143 0.462
2026/03/11 04:49:34 - mmengine - INFO - Epoch(val) [88][422/422]    coco/bbox_mAP: 0.3040  coco/bbox_mAP_50: 0.4810  coco/bbox_mAP_75: 0.3520  coco/bbox_mAP_s: 0.0180  coco/bbox_mAP_m: 0.1430  coco/bbox_mAP_l: 0.4620  data_time: 0.0007  time: 0.0179
2026/03/11 04:49:38 - mmengine - INFO - Epoch(train)  [89][  50/1154]  base_lr: 1.2500e-04 lr: 1.2500e-04  eta: 0:20:15  time: 0.0701  data_time: 0.0019  memory: 708  grad_norm: 2.5781  loss: 0.5677  loss_cls: 0.0005  loss_bbox: 0.0241  loss_centerness: 0.5431
2026/03/11 04:49:41 - mmengine - INFO - Epoch(train)  [89][ 100/1154]  base_lr: 1.2500e-04 lr: 1.2500e-04  eta: 0:20:10  time: 0.0679  data_time: 0.0013  memory: 708  grad_norm: 2.6584  loss: 0.5768  loss_cls: 0.0007  loss_bbox: 0.0264  loss_centerness: 0.5496
2026/03/11 04:49:45 - mmengine - INFO - Epoch(train)  [89][ 150/1154]  base_lr: 1.2500e-04 lr: 1.2500e-04  eta: 0:20:06  time: 0.0690  data_time: 0.0014  memory: 708  grad_norm: 2.3625  loss: 0.5811  loss_cls: 0.0007  loss_bbox: 0.0244  loss_centerness: 0.5560
2026/03/11 04:49:48 - mmengine - INFO - Epoch(train)  [89][ 200/1154]  base_lr: 1.2500e-04 lr: 1.2500e-04  eta: 0:20:01  time: 0.0688  data_time: 0.0015  memory: 708  grad_norm: 2.5466  loss: 0.5833  loss_cls: 0.0010  loss_bbox: 0.0263  loss_centerness: 0.5560
2026/03/11 04:49:52 - mmengine - INFO - Epoch(train)  [89][ 250/1154]  base_lr: 1.2500e-04 lr: 1.2500e-04  eta: 0:19:57  time: 0.0673  data_time: 0.0015  memory: 708  grad_norm: 2.4893  loss: 0.5743  loss_cls: 0.0012  loss_bbox: 0.0257  loss_centerness: 0.5475
2026/03/11 04:49:55 - mmengine - INFO - Epoch(train)  [89][ 300/1154]  base_lr: 1.2500e-04 lr: 1.2500e-04  eta: 0:19:52  time: 0.0699  data_time: 0.0016  memory: 708  grad_norm: 2.7515  loss: 0.5759  loss_cls: 0.0006  loss_bbox: 0.0237  loss_centerness: 0.5515
2026/03/11 04:49:58 - mmengine - INFO - Epoch(train)  [89][ 350/1154]  base_lr: 1.2500e-04 lr: 1.2500e-04  eta: 0:19:48  time: 0.0684  data_time: 0.0011  memory: 708  grad_norm: 2.6958  loss: 0.5770  loss_cls: 0.0006  loss_bbox: 0.0257  loss_centerness: 0.5507
2026/03/11 04:50:02 - mmengine - INFO - Epoch(train)  [89][ 400/1154]  base_lr: 1.2500e-04 lr: 1.2500e-04  eta: 0:19:43  time: 0.0693  data_time: 0.0019  memory: 708  grad_norm: 2.2829  loss: 0.5752  loss_cls: 0.0008  loss_bbox: 0.0254  loss_centerness: 0.5490
2026/03/11 04:50:05 - mmengine - INFO - Exp name: fcos_minecraft_20260311_015948
2026/03/11 04:50:05 - mmengine - INFO - Epoch(train)  [89][ 450/1154]  base_lr: 1.2500e-04 lr: 1.2500e-04  eta: 0:19:39  time: 0.0686  data_time: 0.0015  memory: 708  grad_norm: 2.5561  loss: 0.5721  loss_cls: 0.0008  loss_bbox: 0.0237  loss_centerness: 0.5476
2026/03/11 04:50:09 - mmengine - INFO - Epoch(train)  [89][ 500/1154]  base_lr: 1.2500e-04 lr: 1.2500e-04  eta: 0:19:34  time: 0.0699  data_time: 0.0019  memory: 708  grad_norm: 2.4438  loss: 0.5784  loss_cls: 0.0006  loss_bbox: 0.0254  loss_centerness: 0.5524
2026/03/11 04:50:12 - mmengine - INFO - Epoch(train)  [89][ 550/1154]  base_lr: 1.2500e-04 lr: 1.2500e-04  eta: 0:19:30  time: 0.0690  data_time: 0.0017  memory: 708  grad_norm: 2.6697  loss: 0.5774  loss_cls: 0.0007  loss_bbox: 0.0263  loss_centerness: 0.5504
2026/03/11 04:50:16 - mmengine - INFO - Epoch(train)  [89][ 600/1154]  base_lr: 1.2500e-04 lr: 1.2500e-04  eta: 0:19:25  time: 0.0688  data_time: 0.0014  memory: 708  grad_norm: 2.5540  loss: 0.5675  loss_cls: 0.0009  loss_bbox: 0.0264  loss_centerness: 0.5402
2026/03/11 04:50:19 - mmengine - INFO - Epoch(train)  [89][ 650/1154]  base_lr: 1.2500e-04 lr: 1.2500e-04  eta: 0:19:21  time: 0.0677  data_time: 0.0014  memory: 708  grad_norm: 2.5145  loss: 0.5741  loss_cls: 0.0009  loss_bbox: 0.0254  loss_centerness: 0.5478
2026/03/11 04:50:23 - mmengine - INFO - Epoch(train)  [89][ 700/1154]  base_lr: 1.2500e-04 lr: 1.2500e-04  eta: 0:19:16  time: 0.0682  data_time: 0.0013  memory: 708  grad_norm: 2.7008  loss: 0.5788  loss_cls: 0.0008  loss_bbox: 0.0278  loss_centerness: 0.5502
2026/03/11 04:50:26 - mmengine - INFO - Epoch(train)  [89][ 750/1154]  base_lr: 1.2500e-04 lr: 1.2500e-04  eta: 0:19:12  time: 0.0680  data_time: 0.0016  memory: 708  grad_norm: 2.8437  loss: 0.5797  loss_cls: 0.0007  loss_bbox: 0.0277  loss_centerness: 0.5513
2026/03/11 04:50:29 - mmengine - INFO - Epoch(train)  [89][ 800/1154]  base_lr: 1.2500e-04 lr: 1.2500e-04  eta: 0:19:07  time: 0.0678  data_time: 0.0014  memory: 708  grad_norm: 2.6713  loss: 0.5758  loss_cls: 0.0009  loss_bbox: 0.0239  loss_centerness: 0.5511
2026/03/11 04:50:33 - mmengine - INFO - Epoch(train)  [89][ 850/1154]  base_lr: 1.2500e-04 lr: 1.2500e-04  eta: 0:19:03  time: 0.0679  data_time: 0.0014  memory: 708  grad_norm: 2.8357  loss: 0.5799  loss_cls: 0.0007  loss_bbox: 0.0251  loss_centerness: 0.5542
2026/03/11 04:50:36 - mmengine - INFO - Epoch(train)  [89][ 900/1154]  base_lr: 1.2500e-04 lr: 1.2500e-04  eta: 0:18:58  time: 0.0677  data_time: 0.0017  memory: 708  grad_norm: 2.7547  loss: 0.5754  loss_cls: 0.0009  loss_bbox: 0.0261  loss_centerness: 0.5483
2026/03/11 04:50:40 - mmengine - INFO - Epoch(train)  [89][ 950/1154]  base_lr: 1.2500e-04 lr: 1.2500e-04  eta: 0:18:54  time: 0.0677  data_time: 0.0022  memory: 708  grad_norm: 2.6914  loss: 0.5782  loss_cls: 0.0013  loss_bbox: 0.0305  loss_centerness: 0.5464
2026/03/11 04:50:43 - mmengine - INFO - Epoch(train)  [89][1000/1154]  base_lr: 1.2500e-04 lr: 1.2500e-04  eta: 0:18:49  time: 0.0679  data_time: 0.0015  memory: 708  grad_norm: 2.8406  loss: 0.5763  loss_cls: 0.0007  loss_bbox: 0.0254  loss_centerness: 0.5502
2026/03/11 04:50:46 - mmengine - INFO - Epoch(train)  [89][1050/1154]  base_lr: 1.2500e-04 lr: 1.2500e-04  eta: 0:18:44  time: 0.0681  data_time: 0.0016  memory: 708  grad_norm: 2.7449  loss: 0.5774  loss_cls: 0.0013  loss_bbox: 0.0279  loss_centerness: 0.5482
2026/03/11 04:50:50 - mmengine - INFO - Epoch(train)  [89][1100/1154]  base_lr: 1.2500e-04 lr: 1.2500e-04  eta: 0:18:40  time: 0.0675  data_time: 0.0016  memory: 708  grad_norm: 2.6965  loss: 0.5734  loss_cls: 0.0008  loss_bbox: 0.0256  loss_centerness: 0.5470
2026/03/11 04:50:53 - mmengine - INFO - Epoch(train)  [89][1150/1154]  base_lr: 1.2500e-04 lr: 1.2500e-04  eta: 0:18:35  time: 0.0678  data_time: 0.0013  memory: 708  grad_norm: 2.6344  loss: 0.5724  loss_cls: 0.0008  loss_bbox: 0.0263  loss_centerness: 0.5453
2026/03/11 04:50:53 - mmengine - INFO - Exp name: fcos_minecraft_20260311_015948
2026/03/11 04:50:53 - mmengine - INFO - Saving checkpoint at 89 epochs
2026/03/11 04:50:56 - mmengine - INFO - Epoch(val)  [89][ 50/422]    eta: 0:00:06  time: 0.0176  data_time: 0.0008  memory: 708  
2026/03/11 04:50:57 - mmengine - INFO - Epoch(val)  [89][100/422]    eta: 0:00:05  time: 0.0174  data_time: 0.0003  memory: 403  
2026/03/11 04:50:58 - mmengine - INFO - Epoch(val)  [89][150/422]    eta: 0:00:04  time: 0.0174  data_time: 0.0007  memory: 403  
2026/03/11 04:50:59 - mmengine - INFO - Epoch(val)  [89][200/422]    eta: 0:00:03  time: 0.0186  data_time: 0.0006  memory: 403  
2026/03/11 04:50:59 - mmengine - INFO - Epoch(val)  [89][250/422]    eta: 0:00:03  time: 0.0171  data_time: 0.0005  memory: 403  
2026/03/11 04:51:00 - mmengine - INFO - Epoch(val)  [89][300/422]    eta: 0:00:02  time: 0.0173  data_time: 0.0006  memory: 403  
2026/03/11 04:51:01 - mmengine - INFO - Epoch(val)  [89][350/422]    eta: 0:00:01  time: 0.0171  data_time: 0.0008  memory: 403  
2026/03/11 04:51:02 - mmengine - INFO - Epoch(val)  [89][400/422]    eta: 0:00:00  time: 0.0173  data_time: 0.0005  memory: 403  
2026/03/11 04:51:02 - mmengine - INFO - Evaluating bbox...
2026/03/11 04:51:03 - mmengine - INFO - bbox_mAP_copypaste: 0.296 0.476 0.346 0.017 0.146 0.448
2026/03/11 04:51:03 - mmengine - INFO - Epoch(val) [89][422/422]    coco/bbox_mAP: 0.2960  coco/bbox_mAP_50: 0.4760  coco/bbox_mAP_75: 0.3460  coco/bbox_mAP_s: 0.0170  coco/bbox_mAP_m: 0.1460  coco/bbox_mAP_l: 0.4480  data_time: 0.0006  time: 0.0175
2026/03/11 04:51:06 - mmengine - INFO - Epoch(train)  [90][  50/1154]  base_lr: 1.2500e-04 lr: 1.2500e-04  eta: 0:18:31  time: 0.0712  data_time: 0.0017  memory: 708  grad_norm: 2.7978  loss: 0.5727  loss_cls: 0.0007  loss_bbox: 0.0251  loss_centerness: 0.5469
2026/03/11 04:51:10 - mmengine - INFO - Epoch(train)  [90][ 100/1154]  base_lr: 1.2500e-04 lr: 1.2500e-04  eta: 0:18:26  time: 0.0707  data_time: 0.0019  memory: 708  grad_norm: 2.7039  loss: 0.5792  loss_cls: 0.0006  loss_bbox: 0.0267  loss_centerness: 0.5519
2026/03/11 04:51:13 - mmengine - INFO - Epoch(train)  [90][ 150/1154]  base_lr: 1.2500e-04 lr: 1.2500e-04  eta: 0:18:22  time: 0.0682  data_time: 0.0012  memory: 708  grad_norm: 2.5349  loss: 0.5832  loss_cls: 0.0008  loss_bbox: 0.0245  loss_centerness: 0.5579
2026/03/11 04:51:17 - mmengine - INFO - Epoch(train)  [90][ 200/1154]  base_lr: 1.2500e-04 lr: 1.2500e-04  eta: 0:18:17  time: 0.0723  data_time: 0.0019  memory: 708  grad_norm: 2.7652  loss: 0.5680  loss_cls: 0.0008  loss_bbox: 0.0284  loss_centerness: 0.5388
2026/03/11 04:51:21 - mmengine - INFO - Epoch(train)  [90][ 250/1154]  base_lr: 1.2500e-04 lr: 1.2500e-04  eta: 0:18:13  time: 0.0729  data_time: 0.0013  memory: 708  grad_norm: 2.5633  loss: 0.5765  loss_cls: 0.0007  loss_bbox: 0.0257  loss_centerness: 0.5502
2026/03/11 04:51:24 - mmengine - INFO - Exp name: fcos_minecraft_20260311_015948
2026/03/11 04:51:24 - mmengine - INFO - Epoch(train)  [90][ 300/1154]  base_lr: 1.2500e-04 lr: 1.2500e-04  eta: 0:18:08  time: 0.0744  data_time: 0.0017  memory: 708  grad_norm: 2.6238  loss: 0.5826  loss_cls: 0.0010  loss_bbox: 0.0264  loss_centerness: 0.5553
2026/03/11 04:51:28 - mmengine - INFO - Epoch(train)  [90][ 350/1154]  base_lr: 1.2500e-04 lr: 1.2500e-04  eta: 0:18:04  time: 0.0721  data_time: 0.0015  memory: 708  grad_norm: 2.3230  loss: 0.5763  loss_cls: 0.0009  loss_bbox: 0.0229  loss_centerness: 0.5526
2026/03/11 04:51:32 - mmengine - INFO - Epoch(train)  [90][ 400/1154]  base_lr: 1.2500e-04 lr: 1.2500e-04  eta: 0:17:59  time: 0.0743  data_time: 0.0020  memory: 708  grad_norm: 2.1916  loss: 0.5783  loss_cls: 0.0014  loss_bbox: 0.0267  loss_centerness: 0.5502
2026/03/11 04:51:35 - mmengine - INFO - Epoch(train)  [90][ 450/1154]  base_lr: 1.2500e-04 lr: 1.2500e-04  eta: 0:17:55  time: 0.0761  data_time: 0.0021  memory: 708  grad_norm: 2.1878  loss: 0.5767  loss_cls: 0.0009  loss_bbox: 0.0266  loss_centerness: 0.5492
2026/03/11 04:51:39 - mmengine - INFO - Epoch(train)  [90][ 500/1154]  base_lr: 1.2500e-04 lr: 1.2500e-04  eta: 0:17:50  time: 0.0789  data_time: 0.0021  memory: 708  grad_norm: 2.3804  loss: 0.5683  loss_cls: 0.0006  loss_bbox: 0.0229  loss_centerness: 0.5448
2026/03/11 04:51:43 - mmengine - INFO - Epoch(train)  [90][ 550/1154]  base_lr: 1.2500e-04 lr: 1.2500e-04  eta: 0:17:46  time: 0.0812  data_time: 0.0024  memory: 708  grad_norm: 2.3746  loss: 0.5741  loss_cls: 0.0006  loss_bbox: 0.0254  loss_centerness: 0.5481
2026/03/11 04:51:47 - mmengine - INFO - Epoch(train)  [90][ 600/1154]  base_lr: 1.2500e-04 lr: 1.2500e-04  eta: 0:17:41  time: 0.0765  data_time: 0.0022  memory: 708  grad_norm: 2.4666  loss: 0.5714  loss_cls: 0.0012  loss_bbox: 0.0245  loss_centerness: 0.5457
2026/03/11 04:51:51 - mmengine - INFO - Epoch(train)  [90][ 650/1154]  base_lr: 1.2500e-04 lr: 1.2500e-04  eta: 0:17:37  time: 0.0744  data_time: 0.0022  memory: 708  grad_norm: 2.4987  loss: 0.5758  loss_cls: 0.0008  loss_bbox: 0.0251  loss_centerness: 0.5499
2026/03/11 04:51:54 - mmengine - INFO - Epoch(train)  [90][ 700/1154]  base_lr: 1.2500e-04 lr: 1.2500e-04  eta: 0:17:32  time: 0.0673  data_time: 0.0017  memory: 708  grad_norm: 2.6455  loss: 0.5807  loss_cls: 0.0009  loss_bbox: 0.0292  loss_centerness: 0.5507
2026/03/11 04:51:58 - mmengine - INFO - Epoch(train)  [90][ 750/1154]  base_lr: 1.2500e-04 lr: 1.2500e-04  eta: 0:17:28  time: 0.0733  data_time: 0.0019  memory: 708  grad_norm: 2.4943  loss: 0.5697  loss_cls: 0.0005  loss_bbox: 0.0272  loss_centerness: 0.5420
2026/03/11 04:52:02 - mmengine - INFO - Epoch(train)  [90][ 800/1154]  base_lr: 1.2500e-04 lr: 1.2500e-04  eta: 0:17:23  time: 0.0774  data_time: 0.0020  memory: 708  grad_norm: 2.8143  loss: 0.5790  loss_cls: 0.0008  loss_bbox: 0.0266  loss_centerness: 0.5515
2026/03/11 04:52:05 - mmengine - INFO - Epoch(train)  [90][ 850/1154]  base_lr: 1.2500e-04 lr: 1.2500e-04  eta: 0:17:19  time: 0.0709  data_time: 0.0016  memory: 708  grad_norm: 3.5632  loss: 0.5832  loss_cls: 0.0007  loss_bbox: 0.0337  loss_centerness: 0.5489
2026/03/11 04:52:09 - mmengine - INFO - Epoch(train)  [90][ 900/1154]  base_lr: 1.2500e-04 lr: 1.2500e-04  eta: 0:17:14  time: 0.0695  data_time: 0.0016  memory: 708  grad_norm: 2.4135  loss: 0.5768  loss_cls: 0.0007  loss_bbox: 0.0256  loss_centerness: 0.5505
2026/03/11 04:52:12 - mmengine - INFO - Epoch(train)  [90][ 950/1154]  base_lr: 1.2500e-04 lr: 1.2500e-04  eta: 0:17:10  time: 0.0705  data_time: 0.0021  memory: 708  grad_norm: 2.4686  loss: 0.5762  loss_cls: 0.0007  loss_bbox: 0.0234  loss_centerness: 0.5521
2026/03/11 04:52:16 - mmengine - INFO - Epoch(train)  [90][1000/1154]  base_lr: 1.2500e-04 lr: 1.2500e-04  eta: 0:17:06  time: 0.0711  data_time: 0.0018  memory: 708  grad_norm: 2.6418  loss: 0.5777  loss_cls: 0.0041  loss_bbox: 0.0234  loss_centerness: 0.5503
2026/03/11 04:52:20 - mmengine - INFO - Epoch(train)  [90][1050/1154]  base_lr: 1.2500e-04 lr: 1.2500e-04  eta: 0:17:01  time: 0.0703  data_time: 0.0023  memory: 708  grad_norm: 2.4670  loss: 0.5773  loss_cls: 0.0009  loss_bbox: 0.0240  loss_centerness: 0.5524
2026/03/11 04:52:23 - mmengine - INFO - Epoch(train)  [90][1100/1154]  base_lr: 1.2500e-04 lr: 1.2500e-04  eta: 0:16:57  time: 0.0695  data_time: 0.0016  memory: 708  grad_norm: 2.5363  loss: 0.5693  loss_cls: 0.0008  loss_bbox: 0.0241  loss_centerness: 0.5445
2026/03/11 04:52:27 - mmengine - INFO - Epoch(train)  [90][1150/1154]  base_lr: 1.2500e-04 lr: 1.2500e-04  eta: 0:16:52  time: 0.0697  data_time: 0.0017  memory: 708  grad_norm: 2.7099  loss: 0.5784  loss_cls: 0.0011  loss_bbox: 0.0266  loss_centerness: 0.5508
2026/03/11 04:52:27 - mmengine - INFO - Exp name: fcos_minecraft_20260311_015948
2026/03/11 04:52:27 - mmengine - INFO - Saving checkpoint at 90 epochs
2026/03/11 04:52:32 - mmengine - INFO - Epoch(val)  [90][ 50/422]    eta: 0:00:08  time: 0.0231  data_time: 0.0008  memory: 708  
2026/03/11 04:52:33 - mmengine - INFO - Epoch(val)  [90][100/422]    eta: 0:00:06  time: 0.0175  data_time: 0.0004  memory: 403  
2026/03/11 04:52:34 - mmengine - INFO - Epoch(val)  [90][150/422]    eta: 0:00:05  time: 0.0182  data_time: 0.0007  memory: 403  
2026/03/11 04:52:35 - mmengine - INFO - Epoch(val)  [90][200/422]    eta: 0:00:04  time: 0.0175  data_time: 0.0008  memory: 403  
2026/03/11 04:52:36 - mmengine - INFO - Epoch(val)  [90][250/422]    eta: 0:00:03  time: 0.0180  data_time: 0.0007  memory: 403  
2026/03/11 04:52:36 - mmengine - INFO - Epoch(val)  [90][300/422]    eta: 0:00:02  time: 0.0182  data_time: 0.0005  memory: 403  
2026/03/11 04:52:37 - mmengine - INFO - Epoch(val)  [90][350/422]    eta: 0:00:01  time: 0.0170  data_time: 0.0006  memory: 403  
2026/03/11 04:52:38 - mmengine - INFO - Epoch(val)  [90][400/422]    eta: 0:00:00  time: 0.0171  data_time: 0.0005  memory: 403  
2026/03/11 04:52:39 - mmengine - INFO - Evaluating bbox...
2026/03/11 04:52:39 - mmengine - INFO - bbox_mAP_copypaste: 0.298 0.478 0.346 0.017 0.135 0.455
2026/03/11 04:52:39 - mmengine - INFO - Epoch(val) [90][422/422]    coco/bbox_mAP: 0.2980  coco/bbox_mAP_50: 0.4780  coco/bbox_mAP_75: 0.3460  coco/bbox_mAP_s: 0.0170  coco/bbox_mAP_m: 0.1350  coco/bbox_mAP_l: 0.4550  data_time: 0.0006  time: 0.0183
2026/03/11 04:52:43 - mmengine - INFO - Epoch(train)  [91][  50/1154]  base_lr: 1.2500e-05 lr: 1.2500e-05  eta: 0:16:47  time: 0.0725  data_time: 0.0014  memory: 708  grad_norm: 2.1801  loss: 0.5715  loss_cls: 0.0006  loss_bbox: 0.0229  loss_centerness: 0.5480
2026/03/11 04:52:46 - mmengine - INFO - Epoch(train)  [91][ 100/1154]  base_lr: 1.2500e-05 lr: 1.2500e-05  eta: 0:16:43  time: 0.0708  data_time: 0.0017  memory: 708  grad_norm: 2.4789  loss: 0.5706  loss_cls: 0.0008  loss_bbox: 0.0240  loss_centerness: 0.5458
2026/03/11 04:52:49 - mmengine - INFO - Exp name: fcos_minecraft_20260311_015948
2026/03/11 04:52:50 - mmengine - INFO - Epoch(train)  [91][ 150/1154]  base_lr: 1.2500e-05 lr: 1.2500e-05  eta: 0:16:38  time: 0.0749  data_time: 0.0017  memory: 708  grad_norm: 2.3758  loss: 0.5754  loss_cls: 0.0005  loss_bbox: 0.0227  loss_centerness: 0.5522
2026/03/11 04:52:54 - mmengine - INFO - Epoch(train)  [91][ 200/1154]  base_lr: 1.2500e-05 lr: 1.2500e-05  eta: 0:16:34  time: 0.0723  data_time: 0.0017  memory: 708  grad_norm: 2.3711  loss: 0.5820  loss_cls: 0.0010  loss_bbox: 0.0276  loss_centerness: 0.5534
2026/03/11 04:52:57 - mmengine - INFO - Epoch(train)  [91][ 250/1154]  base_lr: 1.2500e-05 lr: 1.2500e-05  eta: 0:16:29  time: 0.0668  data_time: 0.0020  memory: 708  grad_norm: 2.2307  loss: 0.5728  loss_cls: 0.0006  loss_bbox: 0.0247  loss_centerness: 0.5474
2026/03/11 04:53:01 - mmengine - INFO - Epoch(train)  [91][ 300/1154]  base_lr: 1.2500e-05 lr: 1.2500e-05  eta: 0:16:25  time: 0.0718  data_time: 0.0020  memory: 708  grad_norm: 2.3148  loss: 0.5821  loss_cls: 0.0008  loss_bbox: 0.0231  loss_centerness: 0.5583
2026/03/11 04:53:04 - mmengine - INFO - Epoch(train)  [91][ 350/1154]  base_lr: 1.2500e-05 lr: 1.2500e-05  eta: 0:16:20  time: 0.0695  data_time: 0.0014  memory: 708  grad_norm: 2.3666  loss: 0.5795  loss_cls: 0.0009  loss_bbox: 0.0256  loss_centerness: 0.5530
2026/03/11 04:53:07 - mmengine - INFO - Epoch(train)  [91][ 400/1154]  base_lr: 1.2500e-05 lr: 1.2500e-05  eta: 0:16:16  time: 0.0687  data_time: 0.0017  memory: 708  grad_norm: 2.1002  loss: 0.5725  loss_cls: 0.0010  loss_bbox: 0.0240  loss_centerness: 0.5475
2026/03/11 04:53:11 - mmengine - INFO - Epoch(train)  [91][ 450/1154]  base_lr: 1.2500e-05 lr: 1.2500e-05  eta: 0:16:11  time: 0.0678  data_time: 0.0013  memory: 708  grad_norm: 2.1032  loss: 0.5768  loss_cls: 0.0007  loss_bbox: 0.0247  loss_centerness: 0.5514
2026/03/11 04:53:14 - mmengine - INFO - Epoch(train)  [91][ 500/1154]  base_lr: 1.2500e-05 lr: 1.2500e-05  eta: 0:16:07  time: 0.0691  data_time: 0.0015  memory: 708  grad_norm: 2.2374  loss: 0.5750  loss_cls: 0.0013  loss_bbox: 0.0245  loss_centerness: 0.5492
2026/03/11 04:53:18 - mmengine - INFO - Epoch(train)  [91][ 550/1154]  base_lr: 1.2500e-05 lr: 1.2500e-05  eta: 0:16:02  time: 0.0740  data_time: 0.0018  memory: 708  grad_norm: 2.3814  loss: 0.5766  loss_cls: 0.0007  loss_bbox: 0.0234  loss_centerness: 0.5525
2026/03/11 04:53:22 - mmengine - INFO - Epoch(train)  [91][ 600/1154]  base_lr: 1.2500e-05 lr: 1.2500e-05  eta: 0:15:58  time: 0.0695  data_time: 0.0012  memory: 708  grad_norm: 2.5433  loss: 0.5803  loss_cls: 0.0007  loss_bbox: 0.0231  loss_centerness: 0.5565
2026/03/11 04:53:25 - mmengine - INFO - Epoch(train)  [91][ 650/1154]  base_lr: 1.2500e-05 lr: 1.2500e-05  eta: 0:15:54  time: 0.0703  data_time: 0.0014  memory: 708  grad_norm: 2.0806  loss: 0.5695  loss_cls: 0.0009  loss_bbox: 0.0211  loss_centerness: 0.5475
2026/03/11 04:53:28 - mmengine - INFO - Epoch(train)  [91][ 700/1154]  base_lr: 1.2500e-05 lr: 1.2500e-05  eta: 0:15:49  time: 0.0692  data_time: 0.0014  memory: 708  grad_norm: 2.2464  loss: 0.5724  loss_cls: 0.0011  loss_bbox: 0.0254  loss_centerness: 0.5458
2026/03/11 04:53:32 - mmengine - INFO - Epoch(train)  [91][ 750/1154]  base_lr: 1.2500e-05 lr: 1.2500e-05  eta: 0:15:45  time: 0.0706  data_time: 0.0015  memory: 708  grad_norm: 2.2458  loss: 0.5752  loss_cls: 0.0007  loss_bbox: 0.0268  loss_centerness: 0.5476
2026/03/11 04:53:36 - mmengine - INFO - Epoch(train)  [91][ 800/1154]  base_lr: 1.2500e-05 lr: 1.2500e-05  eta: 0:15:40  time: 0.0755  data_time: 0.0019  memory: 708  grad_norm: 2.3076  loss: 0.5720  loss_cls: 0.0009  loss_bbox: 0.0238  loss_centerness: 0.5473
2026/03/11 04:53:40 - mmengine - INFO - Epoch(train)  [91][ 850/1154]  base_lr: 1.2500e-05 lr: 1.2500e-05  eta: 0:15:36  time: 0.0737  data_time: 0.0019  memory: 708  grad_norm: 2.2201  loss: 0.5619  loss_cls: 0.0006  loss_bbox: 0.0225  loss_centerness: 0.5389
2026/03/11 04:53:43 - mmengine - INFO - Epoch(train)  [91][ 900/1154]  base_lr: 1.2500e-05 lr: 1.2500e-05  eta: 0:15:31  time: 0.0726  data_time: 0.0021  memory: 708  grad_norm: 2.2496  loss: 0.5705  loss_cls: 0.0007  loss_bbox: 0.0236  loss_centerness: 0.5461
2026/03/11 04:53:47 - mmengine - INFO - Epoch(train)  [91][ 950/1154]  base_lr: 1.2500e-05 lr: 1.2500e-05  eta: 0:15:27  time: 0.0705  data_time: 0.0013  memory: 708  grad_norm: 2.2423  loss: 0.5680  loss_cls: 0.0007  loss_bbox: 0.0222  loss_centerness: 0.5451
2026/03/11 04:53:50 - mmengine - INFO - Epoch(train)  [91][1000/1154]  base_lr: 1.2500e-05 lr: 1.2500e-05  eta: 0:15:22  time: 0.0710  data_time: 0.0014  memory: 708  grad_norm: 2.3660  loss: 0.5766  loss_cls: 0.0009  loss_bbox: 0.0244  loss_centerness: 0.5514
2026/03/11 04:53:54 - mmengine - INFO - Epoch(train)  [91][1050/1154]  base_lr: 1.2500e-05 lr: 1.2500e-05  eta: 0:15:18  time: 0.0750  data_time: 0.0018  memory: 708  grad_norm: 2.3082  loss: 0.5696  loss_cls: 0.0007  loss_bbox: 0.0220  loss_centerness: 0.5469
2026/03/11 04:53:58 - mmengine - INFO - Epoch(train)  [91][1100/1154]  base_lr: 1.2500e-05 lr: 1.2500e-05  eta: 0:15:13  time: 0.0727  data_time: 0.0019  memory: 708  grad_norm: 2.2991  loss: 0.5750  loss_cls: 0.0013  loss_bbox: 0.0224  loss_centerness: 0.5513
2026/03/11 04:54:00 - mmengine - INFO - Exp name: fcos_minecraft_20260311_015948
2026/03/11 04:54:01 - mmengine - INFO - Epoch(train)  [91][1150/1154]  base_lr: 1.2500e-05 lr: 1.2500e-05  eta: 0:15:09  time: 0.0706  data_time: 0.0012  memory: 708  grad_norm: 2.1117  loss: 0.5744  loss_cls: 0.0005  loss_bbox: 0.0243  loss_centerness: 0.5497
2026/03/11 04:54:01 - mmengine - INFO - Exp name: fcos_minecraft_20260311_015948
2026/03/11 04:54:01 - mmengine - INFO - Saving checkpoint at 91 epochs
2026/03/11 04:54:04 - mmengine - INFO - Epoch(val)  [91][ 50/422]    eta: 0:00:06  time: 0.0173  data_time: 0.0006  memory: 708  
2026/03/11 04:54:05 - mmengine - INFO - Epoch(val)  [91][100/422]    eta: 0:00:05  time: 0.0171  data_time: 0.0005  memory: 403  
2026/03/11 04:54:05 - mmengine - INFO - Epoch(val)  [91][150/422]    eta: 0:00:04  time: 0.0169  data_time: 0.0006  memory: 403  
2026/03/11 04:54:06 - mmengine - INFO - Epoch(val)  [91][200/422]    eta: 0:00:03  time: 0.0168  data_time: 0.0005  memory: 403  
2026/03/11 04:54:07 - mmengine - INFO - Epoch(val)  [91][250/422]    eta: 0:00:02  time: 0.0177  data_time: 0.0007  memory: 403  
2026/03/11 04:54:08 - mmengine - INFO - Epoch(val)  [91][300/422]    eta: 0:00:02  time: 0.0179  data_time: 0.0004  memory: 403  
2026/03/11 04:54:09 - mmengine - INFO - Epoch(val)  [91][350/422]    eta: 0:00:01  time: 0.0174  data_time: 0.0006  memory: 403  
2026/03/11 04:54:10 - mmengine - INFO - Epoch(val)  [91][400/422]    eta: 0:00:00  time: 0.0184  data_time: 0.0008  memory: 403  
2026/03/11 04:54:10 - mmengine - INFO - Evaluating bbox...
2026/03/11 04:54:11 - mmengine - INFO - bbox_mAP_copypaste: 0.298 0.477 0.345 0.017 0.143 0.455
2026/03/11 04:54:11 - mmengine - INFO - Epoch(val) [91][422/422]    coco/bbox_mAP: 0.2980  coco/bbox_mAP_50: 0.4770  coco/bbox_mAP_75: 0.3450  coco/bbox_mAP_s: 0.0170  coco/bbox_mAP_m: 0.1430  coco/bbox_mAP_l: 0.4550  data_time: 0.0006  time: 0.0175
2026/03/11 04:54:14 - mmengine - INFO - Epoch(train)  [92][  50/1154]  base_lr: 1.2500e-05 lr: 1.2500e-05  eta: 0:15:04  time: 0.0701  data_time: 0.0020  memory: 708  grad_norm: 2.2889  loss: 0.5790  loss_cls: 0.0013  loss_bbox: 0.0257  loss_centerness: 0.5520
2026/03/11 04:54:18 - mmengine - INFO - Epoch(train)  [92][ 100/1154]  base_lr: 1.2500e-05 lr: 1.2500e-05  eta: 0:15:00  time: 0.0690  data_time: 0.0016  memory: 708  grad_norm: 2.3605  loss: 0.5778  loss_cls: 0.0007  loss_bbox: 0.0233  loss_centerness: 0.5538
2026/03/11 04:54:21 - mmengine - INFO - Epoch(train)  [92][ 150/1154]  base_lr: 1.2500e-05 lr: 1.2500e-05  eta: 0:14:55  time: 0.0702  data_time: 0.0023  memory: 708  grad_norm: 2.4179  loss: 0.5769  loss_cls: 0.0011  loss_bbox: 0.0272  loss_centerness: 0.5486
2026/03/11 04:54:24 - mmengine - INFO - Epoch(train)  [92][ 200/1154]  base_lr: 1.2500e-05 lr: 1.2500e-05  eta: 0:14:51  time: 0.0671  data_time: 0.0017  memory: 708  grad_norm: 2.2059  loss: 0.5660  loss_cls: 0.0009  loss_bbox: 0.0218  loss_centerness: 0.5433
2026/03/11 04:54:28 - mmengine - INFO - Epoch(train)  [92][ 250/1154]  base_lr: 1.2500e-05 lr: 1.2500e-05  eta: 0:14:46  time: 0.0715  data_time: 0.0013  memory: 708  grad_norm: 2.3437  loss: 0.5733  loss_cls: 0.0008  loss_bbox: 0.0227  loss_centerness: 0.5498
2026/03/11 04:54:32 - mmengine - INFO - Epoch(train)  [92][ 300/1154]  base_lr: 1.2500e-05 lr: 1.2500e-05  eta: 0:14:42  time: 0.0783  data_time: 0.0020  memory: 708  grad_norm: 2.2989  loss: 0.5773  loss_cls: 0.0008  loss_bbox: 0.0249  loss_centerness: 0.5516
2026/03/11 04:54:36 - mmengine - INFO - Epoch(train)  [92][ 350/1154]  base_lr: 1.2500e-05 lr: 1.2500e-05  eta: 0:14:37  time: 0.0758  data_time: 0.0021  memory: 708  grad_norm: 1.9981  loss: 0.5697  loss_cls: 0.0007  loss_bbox: 0.0217  loss_centerness: 0.5474
2026/03/11 04:54:40 - mmengine - INFO - Epoch(train)  [92][ 400/1154]  base_lr: 1.2500e-05 lr: 1.2500e-05  eta: 0:14:33  time: 0.0765  data_time: 0.0020  memory: 708  grad_norm: 2.2720  loss: 0.5753  loss_cls: 0.0007  loss_bbox: 0.0237  loss_centerness: 0.5509
2026/03/11 04:54:44 - mmengine - INFO - Epoch(train)  [92][ 450/1154]  base_lr: 1.2500e-05 lr: 1.2500e-05  eta: 0:14:29  time: 0.0781  data_time: 0.0022  memory: 708  grad_norm: 2.3086  loss: 0.5740  loss_cls: 0.0007  loss_bbox: 0.0257  loss_centerness: 0.5477
2026/03/11 04:54:47 - mmengine - INFO - Epoch(train)  [92][ 500/1154]  base_lr: 1.2500e-05 lr: 1.2500e-05  eta: 0:14:24  time: 0.0788  data_time: 0.0020  memory: 708  grad_norm: 2.4868  loss: 0.5732  loss_cls: 0.0006  loss_bbox: 0.0243  loss_centerness: 0.5483
2026/03/11 04:54:51 - mmengine - INFO - Epoch(train)  [92][ 550/1154]  base_lr: 1.2500e-05 lr: 1.2500e-05  eta: 0:14:20  time: 0.0756  data_time: 0.0015  memory: 708  grad_norm: 2.3990  loss: 0.5707  loss_cls: 0.0008  loss_bbox: 0.0209  loss_centerness: 0.5490
2026/03/11 04:54:55 - mmengine - INFO - Epoch(train)  [92][ 600/1154]  base_lr: 1.2500e-05 lr: 1.2500e-05  eta: 0:14:15  time: 0.0744  data_time: 0.0018  memory: 708  grad_norm: 2.1856  loss: 0.5675  loss_cls: 0.0006  loss_bbox: 0.0219  loss_centerness: 0.5450
2026/03/11 04:54:59 - mmengine - INFO - Epoch(train)  [92][ 650/1154]  base_lr: 1.2500e-05 lr: 1.2500e-05  eta: 0:14:11  time: 0.0742  data_time: 0.0017  memory: 708  grad_norm: 2.2334  loss: 0.5735  loss_cls: 0.0012  loss_bbox: 0.0231  loss_centerness: 0.5492
2026/03/11 04:55:02 - mmengine - INFO - Epoch(train)  [92][ 700/1154]  base_lr: 1.2500e-05 lr: 1.2500e-05  eta: 0:14:06  time: 0.0742  data_time: 0.0019  memory: 708  grad_norm: 2.1423  loss: 0.5705  loss_cls: 0.0007  loss_bbox: 0.0219  loss_centerness: 0.5479
2026/03/11 04:55:06 - mmengine - INFO - Epoch(train)  [92][ 750/1154]  base_lr: 1.2500e-05 lr: 1.2500e-05  eta: 0:14:02  time: 0.0734  data_time: 0.0017  memory: 708  grad_norm: 2.2781  loss: 0.5767  loss_cls: 0.0005  loss_bbox: 0.0227  loss_centerness: 0.5535
2026/03/11 04:55:09 - mmengine - INFO - Epoch(train)  [92][ 800/1154]  base_lr: 1.2500e-05 lr: 1.2500e-05  eta: 0:13:58  time: 0.0676  data_time: 0.0018  memory: 708  grad_norm: 2.1287  loss: 0.5710  loss_cls: 0.0008  loss_bbox: 0.0243  loss_centerness: 0.5460
2026/03/11 04:55:13 - mmengine - INFO - Epoch(train)  [92][ 850/1154]  base_lr: 1.2500e-05 lr: 1.2500e-05  eta: 0:13:53  time: 0.0723  data_time: 0.0015  memory: 708  grad_norm: 2.3084  loss: 0.5736  loss_cls: 0.0010  loss_bbox: 0.0245  loss_centerness: 0.5482
2026/03/11 04:55:17 - mmengine - INFO - Epoch(train)  [92][ 900/1154]  base_lr: 1.2500e-05 lr: 1.2500e-05  eta: 0:13:49  time: 0.0700  data_time: 0.0011  memory: 708  grad_norm: 2.1438  loss: 0.5730  loss_cls: 0.0006  loss_bbox: 0.0235  loss_centerness: 0.5489
2026/03/11 04:55:20 - mmengine - INFO - Epoch(train)  [92][ 950/1154]  base_lr: 1.2500e-05 lr: 1.2500e-05  eta: 0:13:44  time: 0.0757  data_time: 0.0016  memory: 708  grad_norm: 2.3558  loss: 0.5715  loss_cls: 0.0008  loss_bbox: 0.0230  loss_centerness: 0.5477
2026/03/11 04:55:23 - mmengine - INFO - Exp name: fcos_minecraft_20260311_015948
2026/03/11 04:55:24 - mmengine - INFO - Epoch(train)  [92][1000/1154]  base_lr: 1.2500e-05 lr: 1.2500e-05  eta: 0:13:40  time: 0.0783  data_time: 0.0018  memory: 708  grad_norm: 2.1933  loss: 0.5680  loss_cls: 0.0011  loss_bbox: 0.0231  loss_centerness: 0.5437
2026/03/11 04:55:28 - mmengine - INFO - Epoch(train)  [92][1050/1154]  base_lr: 1.2500e-05 lr: 1.2500e-05  eta: 0:13:35  time: 0.0695  data_time: 0.0013  memory: 708  grad_norm: 2.1713  loss: 0.5737  loss_cls: 0.0007  loss_bbox: 0.0225  loss_centerness: 0.5506
2026/03/11 04:55:31 - mmengine - INFO - Epoch(train)  [92][1100/1154]  base_lr: 1.2500e-05 lr: 1.2500e-05  eta: 0:13:31  time: 0.0725  data_time: 0.0016  memory: 708  grad_norm: 2.1456  loss: 0.5746  loss_cls: 0.0010  loss_bbox: 0.0241  loss_centerness: 0.5495
2026/03/11 04:55:35 - mmengine - INFO - Epoch(train)  [92][1150/1154]  base_lr: 1.2500e-05 lr: 1.2500e-05  eta: 0:13:27  time: 0.0693  data_time: 0.0017  memory: 708  grad_norm: 2.3182  loss: 0.5804  loss_cls: 0.0011  loss_bbox: 0.0248  loss_centerness: 0.5545
2026/03/11 04:55:35 - mmengine - INFO - Exp name: fcos_minecraft_20260311_015948
2026/03/11 04:55:35 - mmengine - INFO - Saving checkpoint at 92 epochs
2026/03/11 04:55:38 - mmengine - INFO - Epoch(val)  [92][ 50/422]    eta: 0:00:07  time: 0.0198  data_time: 0.0009  memory: 708  
2026/03/11 04:55:39 - mmengine - INFO - Epoch(val)  [92][100/422]    eta: 0:00:06  time: 0.0193  data_time: 0.0007  memory: 403  
2026/03/11 04:55:40 - mmengine - INFO - Epoch(val)  [92][150/422]    eta: 0:00:05  time: 0.0192  data_time: 0.0006  memory: 403  
2026/03/11 04:55:41 - mmengine - INFO - Epoch(val)  [92][200/422]    eta: 0:00:04  time: 0.0206  data_time: 0.0007  memory: 403  
2026/03/11 04:55:42 - mmengine - INFO - Epoch(val)  [92][250/422]    eta: 0:00:03  time: 0.0207  data_time: 0.0007  memory: 403  
2026/03/11 04:55:43 - mmengine - INFO - Epoch(val)  [92][300/422]    eta: 0:00:02  time: 0.0213  data_time: 0.0008  memory: 403  
2026/03/11 04:55:44 - mmengine - INFO - Epoch(val)  [92][350/422]    eta: 0:00:01  time: 0.0201  data_time: 0.0006  memory: 403  
2026/03/11 04:55:45 - mmengine - INFO - Epoch(val)  [92][400/422]    eta: 0:00:00  time: 0.0173  data_time: 0.0008  memory: 403  
2026/03/11 04:55:45 - mmengine - INFO - Evaluating bbox...
2026/03/11 04:55:45 - mmengine - INFO - bbox_mAP_copypaste: 0.297 0.477 0.345 0.017 0.136 0.452
2026/03/11 04:55:45 - mmengine - INFO - Epoch(val) [92][422/422]    coco/bbox_mAP: 0.2970  coco/bbox_mAP_50: 0.4770  coco/bbox_mAP_75: 0.3450  coco/bbox_mAP_s: 0.0170  coco/bbox_mAP_m: 0.1360  coco/bbox_mAP_l: 0.4520  data_time: 0.0007  time: 0.0196
2026/03/11 04:55:49 - mmengine - INFO - Epoch(train)  [93][  50/1154]  base_lr: 1.2500e-05 lr: 1.2500e-05  eta: 0:13:22  time: 0.0759  data_time: 0.0018  memory: 708  grad_norm: 2.2667  loss: 0.5829  loss_cls: 0.0011  loss_bbox: 0.0237  loss_centerness: 0.5581
2026/03/11 04:55:53 - mmengine - INFO - Epoch(train)  [93][ 100/1154]  base_lr: 1.2500e-05 lr: 1.2500e-05  eta: 0:13:17  time: 0.0790  data_time: 0.0018  memory: 708  grad_norm: 2.1977  loss: 0.5741  loss_cls: 0.0006  loss_bbox: 0.0202  loss_centerness: 0.5533
2026/03/11 04:55:57 - mmengine - INFO - Epoch(train)  [93][ 150/1154]  base_lr: 1.2500e-05 lr: 1.2500e-05  eta: 0:13:13  time: 0.0688  data_time: 0.0014  memory: 708  grad_norm: 2.3206  loss: 0.5714  loss_cls: 0.0006  loss_bbox: 0.0244  loss_centerness: 0.5465
2026/03/11 04:56:00 - mmengine - INFO - Epoch(train)  [93][ 200/1154]  base_lr: 1.2500e-05 lr: 1.2500e-05  eta: 0:13:08  time: 0.0712  data_time: 0.0014  memory: 708  grad_norm: 2.0958  loss: 0.5744  loss_cls: 0.0010  loss_bbox: 0.0230  loss_centerness: 0.5504
2026/03/11 04:56:04 - mmengine - INFO - Epoch(train)  [93][ 250/1154]  base_lr: 1.2500e-05 lr: 1.2500e-05  eta: 0:13:04  time: 0.0787  data_time: 0.0016  memory: 708  grad_norm: 2.2408  loss: 0.5750  loss_cls: 0.0008  loss_bbox: 0.0230  loss_centerness: 0.5512
2026/03/11 04:56:08 - mmengine - INFO - Epoch(train)  [93][ 300/1154]  base_lr: 1.2500e-05 lr: 1.2500e-05  eta: 0:13:00  time: 0.0786  data_time: 0.0017  memory: 708  grad_norm: 2.1905  loss: 0.5713  loss_cls: 0.0006  loss_bbox: 0.0236  loss_centerness: 0.5470
2026/03/11 04:56:12 - mmengine - INFO - Epoch(train)  [93][ 350/1154]  base_lr: 1.2500e-05 lr: 1.2500e-05  eta: 0:12:55  time: 0.0807  data_time: 0.0017  memory: 708  grad_norm: 2.1762  loss: 0.5752  loss_cls: 0.0008  loss_bbox: 0.0240  loss_centerness: 0.5505
2026/03/11 04:56:16 - mmengine - INFO - Epoch(train)  [93][ 400/1154]  base_lr: 1.2500e-05 lr: 1.2500e-05  eta: 0:12:51  time: 0.0802  data_time: 0.0019  memory: 708  grad_norm: 2.2472  loss: 0.5684  loss_cls: 0.0010  loss_bbox: 0.0208  loss_centerness: 0.5467
2026/03/11 04:56:20 - mmengine - INFO - Epoch(train)  [93][ 450/1154]  base_lr: 1.2500e-05 lr: 1.2500e-05  eta: 0:12:46  time: 0.0805  data_time: 0.0018  memory: 708  grad_norm: 2.2816  loss: 0.5719  loss_cls: 0.0010  loss_bbox: 0.0246  loss_centerness: 0.5462
2026/03/11 04:56:24 - mmengine - INFO - Epoch(train)  [93][ 500/1154]  base_lr: 1.2500e-05 lr: 1.2500e-05  eta: 0:12:42  time: 0.0803  data_time: 0.0018  memory: 708  grad_norm: 2.4266  loss: 0.5811  loss_cls: 0.0006  loss_bbox: 0.0269  loss_centerness: 0.5536
2026/03/11 04:56:28 - mmengine - INFO - Epoch(train)  [93][ 550/1154]  base_lr: 1.2500e-05 lr: 1.2500e-05  eta: 0:12:38  time: 0.0805  data_time: 0.0019  memory: 708  grad_norm: 2.2713  loss: 0.5749  loss_cls: 0.0009  loss_bbox: 0.0238  loss_centerness: 0.5502
2026/03/11 04:56:32 - mmengine - INFO - Epoch(train)  [93][ 600/1154]  base_lr: 1.2500e-05 lr: 1.2500e-05  eta: 0:12:33  time: 0.0808  data_time: 0.0020  memory: 708  grad_norm: 2.2827  loss: 0.5741  loss_cls: 0.0009  loss_bbox: 0.0239  loss_centerness: 0.5493
2026/03/11 04:56:36 - mmengine - INFO - Epoch(train)  [93][ 650/1154]  base_lr: 1.2500e-05 lr: 1.2500e-05  eta: 0:12:29  time: 0.0813  data_time: 0.0021  memory: 708  grad_norm: 2.2694  loss: 0.5772  loss_cls: 0.0010  loss_bbox: 0.0236  loss_centerness: 0.5526
2026/03/11 04:56:40 - mmengine - INFO - Epoch(train)  [93][ 700/1154]  base_lr: 1.2500e-05 lr: 1.2500e-05  eta: 0:12:24  time: 0.0731  data_time: 0.0017  memory: 708  grad_norm: 2.4429  loss: 0.5728  loss_cls: 0.0007  loss_bbox: 0.0234  loss_centerness: 0.5487
2026/03/11 04:56:44 - mmengine - INFO - Epoch(train)  [93][ 750/1154]  base_lr: 1.2500e-05 lr: 1.2500e-05  eta: 0:12:20  time: 0.0713  data_time: 0.0016  memory: 708  grad_norm: 2.2792  loss: 0.5698  loss_cls: 0.0007  loss_bbox: 0.0240  loss_centerness: 0.5451
2026/03/11 04:56:47 - mmengine - INFO - Epoch(train)  [93][ 800/1154]  base_lr: 1.2500e-05 lr: 1.2500e-05  eta: 0:12:16  time: 0.0695  data_time: 0.0015  memory: 708  grad_norm: 2.2101  loss: 0.5733  loss_cls: 0.0005  loss_bbox: 0.0222  loss_centerness: 0.5506
2026/03/11 04:56:49 - mmengine - INFO - Exp name: fcos_minecraft_20260311_015948
2026/03/11 04:56:51 - mmengine - INFO - Epoch(train)  [93][ 850/1154]  base_lr: 1.2500e-05 lr: 1.2500e-05  eta: 0:12:11  time: 0.0736  data_time: 0.0015  memory: 708  grad_norm: 2.1977  loss: 0.5686  loss_cls: 0.0010  loss_bbox: 0.0252  loss_centerness: 0.5424
2026/03/11 04:56:55 - mmengine - INFO - Epoch(train)  [93][ 900/1154]  base_lr: 1.2500e-05 lr: 1.2500e-05  eta: 0:12:07  time: 0.0749  data_time: 0.0014  memory: 708  grad_norm: 2.1179  loss: 0.5720  loss_cls: 0.0006  loss_bbox: 0.0235  loss_centerness: 0.5479
2026/03/11 04:56:58 - mmengine - INFO - Epoch(train)  [93][ 950/1154]  base_lr: 1.2500e-05 lr: 1.2500e-05  eta: 0:12:02  time: 0.0771  data_time: 0.0015  memory: 708  grad_norm: 2.2820  loss: 0.5792  loss_cls: 0.0005  loss_bbox: 0.0255  loss_centerness: 0.5532
2026/03/11 04:57:02 - mmengine - INFO - Epoch(train)  [93][1000/1154]  base_lr: 1.2500e-05 lr: 1.2500e-05  eta: 0:11:58  time: 0.0734  data_time: 0.0020  memory: 708  grad_norm: 2.4050  loss: 0.5764  loss_cls: 0.0006  loss_bbox: 0.0243  loss_centerness: 0.5515
2026/03/11 04:57:06 - mmengine - INFO - Epoch(train)  [93][1050/1154]  base_lr: 1.2500e-05 lr: 1.2500e-05  eta: 0:11:54  time: 0.0734  data_time: 0.0019  memory: 708  grad_norm: 2.2780  loss: 0.5763  loss_cls: 0.0009  loss_bbox: 0.0236  loss_centerness: 0.5519
2026/03/11 04:57:09 - mmengine - INFO - Epoch(train)  [93][1100/1154]  base_lr: 1.2500e-05 lr: 1.2500e-05  eta: 0:11:49  time: 0.0728  data_time: 0.0019  memory: 708  grad_norm: 2.2308  loss: 0.5757  loss_cls: 0.0012  loss_bbox: 0.0245  loss_centerness: 0.5501
2026/03/11 04:57:13 - mmengine - INFO - Epoch(train)  [93][1150/1154]  base_lr: 1.2500e-05 lr: 1.2500e-05  eta: 0:11:45  time: 0.0732  data_time: 0.0015  memory: 708  grad_norm: 2.4532  loss: 0.5728  loss_cls: 0.0007  loss_bbox: 0.0240  loss_centerness: 0.5481
2026/03/11 04:57:13 - mmengine - INFO - Exp name: fcos_minecraft_20260311_015948
2026/03/11 04:57:13 - mmengine - INFO - Saving checkpoint at 93 epochs
2026/03/11 04:57:17 - mmengine - INFO - Epoch(val)  [93][ 50/422]    eta: 0:00:08  time: 0.0230  data_time: 0.0010  memory: 708  
2026/03/11 04:57:18 - mmengine - INFO - Epoch(val)  [93][100/422]    eta: 0:00:06  time: 0.0193  data_time: 0.0007  memory: 403  
2026/03/11 04:57:19 - mmengine - INFO - Epoch(val)  [93][150/422]    eta: 0:00:05  time: 0.0195  data_time: 0.0006  memory: 403  
2026/03/11 04:57:20 - mmengine - INFO - Epoch(val)  [93][200/422]    eta: 0:00:04  time: 0.0191  data_time: 0.0006  memory: 403  
2026/03/11 04:57:21 - mmengine - INFO - Epoch(val)  [93][250/422]    eta: 0:00:03  time: 0.0193  data_time: 0.0004  memory: 403  
2026/03/11 04:57:22 - mmengine - INFO - Epoch(val)  [93][300/422]    eta: 0:00:02  time: 0.0195  data_time: 0.0007  memory: 403  
2026/03/11 04:57:23 - mmengine - INFO - Epoch(val)  [93][350/422]    eta: 0:00:01  time: 0.0192  data_time: 0.0005  memory: 403  
2026/03/11 04:57:24 - mmengine - INFO - Epoch(val)  [93][400/422]    eta: 0:00:00  time: 0.0196  data_time: 0.0005  memory: 403  
2026/03/11 04:57:25 - mmengine - INFO - Evaluating bbox...
2026/03/11 04:57:25 - mmengine - INFO - bbox_mAP_copypaste: 0.298 0.477 0.345 0.017 0.138 0.453
2026/03/11 04:57:25 - mmengine - INFO - Epoch(val) [93][422/422]    coco/bbox_mAP: 0.2980  coco/bbox_mAP_50: 0.4770  coco/bbox_mAP_75: 0.3450  coco/bbox_mAP_s: 0.0170  coco/bbox_mAP_m: 0.1380  coco/bbox_mAP_l: 0.4530  data_time: 0.0006  time: 0.0198
2026/03/11 04:57:29 - mmengine - INFO - Epoch(train)  [94][  50/1154]  base_lr: 1.2500e-05 lr: 1.2500e-05  eta: 0:11:40  time: 0.0736  data_time: 0.0021  memory: 708  grad_norm: 2.1683  loss: 0.5711  loss_cls: 0.0009  loss_bbox: 0.0213  loss_centerness: 0.5490
2026/03/11 04:57:32 - mmengine - INFO - Epoch(train)  [94][ 100/1154]  base_lr: 1.2500e-05 lr: 1.2500e-05  eta: 0:11:36  time: 0.0740  data_time: 0.0017  memory: 708  grad_norm: 1.9710  loss: 0.5693  loss_cls: 0.0006  loss_bbox: 0.0219  loss_centerness: 0.5467
2026/03/11 04:57:36 - mmengine - INFO - Epoch(train)  [94][ 150/1154]  base_lr: 1.2500e-05 lr: 1.2500e-05  eta: 0:11:31  time: 0.0736  data_time: 0.0018  memory: 708  grad_norm: 2.1784  loss: 0.5734  loss_cls: 0.0010  loss_bbox: 0.0241  loss_centerness: 0.5482
2026/03/11 04:57:40 - mmengine - INFO - Epoch(train)  [94][ 200/1154]  base_lr: 1.2500e-05 lr: 1.2500e-05  eta: 0:11:27  time: 0.0736  data_time: 0.0019  memory: 708  grad_norm: 2.2337  loss: 0.5683  loss_cls: 0.0008  loss_bbox: 0.0215  loss_centerness: 0.5460
2026/03/11 04:57:43 - mmengine - INFO - Epoch(train)  [94][ 250/1154]  base_lr: 1.2500e-05 lr: 1.2500e-05  eta: 0:11:22  time: 0.0732  data_time: 0.0019  memory: 708  grad_norm: 2.0623  loss: 0.5706  loss_cls: 0.0006  loss_bbox: 0.0228  loss_centerness: 0.5471
2026/03/11 04:57:47 - mmengine - INFO - Epoch(train)  [94][ 300/1154]  base_lr: 1.2500e-05 lr: 1.2500e-05  eta: 0:11:18  time: 0.0732  data_time: 0.0017  memory: 708  grad_norm: 2.2306  loss: 0.5767  loss_cls: 0.0008  loss_bbox: 0.0237  loss_centerness: 0.5523
2026/03/11 04:57:51 - mmengine - INFO - Epoch(train)  [94][ 350/1154]  base_lr: 1.2500e-05 lr: 1.2500e-05  eta: 0:11:13  time: 0.0730  data_time: 0.0016  memory: 708  grad_norm: 2.4584  loss: 0.5699  loss_cls: 0.0010  loss_bbox: 0.0247  loss_centerness: 0.5442
2026/03/11 04:57:54 - mmengine - INFO - Epoch(train)  [94][ 400/1154]  base_lr: 1.2500e-05 lr: 1.2500e-05  eta: 0:11:09  time: 0.0733  data_time: 0.0017  memory: 708  grad_norm: 2.4609  loss: 0.5825  loss_cls: 0.0054  loss_bbox: 0.0241  loss_centerness: 0.5530
2026/03/11 04:57:58 - mmengine - INFO - Epoch(train)  [94][ 450/1154]  base_lr: 1.2500e-05 lr: 1.2500e-05  eta: 0:11:05  time: 0.0746  data_time: 0.0018  memory: 708  grad_norm: 2.4650  loss: 0.5783  loss_cls: 0.0006  loss_bbox: 0.0226  loss_centerness: 0.5552
2026/03/11 04:58:02 - mmengine - INFO - Epoch(train)  [94][ 500/1154]  base_lr: 1.2500e-05 lr: 1.2500e-05  eta: 0:11:00  time: 0.0761  data_time: 0.0019  memory: 708  grad_norm: 2.1293  loss: 0.5814  loss_cls: 0.0007  loss_bbox: 0.0235  loss_centerness: 0.5572
2026/03/11 04:58:06 - mmengine - INFO - Epoch(train)  [94][ 550/1154]  base_lr: 1.2500e-05 lr: 1.2500e-05  eta: 0:10:56  time: 0.0743  data_time: 0.0016  memory: 708  grad_norm: 2.2986  loss: 0.5727  loss_cls: 0.0009  loss_bbox: 0.0227  loss_centerness: 0.5492
2026/03/11 04:58:10 - mmengine - INFO - Epoch(train)  [94][ 600/1154]  base_lr: 1.2500e-05 lr: 1.2500e-05  eta: 0:10:51  time: 0.0751  data_time: 0.0018  memory: 708  grad_norm: 2.1977  loss: 0.5681  loss_cls: 0.0009  loss_bbox: 0.0216  loss_centerness: 0.5456
2026/03/11 04:58:13 - mmengine - INFO - Epoch(train)  [94][ 650/1154]  base_lr: 1.2500e-05 lr: 1.2500e-05  eta: 0:10:47  time: 0.0746  data_time: 0.0018  memory: 708  grad_norm: 2.0554  loss: 0.5735  loss_cls: 0.0013  loss_bbox: 0.0242  loss_centerness: 0.5480
2026/03/11 04:58:15 - mmengine - INFO - Exp name: fcos_minecraft_20260311_015948
2026/03/11 04:58:17 - mmengine - INFO - Epoch(train)  [94][ 700/1154]  base_lr: 1.2500e-05 lr: 1.2500e-05  eta: 0:10:43  time: 0.0746  data_time: 0.0017  memory: 708  grad_norm: 2.5344  loss: 0.5705  loss_cls: 0.0006  loss_bbox: 0.0236  loss_centerness: 0.5463
2026/03/11 04:58:21 - mmengine - INFO - Epoch(train)  [94][ 750/1154]  base_lr: 1.2500e-05 lr: 1.2500e-05  eta: 0:10:38  time: 0.0743  data_time: 0.0018  memory: 708  grad_norm: 2.0880  loss: 0.5714  loss_cls: 0.0007  loss_bbox: 0.0225  loss_centerness: 0.5482
2026/03/11 04:58:24 - mmengine - INFO - Epoch(train)  [94][ 800/1154]  base_lr: 1.2500e-05 lr: 1.2500e-05  eta: 0:10:34  time: 0.0745  data_time: 0.0018  memory: 708  grad_norm: 2.2236  loss: 0.5778  loss_cls: 0.0009  loss_bbox: 0.0258  loss_centerness: 0.5511
2026/03/11 04:58:28 - mmengine - INFO - Epoch(train)  [94][ 850/1154]  base_lr: 1.2500e-05 lr: 1.2500e-05  eta: 0:10:29  time: 0.0749  data_time: 0.0018  memory: 708  grad_norm: 2.2986  loss: 0.5740  loss_cls: 0.0008  loss_bbox: 0.0240  loss_centerness: 0.5491
2026/03/11 04:58:32 - mmengine - INFO - Epoch(train)  [94][ 900/1154]  base_lr: 1.2500e-05 lr: 1.2500e-05  eta: 0:10:25  time: 0.0748  data_time: 0.0018  memory: 708  grad_norm: 2.1143  loss: 0.5804  loss_cls: 0.0014  loss_bbox: 0.0235  loss_centerness: 0.5554
2026/03/11 04:58:36 - mmengine - INFO - Epoch(train)  [94][ 950/1154]  base_lr: 1.2500e-05 lr: 1.2500e-05  eta: 0:10:21  time: 0.0755  data_time: 0.0018  memory: 708  grad_norm: 2.0362  loss: 0.5727  loss_cls: 0.0009  loss_bbox: 0.0219  loss_centerness: 0.5499
2026/03/11 04:58:39 - mmengine - INFO - Epoch(train)  [94][1000/1154]  base_lr: 1.2500e-05 lr: 1.2500e-05  eta: 0:10:16  time: 0.0755  data_time: 0.0017  memory: 708  grad_norm: 2.1236  loss: 0.5767  loss_cls: 0.0006  loss_bbox: 0.0250  loss_centerness: 0.5511
2026/03/11 04:58:43 - mmengine - INFO - Epoch(train)  [94][1050/1154]  base_lr: 1.2500e-05 lr: 1.2500e-05  eta: 0:10:12  time: 0.0751  data_time: 0.0017  memory: 708  grad_norm: 2.2882  loss: 0.5687  loss_cls: 0.0007  loss_bbox: 0.0219  loss_centerness: 0.5462
2026/03/11 04:58:47 - mmengine - INFO - Epoch(train)  [94][1100/1154]  base_lr: 1.2500e-05 lr: 1.2500e-05  eta: 0:10:07  time: 0.0756  data_time: 0.0019  memory: 708  grad_norm: 2.3780  loss: 0.5781  loss_cls: 0.0009  loss_bbox: 0.0234  loss_centerness: 0.5539
2026/03/11 04:58:51 - mmengine - INFO - Epoch(train)  [94][1150/1154]  base_lr: 1.2500e-05 lr: 1.2500e-05  eta: 0:10:03  time: 0.0782  data_time: 0.0020  memory: 708  grad_norm: 2.1453  loss: 0.5728  loss_cls: 0.0005  loss_bbox: 0.0219  loss_centerness: 0.5504
2026/03/11 04:58:51 - mmengine - INFO - Exp name: fcos_minecraft_20260311_015948
2026/03/11 04:58:51 - mmengine - INFO - Saving checkpoint at 94 epochs
2026/03/11 04:58:54 - mmengine - INFO - Epoch(val)  [94][ 50/422]    eta: 0:00:08  time: 0.0224  data_time: 0.0009  memory: 708  
2026/03/11 04:58:55 - mmengine - INFO - Epoch(val)  [94][100/422]    eta: 0:00:06  time: 0.0207  data_time: 0.0009  memory: 403  
2026/03/11 04:58:56 - mmengine - INFO - Epoch(val)  [94][150/422]    eta: 0:00:05  time: 0.0206  data_time: 0.0009  memory: 403  
2026/03/11 04:58:57 - mmengine - INFO - Epoch(val)  [94][200/422]    eta: 0:00:04  time: 0.0204  data_time: 0.0005  memory: 403  
2026/03/11 04:58:58 - mmengine - INFO - Epoch(val)  [94][250/422]    eta: 0:00:03  time: 0.0204  data_time: 0.0007  memory: 403  
2026/03/11 04:58:59 - mmengine - INFO - Epoch(val)  [94][300/422]    eta: 0:00:02  time: 0.0207  data_time: 0.0007  memory: 403  
2026/03/11 04:59:00 - mmengine - INFO - Epoch(val)  [94][350/422]    eta: 0:00:01  time: 0.0215  data_time: 0.0009  memory: 403  
2026/03/11 04:59:01 - mmengine - INFO - Epoch(val)  [94][400/422]    eta: 0:00:00  time: 0.0219  data_time: 0.0008  memory: 403  
2026/03/11 04:59:02 - mmengine - INFO - Evaluating bbox...
2026/03/11 04:59:02 - mmengine - INFO - bbox_mAP_copypaste: 0.299 0.477 0.345 0.017 0.138 0.455
2026/03/11 04:59:02 - mmengine - INFO - Epoch(val) [94][422/422]    coco/bbox_mAP: 0.2990  coco/bbox_mAP_50: 0.4770  coco/bbox_mAP_75: 0.3450  coco/bbox_mAP_s: 0.0170  coco/bbox_mAP_m: 0.1380  coco/bbox_mAP_l: 0.4550  data_time: 0.0008  time: 0.0210
2026/03/11 04:59:06 - mmengine - INFO - Epoch(train)  [95][  50/1154]  base_lr: 1.2500e-05 lr: 1.2500e-05  eta: 0:09:58  time: 0.0782  data_time: 0.0028  memory: 708  grad_norm: 2.0779  loss: 0.5733  loss_cls: 0.0007  loss_bbox: 0.0217  loss_centerness: 0.5509
2026/03/11 04:59:10 - mmengine - INFO - Epoch(train)  [95][ 100/1154]  base_lr: 1.2500e-05 lr: 1.2500e-05  eta: 0:09:54  time: 0.0792  data_time: 0.0022  memory: 708  grad_norm: 2.1882  loss: 0.5721  loss_cls: 0.0008  loss_bbox: 0.0216  loss_centerness: 0.5497
2026/03/11 04:59:14 - mmengine - INFO - Epoch(train)  [95][ 150/1154]  base_lr: 1.2500e-05 lr: 1.2500e-05  eta: 0:09:50  time: 0.0746  data_time: 0.0013  memory: 708  grad_norm: 2.3183  loss: 0.5734  loss_cls: 0.0006  loss_bbox: 0.0232  loss_centerness: 0.5497
2026/03/11 04:59:18 - mmengine - INFO - Epoch(train)  [95][ 200/1154]  base_lr: 1.2500e-05 lr: 1.2500e-05  eta: 0:09:45  time: 0.0753  data_time: 0.0017  memory: 708  grad_norm: 2.5823  loss: 0.5867  loss_cls: 0.0012  loss_bbox: 0.0281  loss_centerness: 0.5574
2026/03/11 04:59:21 - mmengine - INFO - Epoch(train)  [95][ 250/1154]  base_lr: 1.2500e-05 lr: 1.2500e-05  eta: 0:09:41  time: 0.0750  data_time: 0.0023  memory: 708  grad_norm: 2.1490  loss: 0.5713  loss_cls: 0.0005  loss_bbox: 0.0233  loss_centerness: 0.5475
2026/03/11 04:59:25 - mmengine - INFO - Epoch(train)  [95][ 300/1154]  base_lr: 1.2500e-05 lr: 1.2500e-05  eta: 0:09:36  time: 0.0751  data_time: 0.0021  memory: 708  grad_norm: 2.2052  loss: 0.5791  loss_cls: 0.0007  loss_bbox: 0.0246  loss_centerness: 0.5538
2026/03/11 04:59:29 - mmengine - INFO - Epoch(train)  [95][ 350/1154]  base_lr: 1.2500e-05 lr: 1.2500e-05  eta: 0:09:32  time: 0.0728  data_time: 0.0018  memory: 708  grad_norm: 2.1399  loss: 0.5632  loss_cls: 0.0009  loss_bbox: 0.0250  loss_centerness: 0.5374
2026/03/11 04:59:32 - mmengine - INFO - Epoch(train)  [95][ 400/1154]  base_lr: 1.2500e-05 lr: 1.2500e-05  eta: 0:09:28  time: 0.0697  data_time: 0.0017  memory: 708  grad_norm: 2.1045  loss: 0.5717  loss_cls: 0.0007  loss_bbox: 0.0239  loss_centerness: 0.5470
2026/03/11 04:59:36 - mmengine - INFO - Epoch(train)  [95][ 450/1154]  base_lr: 1.2500e-05 lr: 1.2500e-05  eta: 0:09:23  time: 0.0730  data_time: 0.0018  memory: 708  grad_norm: 2.2118  loss: 0.5776  loss_cls: 0.0007  loss_bbox: 0.0233  loss_centerness: 0.5536
2026/03/11 04:59:40 - mmengine - INFO - Epoch(train)  [95][ 500/1154]  base_lr: 1.2500e-05 lr: 1.2500e-05  eta: 0:09:19  time: 0.0764  data_time: 0.0022  memory: 708  grad_norm: 2.3842  loss: 0.5620  loss_cls: 0.0005  loss_bbox: 0.0207  loss_centerness: 0.5407
2026/03/11 04:59:42 - mmengine - INFO - Exp name: fcos_minecraft_20260311_015948
2026/03/11 04:59:44 - mmengine - INFO - Epoch(train)  [95][ 550/1154]  base_lr: 1.2500e-05 lr: 1.2500e-05  eta: 0:09:14  time: 0.0753  data_time: 0.0020  memory: 708  grad_norm: 2.0064  loss: 0.5685  loss_cls: 0.0006  loss_bbox: 0.0207  loss_centerness: 0.5472
2026/03/11 04:59:47 - mmengine - INFO - Epoch(train)  [95][ 600/1154]  base_lr: 1.2500e-05 lr: 1.2500e-05  eta: 0:09:10  time: 0.0774  data_time: 0.0024  memory: 708  grad_norm: 2.0687  loss: 0.5747  loss_cls: 0.0012  loss_bbox: 0.0229  loss_centerness: 0.5506
2026/03/11 04:59:51 - mmengine - INFO - Epoch(train)  [95][ 650/1154]  base_lr: 1.2500e-05 lr: 1.2500e-05  eta: 0:09:06  time: 0.0795  data_time: 0.0023  memory: 708  grad_norm: 2.2397  loss: 0.5707  loss_cls: 0.0007  loss_bbox: 0.0229  loss_centerness: 0.5471
2026/03/11 04:59:55 - mmengine - INFO - Epoch(train)  [95][ 700/1154]  base_lr: 1.2500e-05 lr: 1.2500e-05  eta: 0:09:01  time: 0.0784  data_time: 0.0022  memory: 708  grad_norm: 2.5324  loss: 0.5735  loss_cls: 0.0016  loss_bbox: 0.0241  loss_centerness: 0.5478
2026/03/11 04:59:59 - mmengine - INFO - Epoch(train)  [95][ 750/1154]  base_lr: 1.2500e-05 lr: 1.2500e-05  eta: 0:08:57  time: 0.0761  data_time: 0.0020  memory: 708  grad_norm: 2.2790  loss: 0.5707  loss_cls: 0.0012  loss_bbox: 0.0280  loss_centerness: 0.5415
2026/03/11 05:00:03 - mmengine - INFO - Epoch(train)  [95][ 800/1154]  base_lr: 1.2500e-05 lr: 1.2500e-05  eta: 0:08:52  time: 0.0751  data_time: 0.0017  memory: 708  grad_norm: 2.4811  loss: 0.5765  loss_cls: 0.0014  loss_bbox: 0.0264  loss_centerness: 0.5487
2026/03/11 05:00:07 - mmengine - INFO - Epoch(train)  [95][ 850/1154]  base_lr: 1.2500e-05 lr: 1.2500e-05  eta: 0:08:48  time: 0.0749  data_time: 0.0016  memory: 708  grad_norm: 2.1207  loss: 0.5766  loss_cls: 0.0006  loss_bbox: 0.0194  loss_centerness: 0.5565
2026/03/11 05:00:11 - mmengine - INFO - Epoch(train)  [95][ 900/1154]  base_lr: 1.2500e-05 lr: 1.2500e-05  eta: 0:08:44  time: 0.0753  data_time: 0.0024  memory: 708  grad_norm: 2.2081  loss: 0.5739  loss_cls: 0.0004  loss_bbox: 0.0220  loss_centerness: 0.5514
2026/03/11 05:00:14 - mmengine - INFO - Epoch(train)  [95][ 950/1154]  base_lr: 1.2500e-05 lr: 1.2500e-05  eta: 0:08:39  time: 0.0753  data_time: 0.0023  memory: 708  grad_norm: 2.5182  loss: 0.5741  loss_cls: 0.0010  loss_bbox: 0.0216  loss_centerness: 0.5515
2026/03/11 05:00:18 - mmengine - INFO - Epoch(train)  [95][1000/1154]  base_lr: 1.2500e-05 lr: 1.2500e-05  eta: 0:08:35  time: 0.0748  data_time: 0.0018  memory: 708  grad_norm: 2.1038  loss: 0.5651  loss_cls: 0.0005  loss_bbox: 0.0208  loss_centerness: 0.5438
2026/03/11 05:00:22 - mmengine - INFO - Epoch(train)  [95][1050/1154]  base_lr: 1.2500e-05 lr: 1.2500e-05  eta: 0:08:31  time: 0.0741  data_time: 0.0015  memory: 708  grad_norm: 2.2464  loss: 0.5759  loss_cls: 0.0006  loss_bbox: 0.0238  loss_centerness: 0.5515
2026/03/11 05:00:25 - mmengine - INFO - Epoch(train)  [95][1100/1154]  base_lr: 1.2500e-05 lr: 1.2500e-05  eta: 0:08:26  time: 0.0744  data_time: 0.0014  memory: 708  grad_norm: 2.0662  loss: 0.5782  loss_cls: 0.0009  loss_bbox: 0.0225  loss_centerness: 0.5547
2026/03/11 05:00:29 - mmengine - INFO - Epoch(train)  [95][1150/1154]  base_lr: 1.2500e-05 lr: 1.2500e-05  eta: 0:08:22  time: 0.0737  data_time: 0.0016  memory: 708  grad_norm: 2.3251  loss: 0.5758  loss_cls: 0.0008  loss_bbox: 0.0244  loss_centerness: 0.5506
2026/03/11 05:00:29 - mmengine - INFO - Exp name: fcos_minecraft_20260311_015948
2026/03/11 05:00:29 - mmengine - INFO - Saving checkpoint at 95 epochs
2026/03/11 05:00:36 - mmengine - INFO - Epoch(val)  [95][ 50/422]    eta: 0:00:07  time: 0.0205  data_time: 0.0008  memory: 708  
2026/03/11 05:00:37 - mmengine - INFO - Epoch(val)  [95][100/422]    eta: 0:00:06  time: 0.0201  data_time: 0.0006  memory: 403  
2026/03/11 05:00:39 - mmengine - INFO - Epoch(val)  [95][150/422]    eta: 0:00:05  time: 0.0205  data_time: 0.0006  memory: 403  
2026/03/11 05:00:40 - mmengine - INFO - Epoch(val)  [95][200/422]    eta: 0:00:04  time: 0.0200  data_time: 0.0008  memory: 403  
2026/03/11 05:00:41 - mmengine - INFO - Epoch(val)  [95][250/422]    eta: 0:00:03  time: 0.0204  data_time: 0.0006  memory: 403  
2026/03/11 05:00:42 - mmengine - INFO - Epoch(val)  [95][300/422]    eta: 0:00:02  time: 0.0202  data_time: 0.0007  memory: 403  
2026/03/11 05:00:43 - mmengine - INFO - Epoch(val)  [95][350/422]    eta: 0:00:01  time: 0.0203  data_time: 0.0008  memory: 403  
2026/03/11 05:00:44 - mmengine - INFO - Epoch(val)  [95][400/422]    eta: 0:00:00  time: 0.0201  data_time: 0.0003  memory: 403  
2026/03/11 05:00:44 - mmengine - INFO - Evaluating bbox...
2026/03/11 05:00:45 - mmengine - INFO - bbox_mAP_copypaste: 0.299 0.477 0.345 0.017 0.138 0.454
2026/03/11 05:00:45 - mmengine - INFO - Epoch(val) [95][422/422]    coco/bbox_mAP: 0.2990  coco/bbox_mAP_50: 0.4770  coco/bbox_mAP_75: 0.3450  coco/bbox_mAP_s: 0.0170  coco/bbox_mAP_m: 0.1380  coco/bbox_mAP_l: 0.4540  data_time: 0.0007  time: 0.0203
2026/03/11 05:00:48 - mmengine - INFO - Epoch(train)  [96][  50/1154]  base_lr: 1.2500e-05 lr: 1.2500e-05  eta: 0:08:17  time: 0.0764  data_time: 0.0021  memory: 708  grad_norm: 2.2534  loss: 0.5746  loss_cls: 0.0004  loss_bbox: 0.0224  loss_centerness: 0.5518
2026/03/11 05:00:52 - mmengine - INFO - Epoch(train)  [96][ 100/1154]  base_lr: 1.2500e-05 lr: 1.2500e-05  eta: 0:08:13  time: 0.0763  data_time: 0.0024  memory: 708  grad_norm: 2.4023  loss: 0.5758  loss_cls: 0.0010  loss_bbox: 0.0236  loss_centerness: 0.5512
2026/03/11 05:00:56 - mmengine - INFO - Epoch(train)  [96][ 150/1154]  base_lr: 1.2500e-05 lr: 1.2500e-05  eta: 0:08:08  time: 0.0762  data_time: 0.0022  memory: 708  grad_norm: 2.2175  loss: 0.5697  loss_cls: 0.0004  loss_bbox: 0.0209  loss_centerness: 0.5484
2026/03/11 05:01:00 - mmengine - INFO - Epoch(train)  [96][ 200/1154]  base_lr: 1.2500e-05 lr: 1.2500e-05  eta: 0:08:04  time: 0.0774  data_time: 0.0019  memory: 708  grad_norm: 2.1032  loss: 0.5698  loss_cls: 0.0006  loss_bbox: 0.0210  loss_centerness: 0.5481
2026/03/11 05:01:04 - mmengine - INFO - Epoch(train)  [96][ 250/1154]  base_lr: 1.2500e-05 lr: 1.2500e-05  eta: 0:08:00  time: 0.0773  data_time: 0.0020  memory: 708  grad_norm: 2.1510  loss: 0.5769  loss_cls: 0.0013  loss_bbox: 0.0229  loss_centerness: 0.5526
2026/03/11 05:01:08 - mmengine - INFO - Epoch(train)  [96][ 300/1154]  base_lr: 1.2500e-05 lr: 1.2500e-05  eta: 0:07:55  time: 0.0769  data_time: 0.0022  memory: 708  grad_norm: 2.1234  loss: 0.5707  loss_cls: 0.0010  loss_bbox: 0.0242  loss_centerness: 0.5455
2026/03/11 05:01:11 - mmengine - INFO - Epoch(train)  [96][ 350/1154]  base_lr: 1.2500e-05 lr: 1.2500e-05  eta: 0:07:51  time: 0.0765  data_time: 0.0020  memory: 708  grad_norm: 2.3114  loss: 0.5766  loss_cls: 0.0013  loss_bbox: 0.0261  loss_centerness: 0.5493
2026/03/11 05:01:13 - mmengine - INFO - Exp name: fcos_minecraft_20260311_015948
2026/03/11 05:01:15 - mmengine - INFO - Epoch(train)  [96][ 400/1154]  base_lr: 1.2500e-05 lr: 1.2500e-05  eta: 0:07:46  time: 0.0770  data_time: 0.0019  memory: 708  grad_norm: 2.2783  loss: 0.5751  loss_cls: 0.0008  loss_bbox: 0.0240  loss_centerness: 0.5502
2026/03/11 05:01:19 - mmengine - INFO - Epoch(train)  [96][ 450/1154]  base_lr: 1.2500e-05 lr: 1.2500e-05  eta: 0:07:42  time: 0.0761  data_time: 0.0019  memory: 708  grad_norm: 2.1929  loss: 0.5762  loss_cls: 0.0011  loss_bbox: 0.0243  loss_centerness: 0.5509
2026/03/11 05:01:23 - mmengine - INFO - Epoch(train)  [96][ 500/1154]  base_lr: 1.2500e-05 lr: 1.2500e-05  eta: 0:07:38  time: 0.0773  data_time: 0.0020  memory: 708  grad_norm: 2.1020  loss: 0.5695  loss_cls: 0.0007  loss_bbox: 0.0238  loss_centerness: 0.5450
2026/03/11 05:01:27 - mmengine - INFO - Epoch(train)  [96][ 550/1154]  base_lr: 1.2500e-05 lr: 1.2500e-05  eta: 0:07:33  time: 0.0768  data_time: 0.0021  memory: 708  grad_norm: 2.3151  loss: 0.5790  loss_cls: 0.0009  loss_bbox: 0.0252  loss_centerness: 0.5528
2026/03/11 05:01:31 - mmengine - INFO - Epoch(train)  [96][ 600/1154]  base_lr: 1.2500e-05 lr: 1.2500e-05  eta: 0:07:29  time: 0.0794  data_time: 0.0021  memory: 708  grad_norm: 2.2236  loss: 0.5647  loss_cls: 0.0006  loss_bbox: 0.0248  loss_centerness: 0.5393
2026/03/11 05:01:35 - mmengine - INFO - Epoch(train)  [96][ 650/1154]  base_lr: 1.2500e-05 lr: 1.2500e-05  eta: 0:07:25  time: 0.0786  data_time: 0.0018  memory: 708  grad_norm: 2.3156  loss: 0.5747  loss_cls: 0.0006  loss_bbox: 0.0236  loss_centerness: 0.5505
2026/03/11 05:01:39 - mmengine - INFO - Epoch(train)  [96][ 700/1154]  base_lr: 1.2500e-05 lr: 1.2500e-05  eta: 0:07:20  time: 0.0790  data_time: 0.0020  memory: 708  grad_norm: 2.2199  loss: 0.5752  loss_cls: 0.0016  loss_bbox: 0.0243  loss_centerness: 0.5493
2026/03/11 05:01:43 - mmengine - INFO - Epoch(train)  [96][ 750/1154]  base_lr: 1.2500e-05 lr: 1.2500e-05  eta: 0:07:16  time: 0.0786  data_time: 0.0020  memory: 708  grad_norm: 2.3033  loss: 0.5677  loss_cls: 0.0004  loss_bbox: 0.0219  loss_centerness: 0.5453
2026/03/11 05:01:47 - mmengine - INFO - Epoch(train)  [96][ 800/1154]  base_lr: 1.2500e-05 lr: 1.2500e-05  eta: 0:07:12  time: 0.0842  data_time: 0.0024  memory: 708  grad_norm: 2.1789  loss: 0.5729  loss_cls: 0.0006  loss_bbox: 0.0228  loss_centerness: 0.5495
2026/03/11 05:01:51 - mmengine - INFO - Epoch(train)  [96][ 850/1154]  base_lr: 1.2500e-05 lr: 1.2500e-05  eta: 0:07:07  time: 0.0834  data_time: 0.0027  memory: 708  grad_norm: 2.2057  loss: 0.5762  loss_cls: 0.0009  loss_bbox: 0.0225  loss_centerness: 0.5528
2026/03/11 05:01:55 - mmengine - INFO - Epoch(train)  [96][ 900/1154]  base_lr: 1.2500e-05 lr: 1.2500e-05  eta: 0:07:03  time: 0.0822  data_time: 0.0028  memory: 708  grad_norm: 2.1897  loss: 0.5774  loss_cls: 0.0006  loss_bbox: 0.0226  loss_centerness: 0.5542
2026/03/11 05:01:59 - mmengine - INFO - Epoch(train)  [96][ 950/1154]  base_lr: 1.2500e-05 lr: 1.2500e-05  eta: 0:06:58  time: 0.0843  data_time: 0.0025  memory: 708  grad_norm: 2.1989  loss: 0.5703  loss_cls: 0.0007  loss_bbox: 0.0235  loss_centerness: 0.5461
2026/03/11 05:02:03 - mmengine - INFO - Epoch(train)  [96][1000/1154]  base_lr: 1.2500e-05 lr: 1.2500e-05  eta: 0:06:54  time: 0.0822  data_time: 0.0028  memory: 708  grad_norm: 2.3431  loss: 0.5782  loss_cls: 0.0007  loss_bbox: 0.0251  loss_centerness: 0.5523
2026/03/11 05:02:07 - mmengine - INFO - Epoch(train)  [96][1050/1154]  base_lr: 1.2500e-05 lr: 1.2500e-05  eta: 0:06:50  time: 0.0733  data_time: 0.0020  memory: 708  grad_norm: 2.0992  loss: 0.5700  loss_cls: 0.0008  loss_bbox: 0.0227  loss_centerness: 0.5465
2026/03/11 05:02:11 - mmengine - INFO - Epoch(train)  [96][1100/1154]  base_lr: 1.2500e-05 lr: 1.2500e-05  eta: 0:06:45  time: 0.0735  data_time: 0.0018  memory: 708  grad_norm: 2.2422  loss: 0.5759  loss_cls: 0.0006  loss_bbox: 0.0229  loss_centerness: 0.5523
2026/03/11 05:02:14 - mmengine - INFO - Epoch(train)  [96][1150/1154]  base_lr: 1.2500e-05 lr: 1.2500e-05  eta: 0:06:41  time: 0.0722  data_time: 0.0018  memory: 708  grad_norm: 2.1830  loss: 0.5740  loss_cls: 0.0007  loss_bbox: 0.0238  loss_centerness: 0.5495
2026/03/11 05:02:15 - mmengine - INFO - Exp name: fcos_minecraft_20260311_015948
2026/03/11 05:02:15 - mmengine - INFO - Saving checkpoint at 96 epochs
2026/03/11 05:02:21 - mmengine - INFO - Epoch(val)  [96][ 50/422]    eta: 0:00:08  time: 0.0234  data_time: 0.0009  memory: 708  
2026/03/11 05:02:22 - mmengine - INFO - Epoch(val)  [96][100/422]    eta: 0:00:06  time: 0.0182  data_time: 0.0006  memory: 403  
2026/03/11 05:02:23 - mmengine - INFO - Epoch(val)  [96][150/422]    eta: 0:00:05  time: 0.0183  data_time: 0.0007  memory: 403  
2026/03/11 05:02:24 - mmengine - INFO - Epoch(val)  [96][200/422]    eta: 0:00:04  time: 0.0179  data_time: 0.0006  memory: 403  
2026/03/11 05:02:25 - mmengine - INFO - Epoch(val)  [96][250/422]    eta: 0:00:03  time: 0.0177  data_time: 0.0007  memory: 403  
2026/03/11 05:02:25 - mmengine - INFO - Epoch(val)  [96][300/422]    eta: 0:00:02  time: 0.0180  data_time: 0.0004  memory: 403  
2026/03/11 05:02:26 - mmengine - INFO - Epoch(val)  [96][350/422]    eta: 0:00:01  time: 0.0185  data_time: 0.0006  memory: 403  
2026/03/11 05:02:27 - mmengine - INFO - Epoch(val)  [96][400/422]    eta: 0:00:00  time: 0.0199  data_time: 0.0006  memory: 403  
2026/03/11 05:02:28 - mmengine - INFO - Evaluating bbox...
2026/03/11 05:02:28 - mmengine - INFO - bbox_mAP_copypaste: 0.299 0.476 0.345 0.017 0.138 0.454
2026/03/11 05:02:28 - mmengine - INFO - Epoch(val) [96][422/422]    coco/bbox_mAP: 0.2990  coco/bbox_mAP_50: 0.4760  coco/bbox_mAP_75: 0.3450  coco/bbox_mAP_s: 0.0170  coco/bbox_mAP_m: 0.1380  coco/bbox_mAP_l: 0.4540  data_time: 0.0007  time: 0.0191
2026/03/11 05:02:32 - mmengine - INFO - Epoch(train)  [97][  50/1154]  base_lr: 1.2500e-05 lr: 1.2500e-05  eta: 0:06:36  time: 0.0790  data_time: 0.0021  memory: 708  grad_norm: 2.0382  loss: 0.5734  loss_cls: 0.0007  loss_bbox: 0.0229  loss_centerness: 0.5498
2026/03/11 05:02:36 - mmengine - INFO - Epoch(train)  [97][ 100/1154]  base_lr: 1.2500e-05 lr: 1.2500e-05  eta: 0:06:32  time: 0.0790  data_time: 0.0018  memory: 708  grad_norm: 2.2747  loss: 0.5688  loss_cls: 0.0011  loss_bbox: 0.0220  loss_centerness: 0.5457
2026/03/11 05:02:40 - mmengine - INFO - Epoch(train)  [97][ 150/1154]  base_lr: 1.2500e-05 lr: 1.2500e-05  eta: 0:06:28  time: 0.0790  data_time: 0.0019  memory: 708  grad_norm: 2.2049  loss: 0.5753  loss_cls: 0.0005  loss_bbox: 0.0233  loss_centerness: 0.5516
2026/03/11 05:02:44 - mmengine - INFO - Epoch(train)  [97][ 200/1154]  base_lr: 1.2500e-05 lr: 1.2500e-05  eta: 0:06:23  time: 0.0788  data_time: 0.0021  memory: 708  grad_norm: 2.2866  loss: 0.5724  loss_cls: 0.0009  loss_bbox: 0.0236  loss_centerness: 0.5479
2026/03/11 05:02:45 - mmengine - INFO - Exp name: fcos_minecraft_20260311_015948
2026/03/11 05:02:48 - mmengine - INFO - Epoch(train)  [97][ 250/1154]  base_lr: 1.2500e-05 lr: 1.2500e-05  eta: 0:06:19  time: 0.0796  data_time: 0.0019  memory: 708  grad_norm: 2.3915  loss: 0.5680  loss_cls: 0.0006  loss_bbox: 0.0216  loss_centerness: 0.5458
2026/03/11 05:02:52 - mmengine - INFO - Epoch(train)  [97][ 300/1154]  base_lr: 1.2500e-05 lr: 1.2500e-05  eta: 0:06:14  time: 0.0795  data_time: 0.0021  memory: 708  grad_norm: 2.2962  loss: 0.5795  loss_cls: 0.0009  loss_bbox: 0.0238  loss_centerness: 0.5548
2026/03/11 05:02:56 - mmengine - INFO - Epoch(train)  [97][ 350/1154]  base_lr: 1.2500e-05 lr: 1.2500e-05  eta: 0:06:10  time: 0.0792  data_time: 0.0024  memory: 708  grad_norm: 2.1664  loss: 0.5784  loss_cls: 0.0009  loss_bbox: 0.0240  loss_centerness: 0.5534
2026/03/11 05:03:00 - mmengine - INFO - Epoch(train)  [97][ 400/1154]  base_lr: 1.2500e-05 lr: 1.2500e-05  eta: 0:06:06  time: 0.0794  data_time: 0.0020  memory: 708  grad_norm: 2.2198  loss: 0.5719  loss_cls: 0.0007  loss_bbox: 0.0230  loss_centerness: 0.5482
2026/03/11 05:03:04 - mmengine - INFO - Epoch(train)  [97][ 450/1154]  base_lr: 1.2500e-05 lr: 1.2500e-05  eta: 0:06:01  time: 0.0781  data_time: 0.0019  memory: 708  grad_norm: 2.2004  loss: 0.5724  loss_cls: 0.0009  loss_bbox: 0.0248  loss_centerness: 0.5467
2026/03/11 05:03:08 - mmengine - INFO - Epoch(train)  [97][ 500/1154]  base_lr: 1.2500e-05 lr: 1.2500e-05  eta: 0:05:57  time: 0.0745  data_time: 0.0021  memory: 708  grad_norm: 2.0884  loss: 0.5651  loss_cls: 0.0006  loss_bbox: 0.0209  loss_centerness: 0.5435
2026/03/11 05:03:11 - mmengine - INFO - Epoch(train)  [97][ 550/1154]  base_lr: 1.2500e-05 lr: 1.2500e-05  eta: 0:05:53  time: 0.0739  data_time: 0.0018  memory: 708  grad_norm: 2.1112  loss: 0.5731  loss_cls: 0.0004  loss_bbox: 0.0205  loss_centerness: 0.5522
2026/03/11 05:03:15 - mmengine - INFO - Epoch(train)  [97][ 600/1154]  base_lr: 1.2500e-05 lr: 1.2500e-05  eta: 0:05:48  time: 0.0737  data_time: 0.0019  memory: 708  grad_norm: 2.2165  loss: 0.5798  loss_cls: 0.0011  loss_bbox: 0.0240  loss_centerness: 0.5548
2026/03/11 05:03:19 - mmengine - INFO - Epoch(train)  [97][ 650/1154]  base_lr: 1.2500e-05 lr: 1.2500e-05  eta: 0:05:44  time: 0.0747  data_time: 0.0015  memory: 708  grad_norm: 2.1551  loss: 0.5768  loss_cls: 0.0007  loss_bbox: 0.0225  loss_centerness: 0.5535
2026/03/11 05:03:23 - mmengine - INFO - Epoch(train)  [97][ 700/1154]  base_lr: 1.2500e-05 lr: 1.2500e-05  eta: 0:05:40  time: 0.0748  data_time: 0.0018  memory: 708  grad_norm: 2.1856  loss: 0.5665  loss_cls: 0.0007  loss_bbox: 0.0221  loss_centerness: 0.5438
2026/03/11 05:03:26 - mmengine - INFO - Epoch(train)  [97][ 750/1154]  base_lr: 1.2500e-05 lr: 1.2500e-05  eta: 0:05:35  time: 0.0745  data_time: 0.0018  memory: 708  grad_norm: 2.1476  loss: 0.5760  loss_cls: 0.0015  loss_bbox: 0.0258  loss_centerness: 0.5487
2026/03/11 05:03:30 - mmengine - INFO - Epoch(train)  [97][ 800/1154]  base_lr: 1.2500e-05 lr: 1.2500e-05  eta: 0:05:31  time: 0.0751  data_time: 0.0018  memory: 708  grad_norm: 2.1554  loss: 0.5725  loss_cls: 0.0006  loss_bbox: 0.0249  loss_centerness: 0.5470
2026/03/11 05:03:34 - mmengine - INFO - Epoch(train)  [97][ 850/1154]  base_lr: 1.2500e-05 lr: 1.2500e-05  eta: 0:05:26  time: 0.0766  data_time: 0.0019  memory: 708  grad_norm: 2.0864  loss: 0.5728  loss_cls: 0.0005  loss_bbox: 0.0229  loss_centerness: 0.5495
2026/03/11 05:03:38 - mmengine - INFO - Epoch(train)  [97][ 900/1154]  base_lr: 1.2500e-05 lr: 1.2500e-05  eta: 0:05:22  time: 0.0756  data_time: 0.0018  memory: 708  grad_norm: 2.4092  loss: 0.5754  loss_cls: 0.0011  loss_bbox: 0.0259  loss_centerness: 0.5485
2026/03/11 05:03:41 - mmengine - INFO - Epoch(train)  [97][ 950/1154]  base_lr: 1.2500e-05 lr: 1.2500e-05  eta: 0:05:18  time: 0.0749  data_time: 0.0017  memory: 708  grad_norm: 2.1879  loss: 0.5764  loss_cls: 0.0010  loss_bbox: 0.0229  loss_centerness: 0.5525
2026/03/11 05:03:45 - mmengine - INFO - Epoch(train)  [97][1000/1154]  base_lr: 1.2500e-05 lr: 1.2500e-05  eta: 0:05:13  time: 0.0744  data_time: 0.0017  memory: 708  grad_norm: 2.0284  loss: 0.5694  loss_cls: 0.0007  loss_bbox: 0.0203  loss_centerness: 0.5484
2026/03/11 05:03:49 - mmengine - INFO - Epoch(train)  [97][1050/1154]  base_lr: 1.2500e-05 lr: 1.2500e-05  eta: 0:05:09  time: 0.0759  data_time: 0.0016  memory: 708  grad_norm: 2.2848  loss: 0.5804  loss_cls: 0.0012  loss_bbox: 0.0238  loss_centerness: 0.5554
2026/03/11 05:03:53 - mmengine - INFO - Epoch(train)  [97][1100/1154]  base_lr: 1.2500e-05 lr: 1.2500e-05  eta: 0:05:05  time: 0.0720  data_time: 0.0014  memory: 708  grad_norm: 2.1424  loss: 0.5781  loss_cls: 0.0007  loss_bbox: 0.0236  loss_centerness: 0.5538
2026/03/11 05:03:56 - mmengine - INFO - Epoch(train)  [97][1150/1154]  base_lr: 1.2500e-05 lr: 1.2500e-05  eta: 0:05:00  time: 0.0748  data_time: 0.0021  memory: 708  grad_norm: 2.1536  loss: 0.5711  loss_cls: 0.0005  loss_bbox: 0.0218  loss_centerness: 0.5488
2026/03/11 05:03:57 - mmengine - INFO - Exp name: fcos_minecraft_20260311_015948
2026/03/11 05:03:57 - mmengine - INFO - Saving checkpoint at 97 epochs
2026/03/11 05:04:02 - mmengine - INFO - Epoch(val)  [97][ 50/422]    eta: 0:00:09  time: 0.0248  data_time: 0.0010  memory: 708  
2026/03/11 05:04:03 - mmengine - INFO - Epoch(val)  [97][100/422]    eta: 0:00:06  time: 0.0176  data_time: 0.0006  memory: 403  
2026/03/11 05:04:04 - mmengine - INFO - Epoch(val)  [97][150/422]    eta: 0:00:05  time: 0.0172  data_time: 0.0006  memory: 403  
2026/03/11 05:04:05 - mmengine - INFO - Epoch(val)  [97][200/422]    eta: 0:00:04  time: 0.0191  data_time: 0.0007  memory: 403  
2026/03/11 05:04:06 - mmengine - INFO - Epoch(val)  [97][250/422]    eta: 0:00:03  time: 0.0184  data_time: 0.0007  memory: 403  
2026/03/11 05:04:07 - mmengine - INFO - Epoch(val)  [97][300/422]    eta: 0:00:02  time: 0.0187  data_time: 0.0008  memory: 403  
2026/03/11 05:04:08 - mmengine - INFO - Epoch(val)  [97][350/422]    eta: 0:00:01  time: 0.0187  data_time: 0.0007  memory: 403  
2026/03/11 05:04:09 - mmengine - INFO - Epoch(val)  [97][400/422]    eta: 0:00:00  time: 0.0192  data_time: 0.0005  memory: 403  
2026/03/11 05:04:09 - mmengine - INFO - Evaluating bbox...
2026/03/11 05:04:10 - mmengine - INFO - bbox_mAP_copypaste: 0.299 0.476 0.345 0.017 0.138 0.453
2026/03/11 05:04:10 - mmengine - INFO - Epoch(val) [97][422/422]    coco/bbox_mAP: 0.2990  coco/bbox_mAP_50: 0.4760  coco/bbox_mAP_75: 0.3450  coco/bbox_mAP_s: 0.0170  coco/bbox_mAP_m: 0.1380  coco/bbox_mAP_l: 0.4530  data_time: 0.0007  time: 0.0192
2026/03/11 05:04:13 - mmengine - INFO - Epoch(train)  [98][  50/1154]  base_lr: 1.2500e-05 lr: 1.2500e-05  eta: 0:04:56  time: 0.0724  data_time: 0.0028  memory: 708  grad_norm: 2.3274  loss: 0.5727  loss_cls: 0.0010  loss_bbox: 0.0247  loss_centerness: 0.5469
2026/03/11 05:04:14 - mmengine - INFO - Exp name: fcos_minecraft_20260311_015948
2026/03/11 05:04:16 - mmengine - INFO - Epoch(train)  [98][ 100/1154]  base_lr: 1.2500e-05 lr: 1.2500e-05  eta: 0:04:51  time: 0.0661  data_time: 0.0018  memory: 708  grad_norm: 2.2743  loss: 0.5681  loss_cls: 0.0006  loss_bbox: 0.0238  loss_centerness: 0.5437
2026/03/11 05:04:20 - mmengine - INFO - Epoch(train)  [98][ 150/1154]  base_lr: 1.2500e-05 lr: 1.2500e-05  eta: 0:04:47  time: 0.0662  data_time: 0.0014  memory: 708  grad_norm: 2.0930  loss: 0.5828  loss_cls: 0.0006  loss_bbox: 0.0260  loss_centerness: 0.5562
2026/03/11 05:04:23 - mmengine - INFO - Epoch(train)  [98][ 200/1154]  base_lr: 1.2500e-05 lr: 1.2500e-05  eta: 0:04:43  time: 0.0683  data_time: 0.0022  memory: 708  grad_norm: 2.2089  loss: 0.5738  loss_cls: 0.0005  loss_bbox: 0.0220  loss_centerness: 0.5513
2026/03/11 05:04:27 - mmengine - INFO - Epoch(train)  [98][ 250/1154]  base_lr: 1.2500e-05 lr: 1.2500e-05  eta: 0:04:38  time: 0.0705  data_time: 0.0014  memory: 708  grad_norm: 2.0978  loss: 0.5702  loss_cls: 0.0009  loss_bbox: 0.0236  loss_centerness: 0.5457
2026/03/11 05:04:30 - mmengine - INFO - Epoch(train)  [98][ 300/1154]  base_lr: 1.2500e-05 lr: 1.2500e-05  eta: 0:04:34  time: 0.0660  data_time: 0.0015  memory: 708  grad_norm: 2.0414  loss: 0.5733  loss_cls: 0.0007  loss_bbox: 0.0230  loss_centerness: 0.5497
2026/03/11 05:04:34 - mmengine - INFO - Epoch(train)  [98][ 350/1154]  base_lr: 1.2500e-05 lr: 1.2500e-05  eta: 0:04:29  time: 0.0699  data_time: 0.0016  memory: 708  grad_norm: 2.3427  loss: 0.5706  loss_cls: 0.0008  loss_bbox: 0.0244  loss_centerness: 0.5453
2026/03/11 05:04:37 - mmengine - INFO - Epoch(train)  [98][ 400/1154]  base_lr: 1.2500e-05 lr: 1.2500e-05  eta: 0:04:25  time: 0.0711  data_time: 0.0018  memory: 708  grad_norm: 1.9630  loss: 0.5633  loss_cls: 0.0005  loss_bbox: 0.0203  loss_centerness: 0.5425
2026/03/11 05:04:40 - mmengine - INFO - Epoch(train)  [98][ 450/1154]  base_lr: 1.2500e-05 lr: 1.2500e-05  eta: 0:04:21  time: 0.0670  data_time: 0.0017  memory: 708  grad_norm: 2.2165  loss: 0.5717  loss_cls: 0.0006  loss_bbox: 0.0208  loss_centerness: 0.5503
2026/03/11 05:04:44 - mmengine - INFO - Epoch(train)  [98][ 500/1154]  base_lr: 1.2500e-05 lr: 1.2500e-05  eta: 0:04:16  time: 0.0678  data_time: 0.0015  memory: 708  grad_norm: 2.2347  loss: 0.5697  loss_cls: 0.0006  loss_bbox: 0.0223  loss_centerness: 0.5467
2026/03/11 05:04:48 - mmengine - INFO - Epoch(train)  [98][ 550/1154]  base_lr: 1.2500e-05 lr: 1.2500e-05  eta: 0:04:12  time: 0.0726  data_time: 0.0017  memory: 708  grad_norm: 2.2280  loss: 0.5725  loss_cls: 0.0008  loss_bbox: 0.0219  loss_centerness: 0.5498
2026/03/11 05:04:51 - mmengine - INFO - Epoch(train)  [98][ 600/1154]  base_lr: 1.2500e-05 lr: 1.2500e-05  eta: 0:04:08  time: 0.0733  data_time: 0.0021  memory: 708  grad_norm: 2.3909  loss: 0.5721  loss_cls: 0.0009  loss_bbox: 0.0249  loss_centerness: 0.5463
2026/03/11 05:04:55 - mmengine - INFO - Epoch(train)  [98][ 650/1154]  base_lr: 1.2500e-05 lr: 1.2500e-05  eta: 0:04:03  time: 0.0720  data_time: 0.0018  memory: 708  grad_norm: 2.1431  loss: 0.5844  loss_cls: 0.0018  loss_bbox: 0.0250  loss_centerness: 0.5576
2026/03/11 05:04:58 - mmengine - INFO - Epoch(train)  [98][ 700/1154]  base_lr: 1.2500e-05 lr: 1.2500e-05  eta: 0:03:59  time: 0.0716  data_time: 0.0020  memory: 708  grad_norm: 2.4159  loss: 0.5713  loss_cls: 0.0008  loss_bbox: 0.0222  loss_centerness: 0.5483
2026/03/11 05:05:02 - mmengine - INFO - Epoch(train)  [98][ 750/1154]  base_lr: 1.2500e-05 lr: 1.2500e-05  eta: 0:03:55  time: 0.0735  data_time: 0.0021  memory: 708  grad_norm: 2.1048  loss: 0.5762  loss_cls: 0.0006  loss_bbox: 0.0235  loss_centerness: 0.5521
2026/03/11 05:05:06 - mmengine - INFO - Epoch(train)  [98][ 800/1154]  base_lr: 1.2500e-05 lr: 1.2500e-05  eta: 0:03:50  time: 0.0700  data_time: 0.0018  memory: 708  grad_norm: 2.1632  loss: 0.5660  loss_cls: 0.0010  loss_bbox: 0.0226  loss_centerness: 0.5425
2026/03/11 05:05:09 - mmengine - INFO - Epoch(train)  [98][ 850/1154]  base_lr: 1.2500e-05 lr: 1.2500e-05  eta: 0:03:46  time: 0.0669  data_time: 0.0018  memory: 708  grad_norm: 2.1475  loss: 0.5848  loss_cls: 0.0011  loss_bbox: 0.0242  loss_centerness: 0.5595
2026/03/11 05:05:12 - mmengine - INFO - Epoch(train)  [98][ 900/1154]  base_lr: 1.2500e-05 lr: 1.2500e-05  eta: 0:03:42  time: 0.0684  data_time: 0.0018  memory: 708  grad_norm: 2.1518  loss: 0.5739  loss_cls: 0.0011  loss_bbox: 0.0234  loss_centerness: 0.5494
2026/03/11 05:05:16 - mmengine - INFO - Epoch(train)  [98][ 950/1154]  base_lr: 1.2500e-05 lr: 1.2500e-05  eta: 0:03:37  time: 0.0634  data_time: 0.0019  memory: 708  grad_norm: 2.1909  loss: 0.5775  loss_cls: 0.0006  loss_bbox: 0.0224  loss_centerness: 0.5546
2026/03/11 05:05:19 - mmengine - INFO - Epoch(train)  [98][1000/1154]  base_lr: 1.2500e-05 lr: 1.2500e-05  eta: 0:03:33  time: 0.0672  data_time: 0.0016  memory: 708  grad_norm: 2.1890  loss: 0.5763  loss_cls: 0.0039  loss_bbox: 0.0232  loss_centerness: 0.5492
2026/03/11 05:05:22 - mmengine - INFO - Epoch(train)  [98][1050/1154]  base_lr: 1.2500e-05 lr: 1.2500e-05  eta: 0:03:28  time: 0.0660  data_time: 0.0015  memory: 708  grad_norm: 2.3865  loss: 0.5682  loss_cls: 0.0006  loss_bbox: 0.0240  loss_centerness: 0.5436
2026/03/11 05:05:23 - mmengine - INFO - Exp name: fcos_minecraft_20260311_015948
2026/03/11 05:05:26 - mmengine - INFO - Epoch(train)  [98][1100/1154]  base_lr: 1.2500e-05 lr: 1.2500e-05  eta: 0:03:24  time: 0.0700  data_time: 0.0019  memory: 708  grad_norm: 2.3918  loss: 0.5693  loss_cls: 0.0008  loss_bbox: 0.0238  loss_centerness: 0.5447
2026/03/11 05:05:29 - mmengine - INFO - Epoch(train)  [98][1150/1154]  base_lr: 1.2500e-05 lr: 1.2500e-05  eta: 0:03:20  time: 0.0689  data_time: 0.0018  memory: 708  grad_norm: 2.2113  loss: 0.5740  loss_cls: 0.0005  loss_bbox: 0.0238  loss_centerness: 0.5497
2026/03/11 05:05:29 - mmengine - INFO - Exp name: fcos_minecraft_20260311_015948
2026/03/11 05:05:29 - mmengine - INFO - Saving checkpoint at 98 epochs
2026/03/11 05:05:35 - mmengine - INFO - Epoch(val)  [98][ 50/422]    eta: 0:00:08  time: 0.0217  data_time: 0.0010  memory: 708  
2026/03/11 05:05:36 - mmengine - INFO - Epoch(val)  [98][100/422]    eta: 0:00:06  time: 0.0175  data_time: 0.0007  memory: 403  
2026/03/11 05:05:37 - mmengine - INFO - Epoch(val)  [98][150/422]    eta: 0:00:05  time: 0.0178  data_time: 0.0007  memory: 403  
2026/03/11 05:05:38 - mmengine - INFO - Epoch(val)  [98][200/422]    eta: 0:00:04  time: 0.0179  data_time: 0.0007  memory: 403  
2026/03/11 05:05:39 - mmengine - INFO - Epoch(val)  [98][250/422]    eta: 0:00:03  time: 0.0175  data_time: 0.0005  memory: 403  
2026/03/11 05:05:40 - mmengine - INFO - Epoch(val)  [98][300/422]    eta: 0:00:02  time: 0.0184  data_time: 0.0006  memory: 403  
2026/03/11 05:05:41 - mmengine - INFO - Epoch(val)  [98][350/422]    eta: 0:00:01  time: 0.0192  data_time: 0.0008  memory: 403  
2026/03/11 05:05:42 - mmengine - INFO - Epoch(val)  [98][400/422]    eta: 0:00:00  time: 0.0175  data_time: 0.0003  memory: 403  
2026/03/11 05:05:42 - mmengine - INFO - Evaluating bbox...
2026/03/11 05:05:42 - mmengine - INFO - bbox_mAP_copypaste: 0.300 0.476 0.345 0.017 0.145 0.454
2026/03/11 05:05:42 - mmengine - INFO - Epoch(val) [98][422/422]    coco/bbox_mAP: 0.3000  coco/bbox_mAP_50: 0.4760  coco/bbox_mAP_75: 0.3450  coco/bbox_mAP_s: 0.0170  coco/bbox_mAP_m: 0.1450  coco/bbox_mAP_l: 0.4540  data_time: 0.0007  time: 0.0184
2026/03/11 05:05:46 - mmengine - INFO - Epoch(train)  [99][  50/1154]  base_lr: 1.2500e-05 lr: 1.2500e-05  eta: 0:03:15  time: 0.0628  data_time: 0.0016  memory: 708  grad_norm: 2.1286  loss: 0.5716  loss_cls: 0.0007  loss_bbox: 0.0227  loss_centerness: 0.5483
2026/03/11 05:05:49 - mmengine - INFO - Epoch(train)  [99][ 100/1154]  base_lr: 1.2500e-05 lr: 1.2500e-05  eta: 0:03:11  time: 0.0627  data_time: 0.0011  memory: 708  grad_norm: 2.1821  loss: 0.5682  loss_cls: 0.0007  loss_bbox: 0.0219  loss_centerness: 0.5456
2026/03/11 05:05:52 - mmengine - INFO - Epoch(train)  [99][ 150/1154]  base_lr: 1.2500e-05 lr: 1.2500e-05  eta: 0:03:06  time: 0.0711  data_time: 0.0018  memory: 708  grad_norm: 1.9911  loss: 0.5724  loss_cls: 0.0008  loss_bbox: 0.0218  loss_centerness: 0.5498
2026/03/11 05:05:56 - mmengine - INFO - Epoch(train)  [99][ 200/1154]  base_lr: 1.2500e-05 lr: 1.2500e-05  eta: 0:03:02  time: 0.0736  data_time: 0.0018  memory: 708  grad_norm: 2.2644  loss: 0.5750  loss_cls: 0.0005  loss_bbox: 0.0217  loss_centerness: 0.5529
2026/03/11 05:06:00 - mmengine - INFO - Epoch(train)  [99][ 250/1154]  base_lr: 1.2500e-05 lr: 1.2500e-05  eta: 0:02:58  time: 0.0787  data_time: 0.0024  memory: 708  grad_norm: 2.3953  loss: 0.5630  loss_cls: 0.0012  loss_bbox: 0.0228  loss_centerness: 0.5390
2026/03/11 05:06:04 - mmengine - INFO - Epoch(train)  [99][ 300/1154]  base_lr: 1.2500e-05 lr: 1.2500e-05  eta: 0:02:53  time: 0.0743  data_time: 0.0019  memory: 708  grad_norm: 2.1835  loss: 0.5710  loss_cls: 0.0007  loss_bbox: 0.0226  loss_centerness: 0.5477
2026/03/11 05:06:07 - mmengine - INFO - Epoch(train)  [99][ 350/1154]  base_lr: 1.2500e-05 lr: 1.2500e-05  eta: 0:02:49  time: 0.0739  data_time: 0.0018  memory: 708  grad_norm: 2.2451  loss: 0.5746  loss_cls: 0.0008  loss_bbox: 0.0243  loss_centerness: 0.5495
2026/03/11 05:06:11 - mmengine - INFO - Epoch(train)  [99][ 400/1154]  base_lr: 1.2500e-05 lr: 1.2500e-05  eta: 0:02:45  time: 0.0726  data_time: 0.0021  memory: 708  grad_norm: 2.0924  loss: 0.5739  loss_cls: 0.0010  loss_bbox: 0.0249  loss_centerness: 0.5480
2026/03/11 05:06:15 - mmengine - INFO - Epoch(train)  [99][ 450/1154]  base_lr: 1.2500e-05 lr: 1.2500e-05  eta: 0:02:40  time: 0.0727  data_time: 0.0016  memory: 708  grad_norm: 2.1034  loss: 0.5699  loss_cls: 0.0006  loss_bbox: 0.0209  loss_centerness: 0.5484
2026/03/11 05:06:18 - mmengine - INFO - Epoch(train)  [99][ 500/1154]  base_lr: 1.2500e-05 lr: 1.2500e-05  eta: 0:02:36  time: 0.0727  data_time: 0.0022  memory: 708  grad_norm: 2.3941  loss: 0.5738  loss_cls: 0.0007  loss_bbox: 0.0233  loss_centerness: 0.5498
2026/03/11 05:06:22 - mmengine - INFO - Epoch(train)  [99][ 550/1154]  base_lr: 1.2500e-05 lr: 1.2500e-05  eta: 0:02:32  time: 0.0729  data_time: 0.0015  memory: 708  grad_norm: 2.1334  loss: 0.5689  loss_cls: 0.0006  loss_bbox: 0.0212  loss_centerness: 0.5471
2026/03/11 05:06:26 - mmengine - INFO - Epoch(train)  [99][ 600/1154]  base_lr: 1.2500e-05 lr: 1.2500e-05  eta: 0:02:27  time: 0.0733  data_time: 0.0018  memory: 708  grad_norm: 2.0619  loss: 0.5780  loss_cls: 0.0009  loss_bbox: 0.0257  loss_centerness: 0.5515
2026/03/11 05:06:29 - mmengine - INFO - Epoch(train)  [99][ 650/1154]  base_lr: 1.2500e-05 lr: 1.2500e-05  eta: 0:02:23  time: 0.0735  data_time: 0.0017  memory: 708  grad_norm: 2.0804  loss: 0.5775  loss_cls: 0.0004  loss_bbox: 0.0206  loss_centerness: 0.5566
2026/03/11 05:06:33 - mmengine - INFO - Epoch(train)  [99][ 700/1154]  base_lr: 1.2500e-05 lr: 1.2500e-05  eta: 0:02:19  time: 0.0753  data_time: 0.0019  memory: 708  grad_norm: 2.0927  loss: 0.5694  loss_cls: 0.0010  loss_bbox: 0.0250  loss_centerness: 0.5435
2026/03/11 05:06:36 - mmengine - INFO - Epoch(train)  [99][ 750/1154]  base_lr: 1.2500e-05 lr: 1.2500e-05  eta: 0:02:14  time: 0.0687  data_time: 0.0018  memory: 708  grad_norm: 2.4096  loss: 0.5763  loss_cls: 0.0008  loss_bbox: 0.0244  loss_centerness: 0.5512
2026/03/11 05:06:40 - mmengine - INFO - Epoch(train)  [99][ 800/1154]  base_lr: 1.2500e-05 lr: 1.2500e-05  eta: 0:02:10  time: 0.0626  data_time: 0.0016  memory: 708  grad_norm: 2.0876  loss: 0.5747  loss_cls: 0.0006  loss_bbox: 0.0215  loss_centerness: 0.5526
2026/03/11 05:06:43 - mmengine - INFO - Epoch(train)  [99][ 850/1154]  base_lr: 1.2500e-05 lr: 1.2500e-05  eta: 0:02:06  time: 0.0649  data_time: 0.0016  memory: 708  grad_norm: 2.2545  loss: 0.5757  loss_cls: 0.0013  loss_bbox: 0.0232  loss_centerness: 0.5512
2026/03/11 05:06:46 - mmengine - INFO - Epoch(train)  [99][ 900/1154]  base_lr: 1.2500e-05 lr: 1.2500e-05  eta: 0:02:01  time: 0.0628  data_time: 0.0009  memory: 708  grad_norm: 2.2984  loss: 0.5762  loss_cls: 0.0006  loss_bbox: 0.0224  loss_centerness: 0.5532
2026/03/11 05:06:47 - mmengine - INFO - Exp name: fcos_minecraft_20260311_015948
2026/03/11 05:06:49 - mmengine - INFO - Epoch(train)  [99][ 950/1154]  base_lr: 1.2500e-05 lr: 1.2500e-05  eta: 0:01:57  time: 0.0629  data_time: 0.0012  memory: 708  grad_norm: 2.0836  loss: 0.5751  loss_cls: 0.0010  loss_bbox: 0.0222  loss_centerness: 0.5519
2026/03/11 05:06:52 - mmengine - INFO - Epoch(train)  [99][1000/1154]  base_lr: 1.2500e-05 lr: 1.2500e-05  eta: 0:01:53  time: 0.0641  data_time: 0.0018  memory: 708  grad_norm: 2.5233  loss: 0.5719  loss_cls: 0.0016  loss_bbox: 0.0249  loss_centerness: 0.5454
2026/03/11 05:06:56 - mmengine - INFO - Epoch(train)  [99][1050/1154]  base_lr: 1.2500e-05 lr: 1.2500e-05  eta: 0:01:48  time: 0.0653  data_time: 0.0016  memory: 708  grad_norm: 2.2963  loss: 0.5702  loss_cls: 0.0006  loss_bbox: 0.0218  loss_centerness: 0.5479
2026/03/11 05:06:59 - mmengine - INFO - Epoch(train)  [99][1100/1154]  base_lr: 1.2500e-05 lr: 1.2500e-05  eta: 0:01:44  time: 0.0635  data_time: 0.0013  memory: 708  grad_norm: 2.1885  loss: 0.5817  loss_cls: 0.0012  loss_bbox: 0.0255  loss_centerness: 0.5550
2026/03/11 05:07:02 - mmengine - INFO - Epoch(train)  [99][1150/1154]  base_lr: 1.2500e-05 lr: 1.2500e-05  eta: 0:01:40  time: 0.0726  data_time: 0.0019  memory: 708  grad_norm: 1.9929  loss: 0.5798  loss_cls: 0.0006  loss_bbox: 0.0258  loss_centerness: 0.5534
2026/03/11 05:07:03 - mmengine - INFO - Exp name: fcos_minecraft_20260311_015948
2026/03/11 05:07:03 - mmengine - INFO - Saving checkpoint at 99 epochs
2026/03/11 05:07:05 - mmengine - INFO - Epoch(val)  [99][ 50/422]    eta: 0:00:07  time: 0.0200  data_time: 0.0010  memory: 708  
2026/03/11 05:07:06 - mmengine - INFO - Epoch(val)  [99][100/422]    eta: 0:00:06  time: 0.0191  data_time: 0.0007  memory: 403  
2026/03/11 05:07:07 - mmengine - INFO - Epoch(val)  [99][150/422]    eta: 0:00:05  time: 0.0189  data_time: 0.0007  memory: 403  
2026/03/11 05:07:08 - mmengine - INFO - Epoch(val)  [99][200/422]    eta: 0:00:04  time: 0.0194  data_time: 0.0007  memory: 403  
2026/03/11 05:07:09 - mmengine - INFO - Epoch(val)  [99][250/422]    eta: 0:00:03  time: 0.0194  data_time: 0.0007  memory: 403  
2026/03/11 05:07:10 - mmengine - INFO - Epoch(val)  [99][300/422]    eta: 0:00:02  time: 0.0200  data_time: 0.0009  memory: 403  
2026/03/11 05:07:11 - mmengine - INFO - Epoch(val)  [99][350/422]    eta: 0:00:01  time: 0.0191  data_time: 0.0007  memory: 403  
2026/03/11 05:07:12 - mmengine - INFO - Epoch(val)  [99][400/422]    eta: 0:00:00  time: 0.0199  data_time: 0.0008  memory: 403  
2026/03/11 05:07:13 - mmengine - INFO - Evaluating bbox...
2026/03/11 05:07:13 - mmengine - INFO - bbox_mAP_copypaste: 0.298 0.476 0.344 0.017 0.134 0.453
2026/03/11 05:07:13 - mmengine - INFO - Epoch(val) [99][422/422]    coco/bbox_mAP: 0.2980  coco/bbox_mAP_50: 0.4760  coco/bbox_mAP_75: 0.3440  coco/bbox_mAP_s: 0.0170  coco/bbox_mAP_m: 0.1340  coco/bbox_mAP_l: 0.4530  data_time: 0.0008  time: 0.0195
2026/03/11 05:07:17 - mmengine - INFO - Epoch(train) [100][  50/1154]  base_lr: 1.2500e-05 lr: 1.2500e-05  eta: 0:01:35  time: 0.0717  data_time: 0.0017  memory: 708  grad_norm: 2.1850  loss: 0.5705  loss_cls: 0.0006  loss_bbox: 0.0205  loss_centerness: 0.5494
2026/03/11 05:07:21 - mmengine - INFO - Epoch(train) [100][ 100/1154]  base_lr: 1.2500e-05 lr: 1.2500e-05  eta: 0:01:31  time: 0.0760  data_time: 0.0023  memory: 708  grad_norm: 2.3590  loss: 0.5745  loss_cls: 0.0006  loss_bbox: 0.0212  loss_centerness: 0.5527
2026/03/11 05:07:24 - mmengine - INFO - Epoch(train) [100][ 150/1154]  base_lr: 1.2500e-05 lr: 1.2500e-05  eta: 0:01:26  time: 0.0742  data_time: 0.0020  memory: 708  grad_norm: 2.1012  loss: 0.5710  loss_cls: 0.0007  loss_bbox: 0.0207  loss_centerness: 0.5497
2026/03/11 05:07:28 - mmengine - INFO - Epoch(train) [100][ 200/1154]  base_lr: 1.2500e-05 lr: 1.2500e-05  eta: 0:01:22  time: 0.0745  data_time: 0.0018  memory: 708  grad_norm: 1.8924  loss: 0.5768  loss_cls: 0.0007  loss_bbox: 0.0209  loss_centerness: 0.5552
2026/03/11 05:07:32 - mmengine - INFO - Epoch(train) [100][ 250/1154]  base_lr: 1.2500e-05 lr: 1.2500e-05  eta: 0:01:18  time: 0.0777  data_time: 0.0020  memory: 708  grad_norm: 2.2105  loss: 0.5722  loss_cls: 0.0006  loss_bbox: 0.0225  loss_centerness: 0.5491
2026/03/11 05:07:36 - mmengine - INFO - Epoch(train) [100][ 300/1154]  base_lr: 1.2500e-05 lr: 1.2500e-05  eta: 0:01:13  time: 0.0730  data_time: 0.0017  memory: 708  grad_norm: 2.0959  loss: 0.5712  loss_cls: 0.0006  loss_bbox: 0.0223  loss_centerness: 0.5483
2026/03/11 05:07:39 - mmengine - INFO - Epoch(train) [100][ 350/1154]  base_lr: 1.2500e-05 lr: 1.2500e-05  eta: 0:01:09  time: 0.0730  data_time: 0.0018  memory: 708  grad_norm: 2.1105  loss: 0.5742  loss_cls: 0.0007  loss_bbox: 0.0229  loss_centerness: 0.5506
2026/03/11 05:07:43 - mmengine - INFO - Epoch(train) [100][ 400/1154]  base_lr: 1.2500e-05 lr: 1.2500e-05  eta: 0:01:05  time: 0.0728  data_time: 0.0020  memory: 708  grad_norm: 2.0743  loss: 0.5686  loss_cls: 0.0007  loss_bbox: 0.0233  loss_centerness: 0.5447
2026/03/11 05:07:46 - mmengine - INFO - Epoch(train) [100][ 450/1154]  base_lr: 1.2500e-05 lr: 1.2500e-05  eta: 0:01:00  time: 0.0721  data_time: 0.0021  memory: 708  grad_norm: 2.2122  loss: 0.5740  loss_cls: 0.0026  loss_bbox: 0.0214  loss_centerness: 0.5500
2026/03/11 05:07:50 - mmengine - INFO - Epoch(train) [100][ 500/1154]  base_lr: 1.2500e-05 lr: 1.2500e-05  eta: 0:00:56  time: 0.0724  data_time: 0.0017  memory: 708  grad_norm: 2.2094  loss: 0.5752  loss_cls: 0.0006  loss_bbox: 0.0237  loss_centerness: 0.5510
2026/03/11 05:07:54 - mmengine - INFO - Epoch(train) [100][ 550/1154]  base_lr: 1.2500e-05 lr: 1.2500e-05  eta: 0:00:52  time: 0.0728  data_time: 0.0018  memory: 708  grad_norm: 2.1434  loss: 0.5772  loss_cls: 0.0007  loss_bbox: 0.0231  loss_centerness: 0.5534
2026/03/11 05:07:57 - mmengine - INFO - Epoch(train) [100][ 600/1154]  base_lr: 1.2500e-05 lr: 1.2500e-05  eta: 0:00:47  time: 0.0731  data_time: 0.0018  memory: 708  grad_norm: 2.2001  loss: 0.5758  loss_cls: 0.0008  loss_bbox: 0.0254  loss_centerness: 0.5496
2026/03/11 05:08:01 - mmengine - INFO - Epoch(train) [100][ 650/1154]  base_lr: 1.2500e-05 lr: 1.2500e-05  eta: 0:00:43  time: 0.0735  data_time: 0.0021  memory: 708  grad_norm: 2.2764  loss: 0.5719  loss_cls: 0.0008  loss_bbox: 0.0233  loss_centerness: 0.5478
2026/03/11 05:08:05 - mmengine - INFO - Epoch(train) [100][ 700/1154]  base_lr: 1.2500e-05 lr: 1.2500e-05  eta: 0:00:39  time: 0.0740  data_time: 0.0020  memory: 708  grad_norm: 2.2381  loss: 0.5748  loss_cls: 0.0010  loss_bbox: 0.0258  loss_centerness: 0.5480
2026/03/11 05:08:08 - mmengine - INFO - Epoch(train) [100][ 750/1154]  base_lr: 1.2500e-05 lr: 1.2500e-05  eta: 0:00:34  time: 0.0736  data_time: 0.0019  memory: 708  grad_norm: 2.1809  loss: 0.5744  loss_cls: 0.0011  loss_bbox: 0.0228  loss_centerness: 0.5505
2026/03/11 05:08:09 - mmengine - INFO - Exp name: fcos_minecraft_20260311_015948
2026/03/11 05:08:12 - mmengine - INFO - Epoch(train) [100][ 800/1154]  base_lr: 1.2500e-05 lr: 1.2500e-05  eta: 0:00:30  time: 0.0727  data_time: 0.0015  memory: 708  grad_norm: 2.0552  loss: 0.5689  loss_cls: 0.0007  loss_bbox: 0.0218  loss_centerness: 0.5463
2026/03/11 05:08:16 - mmengine - INFO - Epoch(train) [100][ 850/1154]  base_lr: 1.2500e-05 lr: 1.2500e-05  eta: 0:00:26  time: 0.0725  data_time: 0.0022  memory: 708  grad_norm: 2.2191  loss: 0.5791  loss_cls: 0.0009  loss_bbox: 0.0284  loss_centerness: 0.5499
2026/03/11 05:08:19 - mmengine - INFO - Epoch(train) [100][ 900/1154]  base_lr: 1.2500e-05 lr: 1.2500e-05  eta: 0:00:21  time: 0.0709  data_time: 0.0017  memory: 708  grad_norm: 2.4825  loss: 0.5755  loss_cls: 0.0005  loss_bbox: 0.0225  loss_centerness: 0.5525
2026/03/11 05:08:23 - mmengine - INFO - Epoch(train) [100][ 950/1154]  base_lr: 1.2500e-05 lr: 1.2500e-05  eta: 0:00:17  time: 0.0730  data_time: 0.0019  memory: 708  grad_norm: 2.0651  loss: 0.5731  loss_cls: 0.0009  loss_bbox: 0.0233  loss_centerness: 0.5489
2026/03/11 05:08:27 - mmengine - INFO - Epoch(train) [100][1000/1154]  base_lr: 1.2500e-05 lr: 1.2500e-05  eta: 0:00:13  time: 0.0732  data_time: 0.0018  memory: 708  grad_norm: 2.2447  loss: 0.5725  loss_cls: 0.0013  loss_bbox: 0.0269  loss_centerness: 0.5443
2026/03/11 05:08:30 - mmengine - INFO - Epoch(train) [100][1050/1154]  base_lr: 1.2500e-05 lr: 1.2500e-05  eta: 0:00:08  time: 0.0728  data_time: 0.0021  memory: 708  grad_norm: 2.1093  loss: 0.5781  loss_cls: 0.0010  loss_bbox: 0.0216  loss_centerness: 0.5555
2026/03/11 05:08:34 - mmengine - INFO - Epoch(train) [100][1100/1154]  base_lr: 1.2500e-05 lr: 1.2500e-05  eta: 0:00:04  time: 0.0738  data_time: 0.0018  memory: 708  grad_norm: 2.3090  loss: 0.5771  loss_cls: 0.0013  loss_bbox: 0.0248  loss_centerness: 0.5510
2026/03/11 05:08:37 - mmengine - INFO - Epoch(train) [100][1150/1154]  base_lr: 1.2500e-05 lr: 1.2500e-05  eta: 0:00:00  time: 0.0654  data_time: 0.0014  memory: 708  grad_norm: 2.3839  loss: 0.5718  loss_cls: 0.0007  loss_bbox: 0.0207  loss_centerness: 0.5504
2026/03/11 05:08:37 - mmengine - INFO - Exp name: fcos_minecraft_20260311_015948
2026/03/11 05:08:37 - mmengine - INFO - Saving checkpoint at 100 epochs
2026/03/11 05:08:43 - mmengine - INFO - Epoch(val) [100][ 50/422]    eta: 0:00:08  time: 0.0217  data_time: 0.0007  memory: 708  
2026/03/11 05:08:44 - mmengine - INFO - Epoch(val) [100][100/422]    eta: 0:00:06  time: 0.0178  data_time: 0.0005  memory: 403  
2026/03/11 05:08:45 - mmengine - INFO - Epoch(val) [100][150/422]    eta: 0:00:05  time: 0.0176  data_time: 0.0005  memory: 403  
2026/03/11 05:08:46 - mmengine - INFO - Epoch(val) [100][200/422]    eta: 0:00:04  time: 0.0172  data_time: 0.0005  memory: 403  
2026/03/11 05:08:46 - mmengine - INFO - Epoch(val) [100][250/422]    eta: 0:00:03  time: 0.0174  data_time: 0.0005  memory: 403  
2026/03/11 05:08:47 - mmengine - INFO - Epoch(val) [100][300/422]    eta: 0:00:02  time: 0.0180  data_time: 0.0005  memory: 403  
2026/03/11 05:08:48 - mmengine - INFO - Epoch(val) [100][350/422]    eta: 0:00:01  time: 0.0172  data_time: 0.0007  memory: 403  
2026/03/11 05:08:49 - mmengine - INFO - Epoch(val) [100][400/422]    eta: 0:00:00  time: 0.0177  data_time: 0.0007  memory: 403  
2026/03/11 05:08:50 - mmengine - INFO - Evaluating bbox...
2026/03/11 05:08:50 - mmengine - INFO - bbox_mAP_copypaste: 0.297 0.476 0.345 0.017 0.142 0.451
2026/03/11 05:08:50 - mmengine - INFO - Epoch(val) [100][422/422]    coco/bbox_mAP: 0.2970  coco/bbox_mAP_50: 0.4760  coco/bbox_mAP_75: 0.3450  coco/bbox_mAP_s: 0.0170  coco/bbox_mAP_m: 0.1420  coco/bbox_mAP_l: 0.4510  data_time: 0.0006  time: 0.0182
